date,data_source,cpi,Alimentos y Bebidas No Alcohólicas,Bebidas Alcohólicas y Tabaco,Bienes y Servicios Diversos,"Muebles, Bienes y Servicios Domésticos"
2024-07-29,2024_07.csv,100.0,100.0,100.0,100.0,100.0
2024-07-30,2024_07.csv,100.15383941887241,100.19635471905038,100.11744072931887,100.07573909951462,100.06686972070511
2024-07-31,2024_07.csv,100.15383941887241,100.19635471905038,100.11744072931887,100.07573909951462,100.06686972070511
2024-08-01,2024_08.csv,100.15061612642603,100.12781008218919,100.40930299872099,100.3115013021915,100.01489310543914
2024-08-02,2024_08.csv,100.54542104525714,100.20523010238209,100.43993822634427,101.68757869130091,100.65645748723276
2024-08-03,2024_08.csv,100.60865897638001,100.2414579201734,100.44623831761676,101.82165694244149,100.76018136402776
2024-08-04,2024_08.csv,100.6413323929307,100.3258359439327,100.44623831761676,101.68208674128422,100.78135235445929
2024-08-05,2024_08.csv,100.6413323929307,100.3258359439327,100.44623831761676,101.68208674128422,100.78135235445929
2024-08-06,2024_08.csv,100.64225861059091,100.32725881415199,100.44623831761676,101.68208674128422,100.78135235445929
2024-08-07,2024_08.csv,101.06104586936172,100.85615894631539,101.05134687817863,101.93576871341452,100.88812116167693
2024-08-08,2024_08.csv,101.06104586936172,100.85615894631539,101.05134687817863,101.93576871341452,100.88812116167693
2024-08-09,2024_08.csv,101.27872516907875,101.12176362467113,101.35814022399899,102.09400213766718,100.95342139120017
2024-08-10,2024_08.csv,101.65915810117485,101.49084658575444,101.3695775603749,102.31815042424924,101.63184698998538
2024-08-11,2024_08.csv,101.86594351489671,101.79978753516204,101.3695775603749,102.32575317349364,101.66124284535604
2024-08-12,2024_08.csv,102.23086800320203,101.81376689096757,101.42170439270488,103.87979647518162,102.15675782406655
2024-08-13,2024_08.csv,102.20113616502947,101.80443345328693,101.31538831410371,103.75563311019145,102.16458707828528
2024-08-14,2024_08.csv,102.20113616502947,101.80443345328693,101.31538831410371,103.75563311019145,102.16458707828528
2024-08-15,2024_08.csv,102.23876829826119,101.88321159411306,101.31538831410371,103.77080848509077,102.05242543473226
2024-08-16,2024_08.csv,102.63109433112857,102.48222998681982,101.27449915981714,103.78288710343115,102.05971891613915
2024-08-17,2024_08.csv,102.70623996016705,102.59776786510086,101.27449915981714,103.80525600447635,102.03150569409205
2024-08-18,2024_08.csv,102.77143085132283,102.66034048353664,101.27993351718123,103.89565398433422,102.08569702765553
2024-08-19,2024_08.csv,102.9961931249835,102.77512219228065,101.28550258894582,104.72114721536852,102.08569702765553
2024-08-20,2024_08.csv,102.9961931249835,102.77512219228065,101.28550258894582,104.72114721536852,102.08569702765553
2024-08-21,2024_08.csv,103.1519846156455,102.98756245913509,101.37385770795233,104.76618738521901,102.13665308993194
2024-08-22,2024_08.csv,103.37462177269461,103.24776848995363,102.03977940030235,104.96632245278754,102.15586700032198
2024-08-23,2024_08.csv,103.39613370724524,103.26812562860918,102.13305434754665,105.00120310167244,102.15553083166978
2024-08-24,2024_08.csv,103.50906190241156,103.38376252437287,102.17581724274736,105.17139532054311,102.19544992269746
2024-08-25,2024_08.csv,103.54112726132779,103.40675165907491,102.2249964508205,105.18665475570668,102.28630264416472
2024-08-26,2024_08.csv,103.52020532732936,103.40890033558085,102.28549446460056,105.0567705077498,102.28622367005006
2024-08-27,2024_08.csv,103.52020532732936,103.40890033558085,102.28549446460056,105.0567705077498,102.28622367005006
2024-08-28,2024_08.csv,103.52858572332705,103.43028963819091,102.30715936555758,105.01056865014897,102.30256206561587
2024-08-29,2024_08.csv,103.62517198626088,103.47774818797706,102.30715936555758,105.08690080907401,102.65692963026419
2024-08-30,2024_08.csv,103.72683943232221,103.62483751859091,102.49863781389492,105.08690080907401,102.66968907299803
2024-08-31,2024_08.csv,103.99691226627522,103.80698991540172,102.49863781389492,105.59617790246247,103.07311699974855
2024-09-01,2024_09.csv,104.2090519742726,103.97065723158809,102.58762011932991,105.92407076456725,103.37507662931662
2024-09-02,2024_09.csv,104.50248291103766,104.00074555301227,102.58762011932991,107.10930555205387,103.77560482307682
2024-09-03,2024_09.csv,104.50248291103766,104.00074555301227,102.58762011932991,107.10930555205387,103.77560482307682
2024-09-04,2024_09.csv,104.63681496855894,104.09578378748112,102.58762011932991,107.46218974022155,103.83287018257788
2024-09-05,2024_09.csv,105.10983099506048,104.65612239540934,102.89856123182717,107.73196900656004,104.19307607916963
2024-09-06,2024_09.csv,105.34512824779065,105.04474889670826,103.7100434631089,107.57278447958782,104.15242023804419
2024-09-07,2024_09.csv,105.55521712277286,105.24388539282303,103.8142315293534,107.9666595544878,104.19836080290499
2024-09-08,2024_09.csv,105.55521712277286,105.24388539282303,103.8142315293534,107.9666595544878,104.19836080290499
2024-09-09,2024_09.csv,105.5398995729822,105.24001189129888,103.8142315293534,107.88250570408103,104.21537198333539
2024-09-10,2024_09.csv,105.5398995729822,105.24001189129888,103.8142315293534,107.88250570408103,104.21537198333539
2024-09-11,2024_09.csv,105.58884203680631,105.32240384567973,103.77646982132246,107.86126949763705,104.2151377065824
2024-09-12,2024_09.csv,105.64549996299894,105.36458212373955,103.86382628540377,108.00224367913876,104.22709445474032
2024-09-13,2024_09.csv,105.68151733762505,105.41807262262846,103.8606664476049,108.00920659576607,104.22709445474032
2024-09-14,2024_09.csv,105.79143054760043,105.5521361003455,103.8606664476049,108.01848549541302,104.37039687897031
2024-09-15,2024_09.csv,105.86766933215588,105.63015768297142,103.8606664476049,108.0952882119328,104.44903532278447
2024-09-16,2024_09.csv,105.97421285889516,105.64168957567563,103.8606664476049,108.60600262294172,104.49197407062285
2024-09-17,2024_09.csv,105.97421285889516,105.64168957567563,103.8606664476049,108.60600262294172,104.49197407062285
2024-09-18,2024_09.csv,106.0517907231092,105.75209765488489,103.86001646534714,108.62213940901914,104.51105440639215
2024-09-19,2024_09.csv,106.097592769778,105.80418296905395,104.1415420026375,108.65483080051473,104.51105440639215
2024-09-20,2024_09.csv,106.11253954672331,105.81986871265583,104.2705903910631,108.65483080051473,104.52475814223672
2024-09-21,2024_09.csv,106.06968652473861,105.75213582388577,104.32905839812491,108.65483080051473,104.52475814223672
2024-09-22,2024_09.csv,106.04001060534027,105.70285128082115,104.32905839812491,108.65834269093749,104.53684646349457
2024-09-23,2024_09.csv,106.03158378003462,105.70285128082115,104.32905839812491,108.61397878998069,104.53432085893336
2024-09-24,2024_09.csv,106.03158378003462,105.70285128082115,104.32905839812491,108.61397878998069,104.53432085893336
2024-09-25,2024_09.csv,106.04466767202763,105.70388539691147,104.32905839812491,108.62969154352666,104.59966344437302
2024-09-26,2024_09.csv,106.04438855695611,105.70345661592391,104.32905839812491,108.62969154352666,104.59966344437302
2024-09-27,2024_09.csv,106.05242551438796,105.71500567141938,104.48193912366408,108.61473046276646,104.59966344437302
2024-09-28,2024_09.csv,106.16804236656634,105.75616321026098,104.48193912366408,108.81985476868898,104.95225900922291
2024-09-29,2024_09.csv,106.23846495758842,105.87281071473188,104.48193912366408,108.78652024062734,104.95598620078039
2024-09-30,2024_09.csv,106.41735595722808,105.87281071473188,104.48193912366408,109.60245544325498,105.16588555525115
2024-10-01,2024_10.csv,106.41735595722808,105.87281071473188,104.48193912366408,109.60245544325498,105.16588555525115
2024-10-02,2024_10.csv,106.94978470326515,106.44843085696208,104.70056914483337,110.0248598533645,105.68812802384588
2024-10-03,2024_10.csv,106.99017317819093,106.50809296712767,104.69898162005316,110.0235683415048,105.70056883600559
2024-10-04,2024_10.csv,107.06940320773985,106.60463639428399,104.76233480442347,110.0360388902562,105.78794116235099
2024-10-05,2024_10.csv,107.29781891489453,106.99895022461416,104.83160038440798,109.89060720254116,105.7652708053688
2024-10-06,2024_10.csv,107.41020447353564,107.04251422471167,104.83680663693768,110.35868968555023,105.75777435489624
2024-10-07,2024_10.csv,107.38133260699782,107.04702662700987,104.83680663693768,110.18926974106718,105.75067098033716
2024-10-08,2024_10.csv,107.38133260699782,107.04702662700987,104.83680663693768,110.18926974106718,105.75067098033716
2024-10-09,2024_10.csv,107.49560983363737,107.2033587055421,105.09057424707377,110.20931563752312,105.77460128480449
2024-10-10,2024_10.csv,107.5152073987879,107.24341945009641,105.1358782951107,110.17943012352902,105.76085047954979
2024-10-11,2024_10.csv,107.5281164624548,107.25461830470519,105.1358782951107,110.19289692128513,105.78254693479003
2024-10-12,2024_10.csv,107.41764435013928,107.14989959341361,105.29306514178755,110.09632417261481,105.59046838972091
2024-10-13,2024_10.csv,107.53337855839037,107.22469132423925,105.25972612415602,110.45443857793029,105.60901795818141
2024-10-14,2024_10.csv,107.5414763480705,107.23590416844905,105.29745970675344,110.45443857793029,105.60901795818141
2024-10-15,2024_10.csv,107.70175279889672,107.4804500764727,105.3489140132591,110.45443857793029,105.60901795818141
2024-10-16,2024_10.csv,107.70645243271304,107.48371177759132,105.3489140132591,110.45443857793029,105.62663344263447
2024-10-17,2024_10.csv,107.87137218337372,107.71030043441199,105.3489140132591,110.46787199004207,105.72906810052154
2024-10-18,2024_10.csv,107.89711713795667,107.74024559902375,105.3519453993724,110.47260524378007,105.7654986798172
2024-10-19,2024_10.csv,107.91571321447921,107.73224912237592,105.3519453993724,110.57860532259554,105.79660443048758
2024-10-20,2024_10.csv,107.87905026416205,107.72553016079323,105.3519453993724,110.56791480703573,105.5891125963132
2024-10-21,2024_10.csv,107.88327960013955,107.732027333616,105.3519453993724,110.56791480703573,105.5891125963132
2024-10-22,2024_10.csv,107.88327960013955,107.732027333616,105.3519453993724,110.56791480703573,105.5891125963132
2024-10-23,2024_10.csv,107.96403714660859,107.86246339886077,105.30128720201375,110.55529740188896,105.58373955416324
2024-10-24,2024_10.csv,107.97874784865243,107.88506221201534,105.30128720201375,110.55529740188896,105.58373955416324
2024-10-25,2024_10.csv,108.01722143848225,107.9317396657879,105.31460501919467,110.56129951611182,105.62966382861032
2024-10-26,2024_10.csv,108.01781218664384,107.92983633072129,105.31460501919467,110.57137390657277,105.62966382861032
2024-10-27,2024_10.csv,107.96891267354114,107.85125248952163,105.31460501919467,110.5837879440805,105.62966382861032
2024-10-28,2024_10.csv,107.98071664231004,107.8693859330443,105.31460501919467,110.5837879440805,105.62966382861032
2024-10-29,2024_10.csv,107.98071664231004,107.8693859330443,105.31460501919467,110.5837879440805,105.62966382861032
2024-10-30,2024_10.csv,108.17976935416084,108.05159632343404,105.33539915545241,110.62913606928248,106.12034325007565
2024-10-31,2024_10.csv,108.1839772358889,108.05806053789952,105.33539915545241,110.62913606928248,106.12034325007565
2024-11-01,2024_11.csv,108.39591458332924,108.23290992411239,105.4038587639965,110.75255179153464,106.6280369973869
2024-11-02,2024_11.csv,108.52764464247534,108.32181438860997,105.4038587639965,110.6952435193574,107.20417864283691
2024-11-03,2024_11.csv,108.53931787511321,108.32181438860997,105.4038587639965,110.6593519731162,107.32855980317859
2024-11-04,2024_11.csv,108.53931787511321,108.32181438860997,105.4038587639965,110.6593519731162,107.32855980317859
2024-11-05,2024_11.csv,108.53931787511321,108.32181438860997,105.4038587639965,110.6593519731162,107.32855980317859
2024-11-06,2024_11.csv,108.62216349219031,108.38531314866621,105.4038587639965,110.77581446693317,107.4677578338455
2024-11-07,2024_11.csv,108.6230576256433,108.4138541789251,105.43573383971425,110.71363139110169,107.41944878857113
2024-11-08,2024_11.csv,108.65639905685319,108.41402539446511,105.43573383971425,110.91275305416329,107.39938326994731
2024-11-09,2024_11.csv,108.66676588254319,108.42384535099849,105.43573383971425,110.9265966992404,107.40936705281052
2024-11-10,2024_11.csv,108.73051760743225,108.50489450219571,105.95501698998781,110.9265966992404,107.40936705281052
2024-11-11,2024_11.csv,108.74273897055866,108.51126279892544,105.95501698998781,110.95496791520003,107.42935278885717
2024-11-12,2024_11.csv,108.74080834909394,108.50829694769526,105.95501698998781,110.95496791520003,107.42935278885717
2024-11-13,2024_11.csv,108.83170549924509,108.65065658398012,105.97508128829081,110.92431500581131,107.45239812722782
2024-11-14,2024_11.csv,108.85161547013365,108.6430780136405,105.90317792042745,110.94045234570898,107.6126237276751
2024-11-15,2024_11.csv,108.83402813122825,108.66395117412415,105.90885781544179,110.84191472248568,107.52101638338868
2024-11-16,2024_11.csv,108.84245151565904,108.67722300523897,105.90885781544179,110.84191472248568,107.5195401236553
2024-11-17,2024_11.csv,108.79832938361224,108.65617436335087,105.90885781544179,110.66506149134136,107.53116201764303
2024-11-18,2024_11.csv,108.83494511193216,108.65972426407544,105.90885781544179,110.88619735695349,107.49110934120898
2024-11-19,2024_11.csv,108.83494511193216,108.65972426407544,105.90885781544179,110.88619735695349,107.49110934120898
2024-11-20,2024_11.csv,109.02856561590337,108.90861009437556,105.88878785677325,111.05721101416819,107.4977643138767
2024-11-21,2024_11.csv,109.08233443758976,108.99548443471738,105.88878785677325,111.04189316885072,107.4977643138767
2024-11-22,2024_11.csv,109.09809610756858,109.0246867498291,105.96657187050744,111.010176787794,107.50368647160509
2024-11-23,2024_11.csv,109.11135161551871,109.03353452665078,105.96657187050744,111.0302304471454,107.53003605985994
2024-11-24,2024_11.csv,109.1434045972154,109.07230708629197,105.96657187050744,111.05048797085782,107.55146906663818
2024-11-25,2024_11.csv,109.10624498361514,109.08534116149215,105.96657187050744,110.76872590714602,107.58927767991855
2024-11-26,2024_11.csv,109.13009091983281,109.08534116149215,105.96657187050744,110.83368684207693,107.67164947430015
2024-11-27,2024_11.csv,109.18289688217239,109.13356563205625,105.97066938500596,110.83368684207693,107.81746918947013
2024-11-28,2024_11.csv,109.16895648711366,109.07679607266385,106.00545576315793,110.86081375243207,107.93609778628127
2024-11-29,2024_11.csv,109.18236796572116,109.0964187686455,106.0355978227607,110.86081375243207,107.93609778628127
2024-11-30,2024_11.csv,109.16410076214655,109.19161530267942,106.06689877681477,110.86081375243207,107.38298418379398
2024-12-01,2024_12.csv,109.19321536682156,109.23466585068653,106.1017572964704,110.86081375243207,107.38539714267085
2024-12-02,2024_12.csv,109.23674032303244,109.18827925748842,106.14266437953516,110.9136695262188,107.81787976050647
2024-12-03,2024_12.csv,109.22311759599937,109.18502217137313,106.14266437953516,110.83234754062781,107.84021873727067
2024-12-04,2024_12.csv,109.15798849403635,109.22744853288154,106.2705490388064,110.32378146960822,107.81911038612255
2024-12-05,2024_12.csv,109.1656020476874,109.23073423223519,106.28708349526622,110.33936247178424,107.8348007664926
2024-12-06,2024_12.csv,109.21990820787587,109.42170145844379,106.27955824433361,109.92722591775552,107.86904207267156
2024-12-07,2024_12.csv,109.126592944544,109.3093016676714,106.15660109847418,109.83064248706715,107.86901411735057
2024-12-08,2024_12.csv,109.18580127242969,109.38971396932627,106.15659111558269,109.82832975566521,107.918817277623
2024-12-09,2024_12.csv,109.45246690287773,109.57961178059081,106.15659111558269,110.26474895843852,108.35495058419673
2024-12-10,2024_12.csv,109.45321694719722,109.57961178059081,106.15659111558269,110.2569916083967,108.36971165906131
2024-12-11,2024_12.csv,109.49474261331893,109.55830762275345,106.11412993961923,110.50814768413883,108.4427132897775
2024-12-12,2024_12.csv,109.59640451591076,109.57018073404485,106.11412993961923,110.99264629633142,108.48331104917585
2024-12-13,2024_12.csv,109.50336499010065,109.47836975467777,106.0793999655248,110.93179574001557,108.33639264311255
2024-12-14,2024_12.csv,109.59847034651813,109.61116318399402,106.22692029654476,110.9478828028613,108.35429794791418
2024-12-15,2024_12.csv,109.58260683543566,109.63794070080274,106.22692029654476,110.75885091902313,108.36139415884116
2024-12-16,2024_12.csv,109.58302614663847,109.63096711042061,106.22692029654476,110.76223246372803,108.39109900422268
2024-12-17,2024_12.csv,109.58302614663847,109.63096711042061,106.22692029654476,110.76223246372803,108.39109900422268
2024-12-18,2024_12.csv,109.59251605838928,109.64634290480902,105.79284741531141,110.78443622926748,108.42280498135963
2024-12-19,2024_12.csv,109.59856078192911,109.65608664210504,105.8112620916785,110.78064930358764,108.42280498135963
2024-12-20,2024_12.csv,109.59856078192911,109.65608664210504,105.8112620916785,110.78064930358764,108.42280498135963
2024-12-21,2024_12.csv,109.61521734325524,109.68167471506614,105.8112620916785,110.78064930358764,108.42280498135963
2024-12-22,2024_12.csv,109.6114247809116,109.68167471506614,105.8112620916785,110.75976760602144,108.42280498135963
2024-12-23,2024_12.csv,109.62501827849621,109.6987936070663,105.42659058890824,110.75976760602144,108.49523185627834
2024-12-24,2024_12.csv,109.62501827849621,109.6987936070663,105.42659058890824,110.75976760602144,108.49523185627834
2024-12-25,2024_12.csv,109.67970849470309,109.71630753492352,105.4268795063225,110.99259090563964,108.50205344188053
2024-12-26,2024_12.csv,109.68161881428324,109.71868551474459,105.44399751881006,110.99259090563964,108.50205344188053
2024-12-27,2024_12.csv,109.68363391184016,109.72178113948372,105.44399751881006,110.99259090563964,108.50205344188053
2024-12-28,2024_12.csv,109.71769462053715,109.79656445244454,105.41026747159678,110.83153939562287,108.60696932247065
2024-12-29,2024_12.csv,109.74064468900534,109.83182071061981,105.41026747159678,110.83153939562287,108.60696932247065
2024-12-30,2024_12.csv,109.83030997926413,109.95476745729842,105.45314003022064,110.83692977284554,108.65993345920022
2024-12-31,2024_12.csv,109.83184011437403,109.95711807505594,105.45314003022064,110.83692977284554,108.65993345920022
2025-01-01,2025_01.csv,110.44568673600665,110.24148973742408,105.44278914093232,112.87529647482064,109.0615694888462
2025-01-02,2025_01.csv,110.34322243929617,110.07724343577645,105.45628879802409,112.8864418898668,109.07621365438742
2025-01-03,2025_01.csv,110.34322243929617,110.07724343577645,105.45628879802409,112.8864418898668,109.07621365438742
2025-01-04,2025_01.csv,110.35489066162258,110.15618471587618,105.5161793767839,112.66331006172194,109.0730621010642
2025-01-05,2025_01.csv,110.37415118052915,110.18918060837257,105.55007006791048,112.64714676527203,109.0730621010642
2025-01-06,2025_01.csv,110.43651508601556,110.18918060837257,105.55007006791048,112.96968753377159,109.0989313031856
2025-01-07,2025_01.csv,110.67941478315761,110.18358713575078,105.55007006791048,114.2252898827701,109.22539545522537
2025-01-08,2025_01.csv,110.67941478315761,110.18358713575078,105.55007006791048,114.2252898827701,109.22539545522537
2025-01-09,2025_01.csv,110.6781519969348,110.17561499637338,105.55832741564768,114.24391666383175,109.22791739687767
2025-01-10,2025_01.csv,110.67665426827195,110.17561499637338,105.55832741564768,114.23567022932647,109.22791739687767
2025-01-11,2025_01.csv,110.67665426827195,110.17561499637338,105.55832741564768,114.23567022932647,109.22791739687767
2025-01-12,2025_01.csv,110.62845854160224,110.18319820428432,105.55832741564768,113.91678997257844,109.26062265587733
2025-01-13,2025_01.csv,110.62378068843405,110.18992536029812,105.55832741564768,113.92113620223101,109.19330205853993
2025-01-14,2025_01.csv,110.56958136970756,110.10666350961591,105.55832741564768,113.92113620223101,109.19330205853993
2025-01-15,2025_01.csv,110.67871111585677,110.26384990030952,105.86314880402531,113.92791759397858,109.18731809238645
2025-01-16,2025_01.csv,110.7630030480004,110.38656113108038,106.10150350002331,113.94743125351987,109.15876043655372
2025-01-17,2025_01.csv,110.827484710347,110.45735475109397,106.46073471188792,113.94743125351987,109.23256041677381
2025-01-18,2025_01.csv,110.82935205145404,110.4602384908999,106.42265882882317,113.94842727275301,109.23676735798409
2025-01-19,2025_01.csv,110.86598875546035,110.50657663269715,106.66199268936857,113.95658177806128,109.23625705471953
2025-01-20,2025_01.csv,110.89890549685218,110.55686233293045,106.67064938407917,113.95658177806128,109.23625705471953
2025-01-21,2025_01.csv,110.89890549685218,110.55686233293045,106.67064938407917,113.95658177806128,109.23625705471953
2025-01-22,2025_01.csv,111.0083787854638,110.728212647733,106.64071538825893,113.94868866618712,109.23625705471953
2025-01-23,2025_01.csv,111.02095549859176,110.74708578437595,106.65447321458876,113.94868866618712,109.23625705471953
2025-01-24,2025_01.csv,111.02337338634592,110.75080018178691,106.65447321458876,113.94868866618712,109.23625705471953
2025-01-25,2025_01.csv,111.0719218549821,110.80814482601804,107.07317181627252,113.95983477191658,109.23852776205064
2025-01-26,2025_01.csv,111.11751928706302,110.86983084350612,107.33028729170005,113.95983477191658,109.23852776205064
2025-01-27,2025_01.csv,111.1402802124249,110.90359521784696,107.36722785718975,113.95983477191658,109.23852776205064
2025-01-28,2025_01.csv,111.1402802124249,110.90359521784696,107.36722785718975,113.95983477191658,109.23852776205064
2025-01-29,2025_01.csv,111.19059137731963,110.97228655500886,107.41660578987845,113.95983477191658,109.26964535420625
2025-01-30,2025_01.csv,111.26060298472717,111.07881659595384,107.4480598943794,113.95983477191658,109.26964535420625
2025-01-31,2025_01.csv,111.13533734356798,110.86497772151705,107.47293167873353,113.94982798047737,109.37373274637834
2025-02-01,2025_02.csv,111.26515553942872,111.04706411423871,107.41198771716584,113.98401420817224,109.4172869045964
2025-02-02,2025_02.csv,111.46829617679407,111.1413350088005,107.41903584609945,114.72732073864135,109.46258612004573
2025-02-03,2025_02.csv,111.51642071807296,111.14326409166884,107.41903584609945,114.906291610605,109.56079436268074
2025-02-04,2025_02.csv,111.51642071807296,111.14326409166884,107.41903584609945,114.906291610605,109.56079436268074
2025-02-05,2025_02.csv,111.54699862770767,111.15085699737244,107.41903584609945,115.04624284708713,109.56227920474244
2025-02-06,2025_02.csv,111.6590665022074,111.30354295047596,107.52218444469577,115.01823649606303,109.66880171057132
2025-02-07,2025_02.csv,111.68953619117137,111.33289051847018,107.54062195842752,115.05544635368838,109.69763729332686
2025-02-08,2025_02.csv,111.64656404880836,111.3227271731568,107.54062195842752,114.831496832853,109.72715818945447
2025-02-09,2025_02.csv,111.74798793845375,111.47404866553885,107.59690279814507,114.8089850801587,109.76693912738082
2025-02-10,2025_02.csv,111.74501335337874,111.46702779962496,107.59690279814507,114.8089850801587,109.77784885271986
2025-02-11,2025_02.csv,111.76632395640029,111.46349530508475,107.78172317460735,114.89093307603338,109.81076361747701
2025-02-12,2025_02.csv,111.76639934858979,111.46349530508475,107.78528459883121,114.89093307603338,109.81076361747701
2025-02-13,2025_02.csv,111.82928091266137,111.5041674724367,107.78849561917579,114.87461284896774,110.07947904286426
2025-02-14,2025_02.csv,111.8694276658798,111.55617382222867,107.78849561917579,114.91671244800214,110.07022850556314
2025-02-15,2025_02.csv,111.86888428781401,111.56578901037226,107.78849561917579,114.8827533256916,110.06588905755088
2025-02-16,2025_02.csv,111.8695794300469,111.56578901037226,107.78849561917579,114.8827533256916,110.07064186390294
2025-02-17,2025_02.csv,111.89012130586183,111.5958277476623,107.78849561917579,114.88570803192977,110.07372895509707
2025-02-18,2025_02.csv,111.89236974221026,111.5992818311436,107.78849561917579,114.88570803192977,110.07372895509707
2025-02-19,2025_02.csv,111.97047831495827,111.66947723823976,108.1909056440202,115.01727953275748,110.07372895509707
2025-02-20,2025_02.csv,112.0634031562291,111.73968783118298,108.1909056440202,115.28474235594987,110.06445966093301
2025-02-21,2025_02.csv,112.00001012686587,111.64215363862458,108.1909056440202,115.28785298635731,110.06125929258184
2025-02-22,2025_02.csv,112.02636890109777,111.65463586731343,108.1909056440202,115.37977716579995,110.07177534220484
2025-02-23,2025_02.csv,112.03883282798311,111.67090653157565,108.18040931317266,115.37977716579995,110.08609738773667
2025-02-24,2025_02.csv,112.05061638062737,111.74460309433516,108.18040931317266,115.37977716579995,109.83866536391264
2025-02-25,2025_02.csv,112.04961291254443,111.7430615507946,108.18040931317266,115.37977716579995,109.83866536391264
2025-02-26,2025_02.csv,112.08467238963652,111.79646543244127,108.18835701291223,115.3804817286594,109.83866536391264
2025-02-27,2025_02.csv,112.12582443791442,111.86030516148541,108.16925198902297,115.3804817286594,109.83866536391264
2025-02-28,2025_02.csv,112.17309297692036,111.91953860500415,108.24973737616128,115.39533860137065,109.86812254404552
2025-03-01,2025_03.csv,112.2205564159965,111.98696009926003,108.26766717606893,115.40834341045199,109.87382402354353
2025-03-02,2025_03.csv,112.3937476109974,112.10437738199704,108.28770448559271,115.71808915788104,110.14784262220371
2025-03-03,2025_03.csv,112.39545009724867,112.10437738199704,108.28770448559271,115.72746297953209,110.14784262220371
2025-03-04,2025_03.csv,112.39545009724867,112.10437738199704,108.28770448559271,115.72746297953209,110.14784262220371
2025-03-05,2025_03.csv,112.39545009724867,112.10437738199704,108.28770448559271,115.72746297953209,110.14784262220371
2025-03-06,2025_03.csv,112.39545009724867,112.10437738199704,108.28770448559271,115.72746297953209,110.14784262220371
2025-03-07,2025_03.csv,112.53954791448251,112.30146923191408,108.27839555785476,115.81554677556723,110.14784262220371
2025-03-08,2025_03.csv,112.66284586830983,112.51139000394627,108.5230833458343,115.7620437933816,110.08758968001449
2025-03-09,2025_03.csv,112.66534090895385,112.39551121187925,108.57530505418565,115.87433138247268,110.47339108658008
2025-03-10,2025_03.csv,112.68128848637147,112.4235443989928,108.57530505418565,115.86925466626977,110.46396542166066
2025-03-11,2025_03.csv,112.69025600766479,112.4235443989928,108.57530505418565,115.86925466626977,110.52527789866116
2025-03-12,2025_03.csv,112.66008643544534,112.3742399080582,108.52829305626517,115.92152116048726,110.48034186812758
2025-03-13,2025_03.csv,112.68540575314002,112.40447704672691,108.58684250030718,115.94573090266418,110.48034186812758
2025-03-14,2025_03.csv,112.71028255045306,112.43027270580275,108.60514210233498,115.94573090266418,110.53297250627345
2025-03-15,2025_03.csv,112.69744365303936,112.4598256806794,108.60514210233498,115.76911945026008,110.53297250627345
2025-03-16,2025_03.csv,112.63026347500642,112.47468033418333,108.75506418781362,116.12170482344244,109.5480057418996
2025-03-17,2025_03.csv,112.62718158480098,112.46755811102489,108.75506418781362,116.13026286090302,109.5480057418996
2025-03-18,2025_03.csv,112.62718158480098,112.46755811102489,108.75506418781362,116.13026286090302,109.5480057418996
2025-03-19,2025_03.csv,112.66751293722865,112.53226337568339,108.78182234231055,116.11170676119322,109.55494673459872
2025-03-20,2025_03.csv,112.66890502932814,112.55917721187636,108.80554814456262,116.01760276497437,109.5581025449054
2025-03-21,2025_03.csv,112.71410201755143,112.6157441042639,108.92828260581223,116.0302456429794,109.58189837345762
2025-03-22,2025_03.csv,112.76132186618844,112.66259536827066,109.02125547657273,116.11147978570105,109.58189837345762
2025-03-23,2025_03.csv,112.80177864095515,112.68960327840556,109.05933308309777,116.23299578372219,109.58189837345762
2025-03-24,2025_03.csv,112.84725220109267,112.68960327840556,109.05933308309777,116.23299578372219,109.89280888248997
2025-03-25,2025_03.csv,112.84725220109267,112.68960327840556,109.05933308309777,116.23299578372219,109.89280888248997
2025-03-26,2025_03.csv,112.89401082172174,112.7469993909588,109.06922196820193,116.283263879798,109.89320209130497
2025-03-27,2025_03.csv,113.07743351328648,112.86695591511003,109.13554791937068,116.8115972678734,109.94773726035379
2025-03-28,2025_03.csv,113.17498757536032,112.97356126425169,109.3900956054653,116.87806879736577,110.02088193160479
2025-03-29,2025_03.csv,113.34758425211291,113.19854595976821,109.45070024996078,117.01063798179916,110.0262320240883
2025-03-30,2025_03.csv,113.5337062871023,113.27360793657739,109.44538143474117,117.61717372748726,110.21229313913774
2025-03-31,2025_03.csv,113.56680492260847,113.28149283741706,109.44538143474117,117.75952190482752,110.22673658031383
2025-04-01,2025_04.csv,113.56680492260847,113.28149283741706,109.44538143474117,117.75952190482752,110.22673658031383
2025-04-02,2025_04.csv,114.01814165557116,113.63747495439928,109.50532104520076,118.51648366677941,110.77959574869858
2025-04-03,2025_04.csv,114.11714218623155,113.68505815996362,109.50943624292336,118.65093645371145,111.07714683449599
2025-04-04,2025_04.csv,114.1582428449365,113.74210132991716,109.50943624292336,118.68539132503257,111.0614941905728
2025-04-05,2025_04.csv,114.41328601041673,114.10843409600682,109.63526002058745,118.71588068932365,111.11877381456713
2025-04-06,2025_04.csv,114.73611532374429,114.3656454029947,109.64723274961585,119.21459278348992,111.5602317546057
2025-04-07,2025_04.csv,114.8804662388451,114.46875510265903,109.61756386371744,119.60140074497984,111.61224286943556
2025-04-08,2025_04.csv,114.8804662388451,114.46875510265903,109.61756386371744,119.60140074497984,111.61224286943556
2025-04-09,2025_04.csv,115.00903006337595,114.60018167450161,109.790306864812,119.65480387438994,111.81500400161933
2025-04-10,2025_04.csv,115.03107347844545,114.60144950857017,110.20858687374835,119.68266189100618,111.86494195247914
2025-04-11,2025_04.csv,115.09400838075712,114.64894069975449,110.26711688400393,119.82270743492873,111.90149491136204
2025-04-12,2025_04.csv,115.11482744802808,114.67485154237569,110.37611374144691,119.77992599143978,111.96586726151274
2025-04-13,2025_04.csv,115.29482705148895,114.87236787969972,111.40722611274263,119.88452041349736,112.03835486917811
2025-04-14,2025_04.csv,115.29482705148895,114.87236787969972,111.40722611274263,119.88452041349736,112.03835486917811
2025-04-15,2025_04.csv,115.29832114853669,114.87773556684957,111.40722611274263,119.88452041349736,112.03835486917811
2025-04-16,2025_04.csv,115.68749315223502,114.96078789512498,111.45558375619729,121.56737095965273,112.23282984300913
2025-04-17,2025_04.csv,115.99724134171004,115.18194165123008,111.67462424163197,122.37449116642729,112.33238550221027
2025-04-18,2025_04.csv,116.13165911732759,115.34786830951651,111.67462424163197,122.35810592409588,112.53328684082749
2025-04-19,2025_04.csv,115.96462046402208,115.41369667746028,111.67462424163197,122.21729997717654,111.27308494029671
2025-04-20,2025_04.csv,115.96462046402208,115.41369667746028,111.67462424163197,122.21729997717654,111.27308494029671
2025-04-21,2025_04.csv,116.05113704730826,115.53840827213908,111.67462424163197,122.24667727720274,111.27308494029671
2025-04-22,2025_04.csv,116.06630569240433,115.54895009323451,112.0670093527701,122.24667727720274,111.27308494029671
2025-04-23,2025_04.csv,116.11951272428047,115.60209821640741,112.0670093527701,122.26332734892272,111.37965073972865
2025-04-24,2025_04.csv,116.15482745368516,115.65711063836366,111.70329591272947,122.30258034124549,111.38016141381013
2025-04-25,2025_04.csv,116.19927336109585,115.69374648137682,111.8209453965578,122.33259752428143,111.46668923970424
2025-04-26,2025_04.csv,116.2368195437829,115.73890020795336,111.94248234249851,122.34679052084982,111.4872197227011
2025-04-27,2025_04.csv,116.36954012045186,115.92097276215326,112.68821020115354,122.3380581420237,111.4872197227011
2025-04-28,2025_04.csv,116.37496174746852,115.92550127545074,112.80506868439579,122.3380581420237,111.4872197227011
2025-04-29,2025_04.csv,116.37496174746852,115.92550127545074,112.80506868439579,122.3380581420237,111.4872197227011
2025-04-30,2025_04.csv,116.55784846228181,116.09245371625252,112.88006202916552,122.68681392843743,111.5506683009693
2025-05-01,2025_05.csv,116.73131440039916,116.29462315795101,112.99278810407785,122.8040263823029,111.67503030468143
2025-05-02,2025_05.csv,117.41135720826362,116.6365802431256,112.97179809877721,124.3349801110958,112.90460125046759
2025-05-03,2025_05.csv,117.41135720826362,116.6365802431256,112.97179809877721,124.3349801110958,112.90460125046759
2025-05-04,2025_05.csv,117.90721311074383,116.63810771271304,113.46051370502461,126.5394043309899,113.47991768885035
2025-05-05,2025_05.csv,118.00232512642029,116.65660496805516,113.46051370502461,126.5732372047843,114.00587699229867
2025-05-06,2025_05.csv,118.00232512642029,116.65660496805516,113.46051370502461,126.5732372047843,114.00587699229867
2025-05-07,2025_05.csv,118.0254342470281,116.66313085406436,113.46920267025324,126.62658723871509,114.06732709471292
2025-05-08,2025_05.csv,118.6035813349305,117.17410684017482,113.84141377571568,127.51187894713489,114.59283138559739
2025-05-09,2025_05.csv,119.63273630521077,117.79075365574055,114.00730597329411,130.72399415614845,114.8721166361601
2025-05-10,2025_05.csv,119.90914574447999,118.08386470741891,114.84622669890842,130.83443732607282,115.19886978756375
2025-05-11,2025_05.csv,120.3925454102316,118.7499529693919,115.00798563046703,130.94339387608247,115.38071286716287
2025-05-12,2025_05.csv,120.54290649274006,118.93938746255,115.63538716681362,130.97041355109326,115.44128867583086
2025-05-13,2025_05.csv,120.53724971049422,118.92613479843772,115.63538716681362,130.97516430799584,115.45569598476241
2025-05-14,2025_05.csv,121.1405561131485,119.68007769502884,116.33913341279403,131.48802414365875,115.48634794543098
2025-05-15,2025_05.csv,121.68013244104708,120.38873788351498,116.44067666617401,131.69729310919683,115.74695723778659
2025-05-16,2025_05.csv,122.15113448893416,120.7057103655911,117.71143522918679,132.37678992099515,116.52883409652961
2025-05-17,2025_05.csv,122.3225291643974,120.92962288283549,117.34734595971472,132.43439510803108,116.68529517175787
2025-05-18,2025_05.csv,123.40526399230971,121.47760267205814,118.03101058287031,134.92347093829375,118.4594409469372
2025-05-19,2025_05.csv,123.54664808170119,121.69479914641155,118.03101058287031,134.92347093829375,118.4594409469372
2025-05-20,2025_05.csv,123.54664808170119,121.69479914641155,118.03101058287031,134.92347093829375,118.4594409469372
2025-05-21,2025_05.csv,123.95553987040718,121.99820598933071,118.11741557943658,135.76026574859017,118.85312602463434
2025-05-22,2025_05.csv,124.1202598646386,122.20267305260526,118.15621021458409,135.77503684288124,119.04537444357577
2025-05-23,2025_05.csv,124.78823305259485,122.7775035059276,118.75108714001948,137.28078532911312,119.09814427762267
2025-05-24,2025_05.csv,125.06819754813614,123.20962437754834,120.07000657859493,136.75111942003682,119.55591760018416
2025-05-25,2025_05.csv,125.370789739495,123.60057181805793,120.67357162385571,136.85485619728723,119.66864288744203
2025-05-26,2025_05.csv,125.72945258492913,124.13223326714571,120.93378969812323,136.88838602024256,119.67533920384238
2025-05-27,2025_05.csv,125.72945258492913,124.13223326714571,120.93378969812323,136.88838602024256,119.67533920384238
2025-05-28,2025_05.csv,126.48071315164408,124.85594912385542,124.83549486065036,137.91560042738814,119.75053350627687
2025-05-29,2025_05.csv,126.52849052742441,124.92934548420975,124.83549486065036,137.91560042738814,119.75053350627687
2025-05-30,2025_05.csv,126.817621537082,125.13881832834821,124.92480640165024,138.25059846586058,120.36616040800936
2025-05-31,2025_05.csv,127.01752751870737,125.39527622243985,124.86645380943797,138.25059846586058,120.59999121774516
2025-06-01,2025_06.csv,129.10102755743665,125.88797457917225,125.3511220028813,144.98642476610954,124.21786662887797
2025-06-02,2025_06.csv,129.11109016859322,125.9034329215883,125.3511220028813,144.98642476610954,124.21786662887797
2025-06-03,2025_06.csv,129.63728219999481,125.99896003332778,125.35433579030924,146.95977258589681,124.93945132120751
2025-06-04,Forward Fill,129.63728219999481,125.99896003332778,125.35433579030924,146.95977258589681,124.93945132120751
2025-06-05,Forward Fill,129.63728219999481,125.99896003332778,125.35433579030924,146.95977258589681,124.93945132120751
2025-06-06,Forward Fill,129.63728219999481,125.99896003332778,125.35433579030924,146.95977258589681,124.93945132120751
2025-06-07,Forward Fill,129.63728219999481,125.99896003332778,125.35433579030924,146.95977258589681,124.93945132120751
2025-06-08,Forward Fill,129.63728219999481,125.99896003332778,125.35433579030924,146.95977258589681,124.93945132120751
2025-06-09,Forward Fill,129.63728219999481,125.99896003332778,125.35433579030924,146.95977258589681,124.93945132120751
2025-06-10,Forward Fill,129.63728219999481,125.99896003332778,125.35433579030924,146.95977258589681,124.93945132120751
2025-06-11,2025_06.csv,132.31778792986205,128.64588174616108,126.72590590605644,148.75597520798976,129.05698588414384
2025-06-12,2025_06.csv,132.31778792986205,128.64588174616108,126.72590590605644,148.75597520798976,129.05698588414384
2025-06-13,2025_06.csv,132.48944517956645,128.86697441780882,127.24241239063538,148.9227913979449,128.96472210697814
2025-06-14,2025_06.csv,132.5195006153438,128.88078475059677,127.26160008241698,148.9635574000119,129.05535177402558
2025-06-15,2025_06.csv,132.9415888156187,129.06672687378594,127.29712863024707,149.4798569715917,130.46740535040902
2025-06-16,2025_06.csv,132.95391705948492,129.0811044290946,127.29712863024707,149.4798569715917,130.48770608245945
2025-06-17,2025_06.csv,132.95608235475348,129.084430789934,127.29712863024707,149.4798569715917,130.48770608245945
2025-06-18,2025_06.csv,133.105501631659,129.30173914864042,127.25871251569063,149.491401875239,130.5333701141435
2025-06-19,2025_06.csv,133.23130554113823,129.45870810644155,127.27431199537887,149.53322899152909,130.64070008928118
2025-06-20,2025_06.csv,133.31458577869455,129.56447586343586,127.2794770780778,149.565543956002,130.69848968079512
2025-06-21,2025_06.csv,133.3163714415156,129.56721902690487,127.2794770780778,149.565543956002,130.69848968079512
2025-06-22,2025_06.csv,133.36760652289166,129.62240919600788,127.2794770780778,149.565543956002,130.8031601342286
2025-06-23,2025_06.csv,133.3713486268914,129.62728201206707,127.30640987433617,149.565543956002,130.8031601342286
2025-06-24,2025_06.csv,133.36428824896754,129.61643574782852,127.30640987433617,149.565543956002,130.8031601342286
2025-06-25,2025_06.csv,133.4292091855833,129.65201772558453,127.37353165989495,149.59776547514193,131.03894555795233
2025-06-26,2025_06.csv,133.5748059234858,129.73561930924612,127.43893341824224,149.59776547514193,131.6528672673898
2025-06-27,2025_06.csv,133.74492447467537,129.9883054368548,127.43893341824224,149.6089229541749,131.67752229915968
2025-06-28,2025_06.csv,133.83076314680713,130.1202613051059,127.43619228828938,149.6089229541749,131.67752229915968
2025-06-29,2025_06.csv,134.24730226386308,130.4738754962503,127.474709826171,149.98962703022883,132.4733314893088
2025-06-30,2025_06.csv,134.25565358958676,130.48670493491744,127.474709826171,149.98962703022883,132.4733314893088
2025-07-01,2025_07.csv,135.45809588907488,130.70691853154685,127.4869570093441,153.3698519950504,135.51528386748868
2025-07-02,2025_07.csv,135.51859282897883,130.79985488748946,127.4869570093441,153.3698519950504,135.51528386748868
2025-07-03,2025_07.csv,135.53729853139797,130.8034949565547,127.4869570093441,153.42026121583942,135.56438027599228
2025-07-04,2025_07.csv,135.53729853139797,130.8034949565547,127.4869570093441,153.42026121583942,135.56438027599228
2025-07-05,2025_07.csv,135.53435897719854,130.79897916689947,127.4869570093441,153.42026121583942,135.56438027599228
2025-07-06,2025_07.csv,136.2837381567372,131.94807157984448,127.63244660070086,153.0424760536669,136.02186365315325
2025-07-07,2025_07.csv,136.2850398265064,131.95007122553207,127.63244660070086,153.0424760536669,136.02186365315325
2025-07-08,2025_07.csv,136.67759687608648,132.47164381154505,128.81016262372052,153.17774695143277,136.04606710630173
2025-07-09,2025_07.csv,136.71322131579154,132.52277287195375,128.84046741578138,153.17392555251413,136.0624386406279
2025-07-10,2025_07.csv,136.7362585204166,132.55635131966397,128.86343558769735,153.0930072580345,136.1676598467561
2025-07-11,2025_07.csv,137.13201760247367,133.07544342179025,128.9109335032608,153.20426973476177,136.41819321724768
2025-07-12,2025_07.csv,137.16720112058394,133.13222532174086,128.9109335032608,153.20628807719322,136.40352580767907
2025-07-13,2025_07.csv,137.1360774171602,133.0679625408166,128.9109335032608,153.2994012767855,136.36111361089698
2025-07-14,2025_07.csv,137.14023640180272,133.07435163880587,128.9109335032608,153.2994012767855,136.36111361089698
2025-07-15,2025_07.csv,137.17446642997848,133.12787147707948,128.9109335032608,153.27539882369666,136.38675735570004
2025-07-16,2025_07.csv,137.20385024009377,133.1903634499811,128.9109335032608,153.26743901421827,136.31941340197235
2025-07-17,2025_07.csv,137.14123215169997,133.0751466140034,128.92152615075008,153.30383802660265,136.35734096344183
2025-07-18,2025_07.csv,136.72197105392792,133.10757046056517,128.92152615075008,151.35947906716984,135.76093257879893
2025-07-19,2025_07.csv,136.7980750395975,133.22015544521423,128.92152615075008,151.35565519235288,135.78493969303398
2025-07-20,2025_07.csv,136.86051284746432,133.27779710350814,128.92152615075008,151.42978168369956,135.86324584269246
2025-07-21,2025_07.csv,136.86051284746432,133.27779710350814,128.92152615075008,151.42978168369956,135.86324584269246
2025-07-22,2025_07.csv,137.10817342735933,133.48606526980478,129.04496238617372,152.02811542972876,135.86875078620486
2025-07-23,2025_07.csv,137.13879029709403,133.5275803678736,129.0655568209394,152.02811542972876,135.89033328925348
2025-07-24,2025_07.csv,137.18420874081713,133.5946335983496,129.0655568209394,152.04835933628544,135.87729756464572
2025-07-25,2025_07.csv,137.20726319289673,133.6232493381806,129.10355353555053,152.0468812421995,135.90390186639115
2025-07-26,2025_07.csv,137.18498820680392,133.6490256326374,129.22581945320056,151.7275498114358,136.0157243326504
2025-07-27,2025_07.csv,137.1926288945464,133.6599474134775,129.25091036220272,151.7275498114358,136.0157243326504
2025-07-28,2025_07.csv,137.1937214480477,133.6616258114468,129.25091036220272,151.7275498114358,136.0157243326504
2025-07-29,2025_07.csv,137.175093931904,133.63300992652094,129.25091036220272,151.7275498114358,136.0157243326504
2025-07-30,2025_07.csv,137.22292740932346,133.7262541723788,129.39559086251958,151.7275498114358,135.9068311621133
2025-07-31,2025_07.csv,137.3081566685998,133.98149502358046,129.6920368563975,151.51388066706392,135.5759911029019
2025-08-01,2025_08.csv,137.6116361014101,134.10300199718822,129.63034111908186,152.52174076702164,135.8675387690624
2025-08-02,2025_08.csv,137.61521207059013,134.1072244104944,129.63034111908186,152.56178891053312,135.8234649288053
2025-08-03,2025_08.csv,137.62230775657457,134.12137204078815,129.63034111908186,152.55467354359774,135.8178487792964
2025-08-04,2025_08.csv,137.62230775657457,134.12137204078815,129.63034111908186,152.55467354359774,135.8178487792964
2025-08-05,2025_08.csv,137.63565679474007,134.24039511418832,129.7555191785685,152.2492359828719,135.74055470716874
2025-08-06,2025_08.csv,137.62763464318866,134.32996645704702,129.88329175493396,152.2414434391876,135.27823767754143
2025-08-07,2025_08.csv,137.62763464318866,134.32996645704702,129.88329175493396,152.2414434391876,135.27823767754143
2025-08-08,2025_08.csv,137.63103259326226,134.33518644169447,129.88329175493396,152.2414434391876,135.27823767754143
2025-08-09,2025_08.csv,137.6668666054432,134.44792237302468,129.63084632224914,152.05293593309796,135.29211419667064
2025-08-10,2025_08.csv,137.70430191730162,134.48930415849577,129.6440145087179,152.09221038930082,135.31321364579614
2025-08-11,2025_08.csv,137.70430191730162,134.48930415849577,129.6440145087179,152.09221038930082,135.31321364579614
2025-08-12,2025_08.csv,137.70430191730162,134.48930415849577,129.6440145087179,152.09221038930082,135.31321364579614
2025-08-13,2025_08.csv,137.69511375204746,134.4563047441699,129.64196827011435,152.1296630118318,135.35105007867517
2025-08-14,2025_08.csv,137.35171419257932,134.19926892419306,129.7032523519029,151.26280947867517,135.2147151748662
2025-08-15,2025_08.csv,137.13304808695662,134.1917143477467,129.7032523519029,150.32339604355403,134.91982179708114
2025-08-16,2025_08.csv,137.20392400336658,134.29048686070607,129.7032523519029,150.356813996764,134.9233122736841
2025-08-17,2025_08.csv,137.2064422436726,134.29722256070983,129.7032523519029,150.34653786529648,134.9233122736841
2025-08-18,2025_08.csv,137.2055542377827,134.29585839201644,129.7032523519029,150.34653786529648,134.9233122736841
2025-08-19,2025_08.csv,137.25026177028116,134.35186751714227,129.7032523519029,150.39195312358194,134.9233122736841
2025-08-20,2025_08.csv,137.34999240830962,134.44509073966833,129.7032523519029,150.52424717500008,135.02600341399355
2025-08-21,2025_08.csv,137.46250877430356,134.55898271272562,129.78602332462492,150.71780484559793,135.0360675051826
2025-08-22,2025_08.csv,137.41062088963122,134.57911663839033,129.79872652951354,150.55261708408142,134.7949795750561
2025-08-23,2025_08.csv,137.54981688475547,134.7911521989905,129.85406203800702,150.55261708408142,134.7949795750561
2025-08-24,2025_08.csv,137.54981688475547,134.7911521989905,129.85406203800702,150.55261708408142,134.7949795750561
2025-08-25,2025_08.csv,137.58280446323323,134.84073409228324,129.88770704348315,150.55261708408142,134.7949795750561
2025-08-26,2025_08.csv,137.60213467552933,134.84917379810437,129.88770704348315,150.55261708408142,134.88958129966613
2025-08-27,2025_08.csv,137.6479232694907,134.90767052237896,129.89178875727526,150.68923012934368,134.7720632227312
2025-08-28,2025_08.csv,137.6691020598141,134.9340345199714,130.08155300601857,150.68923012934368,134.7720632227312
2025-08-29,2025_08.csv,137.71152452850052,134.95141940573717,130.0730638089345,150.72545698747714,134.9409817636849
2025-08-30,2025_08.csv,137.6713591889082,134.97602444525006,130.4314414997504,150.39038321213326,134.92107207616144
2025-08-31,2025_08.csv,137.6713591889082,134.97602444525006,130.4314414997504,150.39038321213326,134.92107207616144
2025-09-01,2025_09.csv,137.76138373940827,135.0834392055031,130.82801882203745,150.42971873121036,134.95227371089746
2025-09-02,2025_09.csv,137.76138373940827,135.0834392055031,130.82801882203745,150.42971873121036,134.95227371089746
2025-09-03,2025_09.csv,137.8719857055967,135.14518228180577,130.87434825527868,150.5025735255972,135.3365060284682
2025-09-04,2025_09.csv,137.72720636660367,134.99216377026823,130.9152054084353,150.27346858134484,135.30624152757895
2025-09-05,2025_09.csv,137.73955693929233,135.0111369153779,130.9152054084353,150.27346858134484,135.30624152757895
2025-09-06,2025_09.csv,137.72801360051733,134.94175566771028,131.08527042411137,150.42642535468707,135.3215571717368
2025-09-07,2025_09.csv,137.68721756493431,134.94819255028426,131.13720874102185,150.1986563351709,135.28930012187303
2025-09-08,2025_09.csv,137.70652516835747,134.99660186966437,131.07908701450702,150.16201292837047,135.25977145946382
2025-09-09,2025_09.csv,137.70859444002633,134.99660186966437,131.07908701450702,150.17340625595634,135.25977145946382
2025-09-10,2025_09.csv,137.4634983534827,134.81940496750957,131.02025898236312,149.63378923142494,135.05124860719238
2025-09-11,2025_09.csv,137.39509320954363,134.77675008642746,131.14033499308547,149.4853311661785,134.94036550714458
2025-09-12,2025_09.csv,137.39509320954363,134.77675008642746,131.14033499308547,149.4853311661785,134.94036550714458
2025-09-13,2025_09.csv,137.41011349978277,134.79332089867427,131.14071158461073,149.48939310424555,134.96421225926528
2025-09-14,2025_09.csv,137.34932635334656,134.81072446468636,131.14071158461073,149.31552488953642,134.68704825390554
2025-09-15,2025_09.csv,137.37166587509523,134.8448384550818,131.14071158461073,149.31625725231683,134.68704825390554
2025-09-16,2025_09.csv,137.37166587509523,134.8448384550818,131.14071158461073,149.31625725231683,134.68704825390554
2025-09-17,2025_09.csv,137.14228169074048,134.7895171858527,131.1437384360219,148.24515400163122,134.69455794389685
2025-09-18,2025_09.csv,137.13046719498408,134.78292038860158,131.1437384360219,148.194789193652,134.70568212897322
2025-09-19,2025_09.csv,137.03761110777435,134.6371749158005,131.03926942196918,148.21307988094887,134.71187998949353
2025-09-20,2025_09.csv,137.04611149241532,134.6604660816895,130.72461264988902,148.21307988094887,134.71187998949353
2025-09-21,2025_09.csv,137.04581313426218,134.6600077391756,130.72461264988902,148.21307988094887,134.71187998949353
2025-09-22,2025_09.csv,137.01070248147775,134.61778901236588,130.74619660728658,148.20770720973482,134.66327122245076
2025-09-23,2025_09.csv,137.01070248147775,134.61778901236588,130.74619660728658,148.20770720973482,134.66327122245076
2025-09-24,2025_09.csv,137.01868217820726,134.6380634056133,130.74619660728658,148.20900984027853,134.6259778098132
2025-09-25,2025_09.csv,137.02568570401178,134.65752203254968,130.74619660728658,148.17782919429126,134.6259778098132
2025-09-26,2025_09.csv,136.96383261651408,134.65752203254968,130.74619660728658,148.17782919429126,134.20307767045804
2025-09-27,2025_09.csv,137.07300231287994,134.82227693469565,131.06933118692646,148.1776984276387,134.16961475664263
2025-09-28,2025_09.csv,137.07300231287994,134.82227693469565,131.06933118692646,148.1776984276387,134.16961475664263
2025-09-29,2025_09.csv,137.07533617176912,134.83333853287934,131.06933118692646,148.18484080015335,134.12747113076884
2025-09-30,2025_09.csv,137.08714743275945,134.84335226338334,131.2412930335016,148.17936632928144,134.14556790741793
2025-10-01,2025_10.csv,137.08714743275945,134.84335226338334,131.2412930335016,148.17936632928144,134.14556790741793
2025-10-02,2025_10.csv,137.34623891289846,134.9356030228286,131.32411055387362,149.03727105140067,134.42913159308614
2025-10-03,2025_10.csv,137.34127348508952,134.94183661140946,131.33965924614503,149.04928172601495,134.35027350368597
2025-10-04,2025_10.csv,137.17892271548172,134.9772110352984,131.34447249896053,148.0830982783224,134.28190112943759
2025-10-05,2025_10.csv,137.17462941836646,134.9691667606402,131.34447249896053,148.0830982783224,134.2883494371958
2025-10-06,2025_10.csv,137.08147848924406,134.98548327537694,131.39377883805733,147.70729763653017,134.0383652685663
2025-10-07,2025_10.csv,137.0206112998245,134.91232328415742,131.47972622759602,147.66398856085135,133.98915640619938
2025-10-08,2025_10.csv,137.02249961739892,134.9215417889594,131.47972622759602,147.64134546437825,133.98915640619938
2025-10-09,2025_10.csv,137.06692459251408,134.9802304632073,131.54614834772303,147.64134546437825,134.02208062078435
2025-10-10,2025_10.csv,136.90719902073894,134.7619457016818,131.47389283438676,147.57626221116553,133.9927972394815
2025-10-11,2025_10.csv,136.7844428521936,134.7326552773721,131.476954889233,147.15323940862993,133.8087104806443
2025-10-12,2025_10.csv,136.75643775220658,134.83246941011126,131.51140707394563,146.6698665705775,133.76825070537564
2025-10-13,2025_10.csv,136.74103724828223,134.8088109123975,131.51140707394563,146.6698665705775,133.76825070537564
2025-10-14,2025_10.csv,136.74103724828223,134.8088109123975,131.51140707394563,146.6698665705775,133.76825070537564
2025-10-15,2025_10.csv,136.8048391506676,134.847096999986,131.51140707394563,146.88034664380686,133.7727077776014
2025-10-16,2025_10.csv,136.84340237615314,134.90603416611768,131.53719094392576,146.8443710081942,133.81500379918108
2025-10-17,2025_10.csv,136.8594927184192,134.98080524303558,131.53719094392576,146.83566163424817,133.60305083205833
2025-10-18,2025_10.csv,136.86336304861157,134.98675090549298,131.53719094392576,146.83566163424817,133.60305083205833
2025-10-19,2025_10.csv,136.80528100908856,134.922868863351,131.53719094392576,146.7775311068845,133.56243622004945
2025-10-20,2025_10.csv,136.81596905732354,134.93928801209927,131.53719094392576,146.7775311068845,133.56243622004945
2025-10-21,2025_10.csv,136.8313812491199,134.97012470647763,131.53719094392576,146.73686819811093,133.58106267142043
2025-10-22,2025_10.csv,136.8514150498559,135.00188196396323,131.50702470419296,146.73686819811093,133.58106267142043
2025-10-23,2025_10.csv,136.8522310090697,135.00313545341328,131.50702470419296,146.73686819811093,133.58106267142043
2025-10-24,2025_10.csv,136.88297740222905,135.05040012548042,131.49290099056518,146.73686819811093,133.5829663565339
2025-10-25,2025_10.csv,136.88387465611657,135.06316223601632,131.49290099056518,146.69606768592587,133.5829663565339
2025-10-26,2025_10.csv,136.89049681767628,135.06755104919972,131.49290099056518,146.72611303795043,133.5714004952691
2025-10-27,2025_10.csv,136.89482581876493,135.07875885451836,131.49290099056518,146.72611303795043,133.55111650897499
2025-10-28,2025_10.csv,136.89482581876493,135.07875885451836,131.49290099056518,146.72611303795043,133.55111650897499
2025-10-29,2025_10.csv,136.8925461944789,135.07257795067463,131.52424362136605,146.72611303795043,133.55850298287916
2025-10-30,2025_10.csv,136.92114026237124,135.119301162144,131.50886817961037,146.64041484553854,133.6546998646847
2025-10-31,2025_10.csv,136.90671944984825,135.27167561924134,131.536555638149,146.27493836359392,133.3277683662526
2025-11-01,2025_11.csv,136.90852538860332,135.2744499309209,131.536555638149,146.27493836359392,133.3277683662526
2025-11-02,2025_11.csv,137.2165770058173,135.27569565782804,131.55175463581807,147.4366979895186,133.98358021885093
2025-11-03,2025_11.csv,137.2065039638542,135.27504396696077,131.55175463581807,147.45736571296635,133.8919448715535
2025-11-04,2025_11.csv,137.206027012694,135.27431126704465,131.55175463581807,147.45736571296635,133.8919448715535
2025-11-05,2025_11.csv,137.24789972570616,135.37726400346764,131.55175463581807,147.367420082152,133.83172071776372
2025-11-06,2025_11.csv,137.29143669869174,135.4449899577557,131.5258087766999,147.367420082152,133.83172071776372
2025-11-07,2025_11.csv,137.04349307707827,135.1245290015204,131.80524356795306,147.1290045377926,133.81836411724825
2025-11-08,2025_11.csv,136.87333843730937,134.94608656716989,131.86186253193875,146.9068825032694,133.71680500058272
2025-11-09,2025_11.csv,136.87799861008153,134.9738530465721,131.86186253193875,146.86053194992107,133.68264531757214
2025-11-10,2025_11.csv,136.88021629513406,134.97725988942622,131.86186253193875,146.86053194992107,133.68264531757214
2025-11-11,2025_11.csv,136.74991626101644,134.8771420521275,131.8156004654107,146.65033533087436,133.50506494773367
2025-11-12,2025_11.csv,136.68038822579447,134.77061253713305,131.80697347856122,146.65033533087436,133.50506494773367
2025-11-13,2025_11.csv,136.68271315563635,134.7881750835344,131.82689737793234,146.65585933021796,133.43305271112422
2025-11-14,2025_11.csv,136.67971827412754,134.79059917663392,131.8995310741875,146.65585933021796,133.3912746130488
2025-11-15,2025_11.csv,136.66066994144336,134.83831875796218,131.89396783499282,146.24495302337493,133.5597132983668
2025-11-16,2025_11.csv,136.665792875923,134.84807801059753,131.8944404558712,146.2381264145845,133.5597132983668
2025-11-17,2025_11.csv,136.66504826455437,134.84985660909996,131.8944404558712,146.14213011878977,133.6659122561267
2025-11-18,2025_11.csv,136.65341904389516,134.84985660909996,131.8944404558712,146.10940442928546,133.62703927141524
2025-11-19,2025_11.csv,136.51754705715302,134.64892519683772,131.66911435187063,146.10772131649944,133.62703927141524
2025-11-20,2025_11.csv,136.27597271990945,134.42147826740512,131.64878855804793,145.61542686736186,133.60190415641267
2025-11-21,2025_11.csv,136.27297708801032,134.4173819146159,131.64878855804793,145.62326898298284,133.5899158201447
2025-11-22,2025_11.csv,136.27589881617038,134.42536660983484,131.64878855804793,145.62326898298284,133.5743550285312
2025-11-23,2025_11.csv,136.27627855480884,134.43235053252684,131.45197127072353,145.62326898298284,133.5743550285312
2025-11-24,2025_11.csv,136.14539955812552,134.4277083303427,131.45197127072353,144.91483028512206,133.5798961910026
2025-11-25,2025_11.csv,136.14199614455444,134.42008695237152,131.45197127072353,144.91483028512206,133.5905466162906
2025-11-26,2025_11.csv,136.1529387607478,134.43689717244382,131.45197127072353,144.91483028512206,133.5905466162906
2025-11-27,2025_11.csv,136.20109324004005,134.42504598725895,131.45197127072353,145.22244283813964,133.5905466162906
2025-11-28,2025_11.csv,136.17481936047517,134.39039922532322,131.34606055931678,145.21430212694847,133.5905466162906
2025-11-29,2025_11.csv,136.2008340981928,134.39206385847248,131.34606055931678,145.2869184617721,133.67083187056423
2025-11-30,2025_11.csv,136.15867948776435,134.3212921971106,131.53096283311461,145.2869184617721,133.67083187056423
2025-12-01,2025_12.csv,136.11379528307313,134.2057601066589,131.53096283311461,145.4546437042915,133.66986746227286
2025-12-02,2025_12.csv,136.3243934653086,134.19563736763104,131.53096283311461,146.64884863962442,133.67188070106536
2025-12-03,2025_12.csv,136.28773032023327,134.19297316318168,131.61674149350185,146.55753105797498,133.53404664710635
2025-12-04,2025_12.csv,136.25974315814045,134.23864989866067,131.61674149350185,146.3136060848052,133.44230236374665
2025-12-05,2025_12.csv,136.03491107638933,134.2901998297142,131.72827634425713,144.93982168378324,133.36544558518577
2025-12-06,2025_12.csv,135.95602741969319,134.26814067292895,131.71535115779247,144.69350670021456,133.23202115488667
2025-12-07,2025_12.csv,135.9455142330137,134.23327876336194,131.74073436023116,144.77266421676052,133.2133293184639
2025-12-08,2025_12.csv,135.94510361907996,134.2338337380873,131.75078023585237,144.77266421676052,133.20659786980585
2025-12-09,2025_12.csv,135.94510361907996,134.2338337380873,131.75078023585237,144.77266421676052,133.20659786980585
2025-12-10,2025_12.csv,135.6731249813883,134.06183832303657,131.64652152356103,144.15118372993143,132.89935597914894
2025-12-11,2025_12.csv,135.41495217094646,134.04131528660537,131.67605401773676,143.23386282280353,132.36035826363945
2025-12-12,2025_12.csv,135.33761793306104,134.0235121271576,131.68324936129713,143.31594913170272,131.80787235759323
2025-12-13,2025_12.csv,135.28043092034355,133.96028470086117,131.65796647300397,143.23908556680482,131.79738533351284
2025-12-14,2025_12.csv,135.27439305936915,133.95209589624014,131.62455189611606,143.23908556680482,131.79738533351284
2025-12-15,2025_12.csv,135.28120375169632,133.96255858951588,131.62455189611606,143.23908556680482,131.79738533351284
2025-12-16,2025_12.csv,135.2483277309343,133.9430774844471,131.6267697256566,143.22028383584424,131.68233663266432
2025-12-17,2025_12.csv,135.21045322991856,133.87697948604117,131.6267697256566,143.22028383584424,131.71756176911816
2025-12-18,2025_12.csv,134.6695924959112,133.84306139830315,131.66096229254066,140.64233473754376,131.36684942944976
2025-12-19,2025_12.csv,134.69420705438404,133.8902221130324,131.66096229254066,140.60200144116314,131.3753321009654
2025-12-20,2025_12.csv,134.67904142524625,133.89528263204596,131.66096229254066,140.52236675591533,131.3480079275866
2025-12-21,2025_12.csv,134.7185290794911,133.88613756440873,131.4112139911718,140.8202910268616,131.32488581850487
2025-12-22,Forward Fill,134.7185290794911,133.88613756440873,131.4112139911718,140.8202910268616,131.32488581850487
2025-12-23,2025_12.csv,134.7300162179911,133.8924951634772,131.44161903143447,140.85720854755303,131.32488581850487
2025-12-24,2025_12.csv,134.72861845520572,133.8873900843651,131.42869017531788,140.89557620586888,131.2922772683211
2025-12-25,2025_12.csv,134.7517601328225,133.86705499792888,131.42869017531788,141.1210333502759,131.26103804746938
2025-12-26,2025_12.csv,134.75357523681484,133.86632134184043,131.42869017531788,141.13365674189367,131.26103804746938
2025-12-27,2025_12.csv,134.77322050779156,133.86121434294404,131.42869017531788,141.2601268484684,131.26103804746938
2025-12-28,2025_12.csv,134.76050000130485,133.85924788492608,131.42869017531788,141.2601268484684,131.18281780064592
2025-12-29,2025_12.csv,134.77090695857186,133.85849033299286,131.42869017531788,141.2601268484684,131.25734355211017
2025-12-30,2025_12.csv,134.80169477183395,133.9643377880415,131.42869017531788,141.20446891928367,131.0658689845169
2025-12-31,2025_12.csv,134.72128011386496,133.98760287275275,131.439805907806,141.13803350366138,130.49340434953376
2026-01-01,2026_01.csv,134.89114567251988,133.98133847737355,131.439805907806,141.9781238697886,130.63948059097874
2026-01-02,2026_01.csv,134.91139528252202,134.01244624854093,131.439805907806,141.9781238697886,130.63948059097874
2026-01-03,2026_01.csv,134.91139528252202,134.01244624854093,131.439805907806,141.9781238697886,130.63948059097874
2026-01-04,2026_01.csv,134.76350358271435,134.03888161449265,131.439805907806,141.0690908944695,130.63948059097874
2026-01-05,2026_01.csv,134.7595759119209,134.03888161449265,131.439805907806,141.0690908944695,130.61262643392556
2026-01-06,2026_01.csv,134.6244745377005,134.0379110251971,131.439805907806,140.68710163290822,130.16758020773858
2026-01-07,2026_01.csv,134.6244745377005,134.0379110251971,131.439805907806,140.68710163290822,130.16758020773858
2026-01-08,2026_01.csv,134.48991018863325,134.08260770432523,131.439805907806,139.80931040405858,130.13863146594275
2026-01-09,2026_01.csv,134.48870810420493,134.08417371628454,131.439805907806,139.79787155458556,130.1376473179521
2026-01-10,2026_01.csv,134.45526041874703,134.05225525165713,131.439805907806,139.79585781024747,130.0535185577688
2026-01-11,Forward Fill,134.45526041874703,134.05225525165713,131.439805907806,139.79585781024747,130.0535185577688
2026-01-12,2026_01.csv,134.34055398288479,134.01607175308087,131.439805907806,139.5110575426407,129.7839496355831
2026-01-13,2026_01.csv,134.3815915494985,134.03371434090303,131.8417062883527,139.63993495836334,129.76780266092481
2026-01-14,2026_01.csv,134.53040221522537,134.2494727359814,131.94047304006065,139.6973184048513,129.7394272400298
2026-01-15,2026_01.csv,134.47806488261125,134.26033199385293,131.94047304006065,139.37023040024573,129.7394272400298
2026-01-16,2026_01.csv,134.454983953976,134.26205886205767,131.94047304006065,139.27113994223265,129.69698146716996
2026-01-17,2026_01.csv,134.451837901943,134.25860996482496,131.94047304006065,139.2730341236124,129.6884690834014
2026-01-18,2026_01.csv,134.3452430750234,134.16447505717412,131.95995136754556,139.03941367914584,129.66590939154597
2026-01-19,2026_01.csv,134.36307881610136,134.19187460472074,131.95995136754556,139.03941367914584,129.66590939154597
2026-01-20,2026_01.csv,134.40277316255845,134.2558844136593,131.96439414099913,139.03941367914584,129.65177763360265
2026-01-21,2026_01.csv,134.29598613408623,133.97379399319368,131.9622662109733,139.43241631670566,129.68943103311824
2026-01-22,2026_01.csv,134.2021149564364,133.8903202664671,131.97390600640867,139.38985452322282,129.4702982553435
2026-01-23,2026_01.csv,134.17010596706152,133.86826569720722,131.93381995707122,139.3272131319132,129.4331931868672
2026-01-24,2026_01.csv,134.16839699155145,133.86564034199827,131.93381995707122,139.3272131319132,129.4331931868672
2026-01-25,2026_01.csv,134.16839699155145,133.86564034199827,131.93381995707122,139.3272131319132,129.4331931868672
2026-01-26,2026_01.csv,134.16905755928144,133.8682447561499,131.93381995707122,139.32151569530308,129.4331931868672
2026-01-27,2026_01.csv,134.16905755928144,133.8682447561499,131.93381995707122,139.32151569530308,129.4331931868672
2026-01-28,2026_01.csv,133.98639913495703,133.79929729125885,131.9135315368502,138.56528543180386,129.4331931868672
2026-01-29,2026_01.csv,133.96338928051733,133.76407058759986,131.9135315368502,138.5602281598798,129.4389328834099
2026-01-30,2026_01.csv,133.96581518603176,133.767797302021,131.9135315368502,138.5602281598798,129.4389328834099
2026-01-31,2026_01.csv,133.67523995717906,133.65147244905572,132.14550371495815,137.88410359925734,128.77596301067913
2026-02-01,2026_02.csv,133.95701573833745,133.72775726906448,132.20432509329763,139.01305284184528,128.95257853680405
2026-02-02,2026_02.csv,133.97207878309507,133.75089735666887,132.20432509329763,139.01305284184528,128.95257853680405
2026-02-03,2026_02.csv,133.95731118886994,133.77698232321134,132.20432509329763,138.83498894496873,128.95663023661328
2026-02-04,2026_02.csv,133.92909653801865,133.83968700827043,132.21249054612701,138.51609105717571,128.87946274331736
2026-02-05,2026_02.csv,133.88922161878784,133.84358835730907,132.19792121017719,138.44761294118052,128.67661075219712
2026-02-06,2026_02.csv,133.7945259851036,133.86907992918523,132.19463210984023,138.35319974336826,128.03342236807816
2026-02-07,2026_02.csv,133.5924337703722,133.59918316976135,131.7748250917288,138.28044036669817,128.0040138834436
2026-02-08,2026_02.csv,133.49788056395712,133.5726543321775,131.79585150176314,137.8593408202949,127.99547636516388
2026-02-09,2026_02.csv,133.4981199406507,133.5726543321775,131.79585150176314,137.8593408202949,127.99711302456373
2026-02-10,2026_02.csv,133.38880877889,133.50114426367304,131.47291317773477,137.6186908444102,127.91357527825018
2026-02-11,2026_02.csv,133.38738462475064,133.505992414886,131.3702690706917,137.6054370370992,127.91357527825018
2026-02-12,2026_02.csv,133.33106876343203,133.4359444287131,131.30533243760365,137.58440368762282,127.87581116254101
2026-02-13,2026_02.csv,133.31163038318869,133.41197408557068,131.30533243760365,137.5493781454557,127.89308531748847
2026-02-14,2026_02.csv,133.1963475712201,133.39737501620854,131.30533243760365,137.20364137541122,127.599180208482
2026-02-15,2026_02.csv,133.17770439140975,133.3946052179745,131.30533243760365,137.1339756219522,127.57055030619793
2026-02-16,2026_02.csv,133.17559830817308,133.39136981959504,131.30533243760365,137.1339756219522,127.57055030619793
2026-02-17,2026_02.csv,133.17559830817308,133.39136981959504,131.30533243760365,137.1339756219522,127.57055030619793
2026-02-18,2026_02.csv,133.17559830817308,133.39136981959504,131.30533243760365,137.1339756219522,127.57055030619793
2026-02-19,2026_02.csv,133.15014182225804,133.38391640749626,131.30034849955777,137.1339756219522,127.4303939044519
2026-02-20,2026_02.csv,133.1434078127691,133.36914202984954,131.3536506180735,137.14719819200073,127.42597377558783
2026-02-21,2026_02.csv,133.14835444924313,133.3767411310404,131.3536506180735,137.14719819200073,127.42597377558783
2026-02-22,2026_02.csv,133.14706211915626,133.3779148093454,131.3536506180735,137.1358760864847,127.42597377558783
2026-02-23,2026_02.csv,133.14706211915626,133.3779148093454,131.3536506180735,137.1358760864847,127.42597377558783
2026-02-24,2026_02.csv,133.11978469059252,133.34183498517461,131.3536506180735,137.1358760864847,127.4000522849082
2026-02-25,2026_02.csv,132.79997484701076,133.1248047122422,130.73757196530693,136.25213578621762,127.36596223051808
2026-02-26,2026_02.csv,132.81847407781964,133.13878407120194,130.73757196530693,136.19702188487813,127.49866642893714
2026-02-27,2026_02.csv,132.81442139056554,133.13878407120194,130.73757196530693,136.17470794989094,127.49866642893714
2026-02-28,2026_02.csv,132.79159858981035,133.1222300832856,130.9357693282598,136.1320155628783,127.44062710791258
2026-03-01,2026_03.csv,132.79159858981035,133.1222300832856,130.9357693282598,136.1320155628783,127.44062710791258
2026-03-02,2026_03.csv,133.08577761557888,133.3495035313734,131.02475007799197,137.43172373038698,126.81363744861764
2026-03-03,2026_03.csv,132.72967814057952,133.22654215910282,131.15670981434988,135.9378742412659,126.76211090795772
2026-03-04,2026_03.csv,132.75807346520065,133.24296878639396,131.15670981434988,136.01997291161604,126.78119711665178
2026-03-05,2026_03.csv,132.5636243206519,133.04436399869417,131.21034153469125,135.65491313709467,126.78119711665178
2026-03-06,2026_03.csv,132.537195192468,133.03009454250338,131.2279597136382,135.6425351229604,126.6768258395396
2026-03-07,2026_03.csv,132.13456761852586,132.86412409805885,130.82890941842675,134.31474571648909,126.36924463173347
2026-03-08,2026_03.csv,132.12098980312913,132.86980341852225,131.04119533904657,134.30452127329102,126.23310495051945
2026-03-09,2026_03.csv,132.1246105738874,132.87536570382977,131.04119533904657,134.30452127329102,126.23310495051945
2026-03-10,2026_03.csv,131.9710129984112,132.65593121427176,130.9860156490599,134.29322393759355,126.1815751950256
2026-03-11,2026_03.csv,131.9415619366373,132.6385445050513,131.0085192525556,134.25941816091307,126.09631765496405
2026-03-12,Forward Fill,131.9415619366373,132.6385445050513,131.0085192525556,134.25941816091307,126.09631765496405
2026-03-13,2026_03.csv,131.47565852523277,131.997990108554,130.92466358387952,134.07892505814516,125.99801388382319
2026-03-14,2026_03.csv,131.47140448982503,131.9793049178442,130.89469712101348,134.1812458369235,125.92936743912806
2026-03-15,2026_03.csv,131.49982173107728,132.0435972173887,130.89469712101348,134.15034197999782,125.87589362547196
2026-03-16,2026_03.csv,131.50162177569848,132.04636247440658,130.89469712101348,134.15034197999782,125.87589362547196
2026-03-17,2026_03.csv,131.51041667056796,132.0642020896861,130.89469712101348,134.1110918085104,125.90536773484527
2026-03-18,2026_03.csv,131.43078864130314,131.94774128074192,130.89469712101348,134.09007092288007,125.90536773484527
2026-03-19,2026_03.csv,131.4225685514676,131.9502185180848,130.89469712101348,134.06148378801475,125.87363906564654
2026-03-20,2026_03.csv,131.3549048715204,131.86444566562932,130.89469712101348,134.07060332468,125.78143211009012
2026-03-21,2026_03.csv,131.28208295043316,131.783015469487,130.71336057203757,134.07060332468,125.67220020402328
2026-03-22,2026_03.csv,131.275325939917,131.7841239489801,130.71336057203757,134.02440521028896,125.6784356285976
2026-03-23,2026_03.csv,131.27294114763802,131.78046039336158,130.71336057203757,134.02440521028896,125.6784356285976
2026-03-24,2026_03.csv,131.23552029517847,131.72262275603376,130.4927353949391,134.07960099558485,125.64339016909275
2026-03-25,2026_03.csv,131.23036744227764,131.7028827568059,130.48213973534132,134.0670358564046,125.71315189035512
2026-03-26,2026_03.csv,131.13259346765636,131.62877384718183,130.5073419702441,133.91651176029623,125.55775747067153
2026-03-27,2026_03.csv,130.91518114713162,131.5703675205328,130.39611209587372,133.7621127574265,124.53904691080658
2026-03-28,2026_03.csv,130.91518114713162,131.5703675205328,130.39611209587372,133.7621127574265,124.53904691080658
2026-03-29,2026_03.csv,130.90854023947767,131.6243527112273,130.28168930498265,133.7621127574265,124.26993346748716
2026-03-30,2026_03.csv,130.91089281098562,131.6243527112273,130.3928215749655,133.7621127574265,124.26993346748716
2026-03-31,2026_03.csv,131.35859486776897,131.68812344246314,130.3564369068166,135.12280401687022,125.36271932479188
2026-04-01,2026_04.csv,131.3728572718359,131.69049781199433,130.37581559322206,135.25399322398695,125.28395385436096
2026-04-02,2026_04.csv,131.3742229230088,131.68835298642182,130.52970205540075,135.25399322398695,125.28056388931705
2026-04-03,2026_04.csv,131.3742229230088,131.68835298642182,130.52970205540075,135.25399322398695,125.28056388931705
2026-04-04,2026_04.csv,131.40759660149266,131.75710192255593,130.52970205540075,135.1700710766538,125.30697997733513
2026-04-05,2026_04.csv,131.42030368794119,131.7766227497424,130.52970205540075,135.1700710766538,125.30697997733513
2026-04-06,2026_04.csv,131.4313537828506,131.7766227497424,130.60282120094425,135.2552129807104,125.26622113221649
2026-04-07,2026_04.csv,131.4313537828506,131.7766227497424,130.60282120094425,135.2552129807104,125.26622113221649
2026-04-08,2026_04.csv,131.38347760284339,132.01603893445093,130.52806101541665,134.4467028655854,124.88813323276673
2026-04-09,2026_04.csv,131.26112986103738,131.90046159232153,130.50140566311694,134.32113575645644,124.72580027801207
2026-04-10,2026_04.csv,131.1635136727927,131.82384052226178,130.49818619398093,134.07012784999876,124.71155752095304
2026-04-11,2026_04.csv,130.96474778666698,131.6078839616299,130.50205253383825,133.90908959828002,124.51312381467918
2026-04-12,2026_04.csv,130.9463344231429,131.6122416733774,130.50205253383825,133.90908959828002,124.36783381441869
2026-04-13,2026_04.csv,130.94654533223715,131.61256567526388,130.50205253383825,133.90908959828002,124.36783381441869
2026-04-14,2026_04.csv,130.77265309827703,131.4144914654012,130.44187027841133,134.00737740411753,123.94712253215954
2026-04-15,2026_04.csv,130.64054069151985,131.2069935600134,130.44187027841133,134.02366622145502,123.94712253215954
2026-04-16,2026_04.csv,130.59577059414792,131.1543464148461,130.3788630293646,133.99314401758076,123.9223573707924
2026-04-17,2026_04.csv,130.49100912901739,131.11885075461265,130.3788630293646,133.41299758822478,124.08447645008171
2026-04-18,2026_04.csv,130.48855400061228,131.1164323299347,130.3788630293646,133.41299758822478,124.07845389810548
2026-04-19,2026_04.csv,130.44315761775263,131.11250735042975,130.3788630293646,133.23856161121523,124.00215026921583
2026-04-20,2026_04.csv,130.44315761775263,131.11250735042975,130.3788630293646,133.23856161121523,124.00215026921583
2026-04-21,2026_04.csv,130.42344186655367,131.08602432775416,130.3419741096838,133.22205627900524,124.01105229615088
2026-04-22,2026_04.csv,130.4330830352656,131.08470435222452,130.2104050960317,133.22205627900524,124.10188825884842
2026-04-23,2026_04.csv,130.41038218791448,131.08058299409245,129.39986962159455,133.22205627900524,124.08233578256078
2026-04-24,2026_04.csv,130.36135061912393,131.0264065747564,129.05760556871627,133.19525515694565,124.07103848497746
2026-04-25,2026_04.csv,130.32303993174588,130.94775651154296,128.44736399744065,133.305239130895,124.11089523097345
2026-04-26,2026_04.csv,130.23234519525724,130.94890440202943,128.44736399744065,133.07095272209307,123.77662224973298
2026-04-27,Forward Fill,130.23234519525724,130.94890440202943,128.44736399744065,133.07095272209307,123.77662224973298
2026-04-28,Forward Fill,130.23234519525724,130.94890440202943,128.44736399744065,133.07095272209307,123.77662224973298
2026-04-29,Forward Fill,130.23234519525724,130.94890440202943,128.44736399744065,133.07095272209307,123.77662224973298
2026-04-30,Forward Fill,130.23234519525724,130.94890440202943,128.44736399744065,133.07095272209307,123.77662224973298
2026-05-01,2026_05.csv,130.2142753451094,130.79492489334655,128.85080554872047,133.40506242101523,123.86510334222078
2026-05-02,2026_05.csv,130.19682523704643,130.768117761337,128.85080554872047,133.40506242101523,123.86510334222078
2026-05-03,2026_05.csv,130.17631438683776,130.75789983117488,128.85080554872047,133.3330234463299,123.85979995503102
2026-05-04,2026_05.csv,130.17631438683776,130.75789983117488,128.85080554872047,133.3330234463299,123.85979995503102
2026-05-05,2026_05.csv,130.17631438683776,130.75789983117488,128.85080554872047,133.3330234463299,123.85979995503102
2026-05-06,2026_05.csv,130.05630794270598,130.67809302958733,128.8125542236236,132.99087837381626,123.8248921642356
2026-05-07,2026_05.csv,129.97316185234564,130.63817509446224,128.75253391375156,132.90710562098488,123.54678336567812
2026-05-08,2026_05.csv,129.98049173342284,130.64185832899867,128.75253391375156,132.93143173823321,123.55029860327662
2026-05-09,2026_05.csv,129.9148766335932,130.56983819999397,128.75253391375156,132.86818272780522,123.50075502098723
2026-05-10,2026_05.csv,129.6311288027938,130.36104800145586,128.22181837996206,132.11721901639854,123.4993193527248
2026-05-11,2026_05.csv,129.62723697176148,130.35506930906806,128.22181837996206,132.11721901639854,123.4993193527248
2026-05-12,2026_05.csv,129.60848634492044,130.34823219057898,128.1731024891755,132.08666001700215,123.4465462109267
2026-05-13,2026_05.csv,129.59923901565963,130.27812015049616,128.14580355755595,132.29021543251153,123.4465462109267
2026-05-14,2026_05.csv,129.5427908563445,130.20536853338098,128.14580355755595,132.2401636148171,123.4465462109267
2026-05-15,2026_05.csv,129.51830911414922,130.17089145081033,128.0410381833432,132.23402229557243,123.45539560581283
2026-05-16,2026_05.csv,129.47090170463332,130.19846003966398,127.86685384206282,131.89721403285142,123.4520160952723
2026-05-17,2026_05.csv,129.4971784418282,130.23882677895415,127.86685384206282,131.89721403285142,123.4520160952723
2026-05-18,2026_05.csv,129.48929390757633,130.23408605550497,127.86685384206282,131.89721403285142,123.41920752416775
2026-05-19,2026_05.csv,129.48317754182614,130.22415450812835,127.88332014635458,131.89721403285142,123.41920752416775
2026-05-20,2026_05.csv,129.48684711122758,130.22846724130324,127.92404905579198,131.89721403285142,123.41920752416775
2026-05-21,2026_05.csv,129.49840320330665,130.23735026179298,127.81074775466644,131.87503511396523,123.50262334585449
2026-05-22,2026_05.csv,129.46261098574234,130.18656482353163,127.68991345614667,131.85622936949997,123.5247761466133
2026-05-23,2026_05.csv,129.43964915873497,130.15228647649326,127.68991345614667,131.85622936949997,123.5203434035478
2026-05-24,2026_05.csv,129.44530000609763,130.167130691724,127.68991345614667,131.83413947025792,123.5203434035478
2026-05-25,2026_05.csv,129.44792207926363,130.167130691724,127.81377661695427,131.83413947025792,123.5203434035478
2026-05-26,2026_05.csv,129.4090567569634,130.0898436433549,127.75724311940613,131.78680679324378,123.66555183613761
2026-05-27,2026_05.csv,129.40422887620971,130.09651952242922,127.67432382347812,131.75722185956474,123.65157008268564
2026-05-28,2026_05.csv,129.3185137233749,129.96173947649706,127.67432382347812,131.75722185956474,123.66538079643247
2026-05-29,2026_05.csv,129.3658543985053,130.0400355526191,127.67432382347812,131.76594243832648,123.62975903256026
2026-05-30,2026_05.csv,129.34945035159637,130.00668142275205,127.67789007119059,131.69809100899056,123.74978970981314
2026-05-31,2026_05.csv,129.44145039977886,130.14544515574534,127.71036473338677,131.70351056997265,123.74978970981314
2026-06-01,2026_06.csv,129.44145039977886,130.14544515574534,127.71036473338677,131.70351056997265,123.74978970981314
2026-06-02,2026_06.csv,129.48986174896987,130.20092407948027,127.7001069547158,131.78044632731329,123.7398163523976
2026-06-03,2026_06.csv,129.49885029592008,130.23163607758465,127.65764052271811,131.68983808581675,123.78324561415263
2026-06-04,2026_06.csv,129.43568805626268,130.19992455518897,127.66563581045756,131.45479485936102,123.78324561415263
2026-06-05,2026_06.csv,129.4454263805557,130.20792676186758,127.66563581045756,131.48864546745125,123.77217823537883
2026-06-06,2026_06.csv,129.4454263805557,130.20792676186758,127.66563581045756,131.48864546745125,123.77217823537883
2026-06-07,2026_06.csv,129.4382723770522,130.2069866115511,127.67060383341486,131.47954535646886,123.73803062347729
2026-06-08,2026_06.csv,129.43878357530002,130.2077719223849,127.67060383341486,131.47954535646886,123.73803062347729
2026-06-09,2026_06.csv,129.4388014478415,130.2253791413889,127.67624288447709,131.38924601184337,123.77110452187989
2026-06-10,2026_06.csv,129.37299500705802,130.1797609142706,127.67102628664321,131.3666220165073,123.55305472802034
2026-06-11,2026_06.csv,129.3133409079876,130.11227820163148,127.134852730141,131.3666220165073,123.52313598383921
2026-06-12,2026_06.csv,129.13475624987913,129.86088074016283,127.13918636318266,131.52116304778082,123.22847359676376
2026-06-13,2026_06.csv,129.13475624987913,129.86088074016283,127.13918636318266,131.52116304778082,123.22847359676376
2026-06-14,2026_06.csv,129.13475624987913,129.86088074016283,127.13918636318266,131.52116304778082,123.22847359676376
2026-06-15,2026_06.csv,129.13475624987913,129.86088074016283,127.13918636318266,131.52116304778082,123.22847359676376
2026-06-16,2026_06.csv,129.01246975077459,129.71691289504327,127.17697027181636,131.35393162092032,123.23532681294114
2026-06-17,2026_06.csv,128.9534004297832,129.629041040537,127.08867562332446,131.35393162092032,123.23532681294114
2026-06-18,2026_06.csv,128.89309697303614,129.54622460268286,127.01091057354942,131.32779007855746,123.23532681294114
2026-06-19,2026_06.csv,128.7945799678546,129.40959439167193,126.95250337577764,131.30322747789077,123.208798453341
2026-06-20,2026_06.csv,128.80601538617213,129.42512700509965,126.95250337577764,131.31051990439494,123.208798453341
2026-06-21,2026_06.csv,128.78867150922446,129.41902689705083,126.95250337577764,131.28374267710214,123.15061622063482
2026-06-22,2026_06.csv,128.76444270161264,129.48478697082703,126.90146275779868,131.29233928945865,122.68899651532597
2026-06-23,2026_06.csv,128.76444270161264,129.48478697082703,126.90146275779868,131.29233928945865,122.68899651532597
2026-06-24,2026_06.csv,128.79625277616796,129.544959414135,126.90146275779868,131.29233928945865,122.63868047640337
2026-06-25,2026_06.csv,128.8391343214591,129.61282094812185,126.84038631242342,131.29233928945865,122.63868047640337
2026-06-26,2026_06.csv,128.8123447093763,129.5756681291716,126.84038631242342,131.29233928945865,122.62086980313217
2026-06-27,2026_06.csv,128.85655468464236,129.6420137048458,126.88867880568122,131.29233928945865,122.62086980313217
2026-06-28,2026_06.csv,128.83954991722908,129.61295135892036,126.88867880568122,131.302874243018,122.62086980313217
2026-06-29,2026_06.csv,128.818024732963,129.58136285519748,126.84320494295255,131.302874243018,122.62086980313217
2026-06-30,2026_06.csv,128.818024732963,129.58136285519748,126.84320494295255,131.302874243018,122.62086980313217
2026-07-01,2026_07.csv,128.8556913932562,129.56478304763266,126.92009224162157,131.3714715460341,122.85588332294988
2026-07-02,2026_07.csv,129.29963021580565,129.58567155054303,126.9300094003591,133.06093741919182,123.69882732337712
2026-07-03,2026_07.csv,129.21508461483472,129.5925625717836,126.9300094003591,132.57583116584354,123.69249846575346
2026-07-04,2026_07.csv,129.03902950339491,129.55164832538784,126.88938848370238,131.80788195139013,123.63037535731532
2026-07-05,2026_07.csv,129.03902950339491,129.55164832538784,126.88938848370238,131.80788195139013,123.63037535731532
2026-07-06,2026_07.csv,129.02251089994323,129.55190991922706,126.86349055105441,131.72548121552714,123.62234224246676
2026-07-07,2026_07.csv,129.03589071717374,129.57201292409735,126.86349055105441,131.72709865797518,123.62234224246676
2026-07-08,2026_07.csv,129.02294425279763,129.60763601554694,126.72669237777392,131.64106340085075,123.50191513803175
2026-07-09,2026_07.csv,128.99081748636854,129.55210492598943,126.81242870778414,131.6471550544607,123.50943514589447
2026-07-10,2026_07.csv,128.88285534924668,129.3877707316071,126.65717490445807,131.65583786723704,123.51436366074569
2026-07-11,2026_07.csv,128.86492907728606,129.42385534474096,126.65717490445807,131.44666981055607,123.49093834349833
2026-07-12,2026_07.csv,128.86492907728606,129.42385534474096,126.65717490445807,131.44666981055607,123.49093834349833
2026-07-13,2026_07.csv,128.8072641653754,129.3230855524877,126.65717490445807,131.4903387099264,123.49093834349833
2026-07-14,2026_07.csv,128.8072641653754,129.3230855524877,126.65717490445807,131.4903387099264,123.49093834349833
2026-07-15,2026_07.csv,128.74950676612625,129.22670327945553,126.65717490445807,131.4903387099264,123.5250056496602
2026-07-16,2026_07.csv,128.76438880066493,129.25675105643717,126.65717490445807,131.4645841841847,123.5250056496602
2026-07-17,2026_07.csv,128.76337778015423,129.27102956074665,126.66251802372055,131.4022537102311,123.53117155165918
2026-07-18,2026_07.csv,128.77895011437045,129.2517617138692,126.66251802372055,131.52389369478948,123.57234720732622
2026-07-19,2026_07.csv,128.73903035563586,129.19814928543227,126.42534523156974,131.52389369478948,123.57234720732622
2026-07-20,2026_07.csv,128.75451874395284,129.22194279254006,126.42534523156974,131.52389369478948,123.57234720732622
2026-07-21,2026_07.csv,128.75451874395284,129.22194279254006,126.42534523156974,131.52389369478948,123.57234720732622
2026-07-22,2026_07.csv,128.77709152850204,129.27109588767212,126.42685773800646,131.47394469782384,123.56972415154708
2026-07-23,2026_07.csv,128.7891411682162,129.29565151704782,126.4112650022807,131.45049429891458,123.57419788694435
2026-07-24,2026_07.csv,128.78838611918718,129.29632134781073,126.4112650022807,131.44393628453307,123.57419788694435
2026-07-25,2026_07.csv,128.79187002124416,129.30824753263286,126.20910960139635,131.44393628453307,123.57419788694435
2026-07-26,2026_07.csv,128.799448621284,129.32301222515648,126.27657548995342,131.424881958975,123.57419788694435
2026-07-27,2026_07.csv,128.80341148677786,129.32301222515648,126.32801433312648,131.424881958975,123.59384758046194
2026-07-28,2026_07.csv,128.80341148677786,129.32301222515648,126.32801433312648,131.424881958975,123.59384758046194
2026-07-29,2026_07.csv,128.85053271806194,129.3833033803908,126.32801433312648,131.43517252043944,123.63490961743284
2026-07-30,2026_07.csv,128.89271053039576,129.4357144047031,126.32801433312648,131.43667098348965,123.68816223993211
2026-07-31,2026_07.csv,129.14083134461345,129.60660210508001,126.32801433312648,132.02577596545242,123.89250738154595
2026-08-01,2026_08.csv,129.6215216235537,129.97671778847118,126.50035517492422,132.67074899133257,124.70595445667816
2026-08-02,2026_08.csv,130.10832179829947,130.04941680329026,126.69642116679445,135.09675872658352,124.66979267200485
2026-08-03,2026_08.csv,130.10100054051466,130.04005385585143,126.70864236083605,135.08011374514467,124.68030774284149
2026-08-04,2026_08.csv,130.10100054051466,130.04005385585143,126.70864236083605,135.08011374514467,124.68030774284149
2026-08-05,2026_08.csv,129.79708047276156,130.02686763176098,126.70864236083605,133.86177953865152,124.17394018797556
2026-08-06,2026_08.csv,129.83137481439377,130.04047242301428,126.70864236083605,134.01361048007124,124.15932612919558
2026-08-07,2026_08.csv,129.9491199256413,130.16984857577452,126.70497134428602,134.07236969272734,124.31612613246507
2026-08-08,2026_08.csv,129.9474237118092,130.16984857577452,126.70497134428602,134.0630304067669,124.31612613246507
2026-08-09,2026_08.csv,129.9474237118092,130.16984857577452,126.70497134428602,134.0630304067669,124.31612613246507
2026-08-10,2026_08.csv,129.94601572797959,130.16768560874584,126.70497134428602,134.0630304067669,124.31612613246507
2026-08-11,2026_08.csv,129.94601572797959,130.16768560874584,126.70497134428602,134.0630304067669,124.31612613246507
2026-08-12,2026_08.csv,130.00070527825454,130.24108712177994,126.66976809065432,134.0357207682337,124.40237058910128
2026-08-13,2026_08.csv,130.21837539420926,130.5956677267169,126.66992670176846,133.99986023469455,124.35700924059535
2026-08-14,2026_08.csv,130.18028244634445,130.6089059291264,126.59670404319314,133.72853100304314,124.38517076009752
2026-08-15,2026_08.csv,130.19891422120313,130.57681745743582,126.592984180719,133.95412540903274,124.37577481249508
2026-08-16,2026_08.csv,130.24231902547018,130.6267165780607,126.4339732491753,133.97716472299055,124.44486203431244
2026-08-17,2026_08.csv,130.22263818590966,130.60102864540463,126.4339732491753,133.97802932406182,124.42355532692007
2026-08-18,2026_08.csv,130.22263818590966,130.60102864540463,126.4339732491753,133.97802932406182,124.42355532692007
2026-08-19,2026_08.csv,130.37790337840937,130.813186780716,126.37257460623132,134.01572332343844,124.50296585672041
2026-08-20,2026_08.csv,130.38730990681205,130.8958299245051,126.2148018943057,133.79274820035022,124.49918429102568
2026-08-21,2026_08.csv,130.43591504259697,130.9567079885721,126.2148018943057,133.80613043955768,124.54394073426744
2026-08-22,2026_08.csv,130.48563083110727,131.03396310480696,126.18771312505281,133.80613043955768,124.54394073426744
2026-08-23,2026_08.csv,130.51183192843428,131.09520676308244,125.99269791773939,133.75580347441806,124.54122826587752
2026-08-24,2026_08.csv,130.5204743143258,131.09589476802006,125.99269791773939,133.75865338158096,124.59371671469633
2026-08-25,2026_08.csv,130.5204743143258,131.09589476802006,125.99269791773939,133.75865338158096,124.59371671469633
2026-08-26,2026_08.csv,130.50295775095046,131.06708465060964,125.91400045104055,133.7746390780455,124.59371671469633
2026-08-27,2026_08.csv,130.4669181757867,131.0181512115019,125.9541021618454,133.78124262271993,124.55108965135739
2026-08-28,2026_08.csv,130.46062275444794,131.00719800382947,125.99352617839428,133.78124262271993,124.55108965135739
2026-08-29,2026_08.csv,130.46062275444794,131.00719800382947,125.99352617839428,133.78124262271993,124.55108965135739
2026-08-30,2026_08.csv,130.40354127682912,130.89769910639302,125.99352617839428,133.850726979259,124.56187192901295
2026-08-31,2026_08.csv,130.43524554224678,130.90528611191306,125.99352617839428,133.96272902455263,124.60579076159087
2026-09-01,2026_09.csv,130.43236357101108,130.90528611191306,125.96728070597496,133.96272902455263,124.58988491808118
2026-09-02,2026_09.csv,130.919013505781,131.1115663910639,125.91804502906751,135.28281243751496,125.36698871123515
2026-09-03,2026_09.csv,130.80940508517847,131.14004163649966,125.91804502906751,134.59921198624548,125.33972246471319
2026-09-04,2026_09.csv,130.86478016681676,131.22680407436874,125.91804502906751,134.60436463281943,125.32578300637951
2026-09-05,2026_09.csv,130.88013061890254,131.24474949504162,125.91804502906751,134.60436463281943,125.35086774483324
2026-09-06,2026_09.csv,131.0184348211353,131.41080840081344,125.97358135632095,134.721852858264,125.40347360446171
2026-09-07,2026_09.csv,131.02888854947415,131.42138386934715,125.99315860424689,134.72444717735027,125.42182462769308
2026-09-08,2026_09.csv,131.02888854947415,131.42138386934715,125.99315860424689,134.72444717735027,125.42182462769308
2026-09-09,2026_09.csv,131.027792987428,131.44012076436508,126.01924258838145,134.69014235159304,125.36976617950005
2026-09-10,2026_09.csv,131.01300714778836,131.45199903254863,125.8531524517856,134.64050996938786,125.30147843525437
2026-09-11,2026_09.csv,130.9632961678699,131.38109496401705,125.94806493589684,134.64698092711274,125.25539289946714
2026-09-12,2026_09.csv,130.90521852285644,131.3513125797719,126.08715641301626,134.65976167004422,124.95485482470832
2026-09-13,2026_09.csv,130.98976141707388,131.48552003386425,126.128978558035,134.65976167004422,124.9295243834688
2026-09-14,2026_09.csv,131.1292232572464,131.65946087030497,126.13625710629333,134.7293571518095,125.02142218808882
2026-09-15,2026_09.csv,131.1292232572464,131.65946087030497,126.13625710629333,134.7293571518095,125.02142218808882
2026-09-16,2026_09.csv,131.1141853368417,131.67029741432106,126.08537248095048,134.66047636930395,124.96327500814148
2026-09-17,2026_09.csv,131.14046081241614,131.71210023602853,126.10293738170053,134.66047636930395,124.95433258241209
2026-09-18,2026_09.csv,131.05134437962622,131.70379379216544,126.14840046781053,134.23917768721012,124.89857596956493
2026-09-19,2026_09.csv,131.05110498858608,131.7022811284834,126.14840046781053,134.2207362549075,124.92657169449623
2026-09-20,2026_09.csv,131.11142879768389,131.78545057442156,126.15366917329578,134.24979005472107,124.93201624839266
2026-09-21,2026_09.csv,131.11142879768389,131.78545057442156,126.15366917329578,134.24979005472107,124.93201624839266
2026-09-22,2026_09.csv,131.11142879768389,131.78545057442156,126.15366917329578,134.24979005472107,124.93201624839266
2026-09-23,2026_09.csv,131.1664512462114,131.85507865084696,126.51185099628965,134.26143872134148,124.93201624839266
2026-09-24,2026_09.csv,131.1603799018835,131.85307661165353,126.51185099628965,134.26143872134148,124.89941582024497
2026-09-25,2026_09.csv,131.17070857612546,131.87687909622562,126.51185099628965,134.25487994001875,124.87224255621612
2026-09-26,2026_09.csv,131.17070857612546,131.87687909622562,126.51185099628965,134.25487994001875,124.87224255621612
2026-09-27,2026_09.csv,131.17060807638032,131.8763332735729,126.52388757194453,134.25487994001875,124.87224255621612
2026-09-28,2026_09.csv,131.18653767302106,131.8761567249263,126.56513090833063,134.33645633174868,124.87467262943201
2026-09-29,2026_09.csv,131.17858882985362,131.86394558632796,126.56513090833063,134.33645633174868,124.87467262943201
2026-09-30,2026_09.csv,131.25938492369323,132.05890256804648,126.9703959588318,134.02674741001715,124.88533493374815
2026-10-01,2026_10.csv,131.78774063120426,132.27098778329452,127.0892302409085,135.8762045231441,125.24006280616345
2026-10-02,2026_10.csv,131.90034641933275,132.25971560349237,127.0892302409085,136.3916246075783,125.42010000360904
2026-10-03,2026_10.csv,131.8409591743494,132.25971560349237,127.0892302409085,136.06464079645804,125.42010000360904
