date,data_source,cpi,cochabamba_cpi,la_paz_cpi,santa_cruz_cpi
2024-07-29,2024_07.csv,100.00000000000001,100.00000000000001,100.00000000000001,100.00000000000001
2024-07-30,2024_07.csv,100.13039864562738,100.10336880140088,100.11750293959123,100.15522074933615
2024-07-31,2024_07.csv,100.13039864562738,100.10336880140088,100.11750293959123,100.15522074933615
2024-08-01,2024_08.csv,100.49349236604891,100.73471731853165,100.73538532649518,100.15242255660648
2024-08-02,2024_08.csv,100.88664586580555,101.07577239581612,101.16090464490274,100.53947329342117
2024-08-03,2024_08.csv,100.77718747495346,100.84610083947426,100.92844330671025,100.60230145875784
2024-08-04,2024_08.csv,100.79667021205225,100.85427300705365,100.93631352148127,100.63803143580249
2024-08-05,2024_08.csv,100.79667021205225,100.85427300705365,100.93631352148127,100.63803143580249
2024-08-06,2024_08.csv,100.7999736974443,100.85367337956853,100.94408010497474,100.63895608307078
2024-08-07,2024_08.csv,101.1548109584196,101.12715837908421,101.27308738388484,101.05626162185821
2024-08-08,2024_08.csv,101.14568052837802,101.12715837908421,101.2497343685403,101.05626162185821
2024-08-09,2024_08.csv,101.59791457940807,101.68948854778039,101.8975229466119,101.27255099163499
2024-08-10,2024_08.csv,102.03656502904859,102.14602790709418,102.40491019441801,101.6380177628829
2024-08-11,2024_08.csv,102.45472535835145,102.73039534250579,102.96419903586222,101.84525348559336
2024-08-12,2024_08.csv,102.59736411288405,102.7181479541092,102.9584423235665,102.20036346327086
2024-08-13,2024_08.csv,102.61568602320082,102.78311080500362,103.00435882444923,102.17081720283173
2024-08-14,2024_08.csv,102.61568602320082,102.78311080500362,103.00435882444923,102.17081720283173
2024-08-15,2024_08.csv,102.63140016785596,102.79120959697786,103.00144722358687,102.20765897737223
2024-08-16,2024_08.csv,102.85899492794941,102.84922177924344,103.14025600671425,102.59841369265322
2024-08-17,2024_08.csv,102.87498958988236,102.88509256394379,103.08422657982831,102.67299665135921
2024-08-18,2024_08.csv,102.92008805591561,102.94578810017319,103.10075139515193,102.73772519939018
2024-08-19,2024_08.csv,103.00569333703478,102.94444356423666,103.08864280013006,102.95619036611978
2024-08-20,2024_08.csv,103.0042038240696,102.94211292312374,103.08599136381089,102.95619036611978
2024-08-21,2024_08.csv,103.12909427098528,103.05738272021331,103.1872902303906,103.10782957515957
2024-08-22,2024_08.csv,103.23914935805563,103.09626999163159,103.21768690758816,103.32632813631072
2024-08-23,2024_08.csv,103.31254800677671,103.22556313847451,103.32148561845749,103.34487806366293
2024-08-24,2024_08.csv,103.41414261844227,103.45936711840685,103.35349273077681,103.45013105565256
2024-08-25,2024_08.csv,103.43936005626978,103.46324004651174,103.37659400415995,103.48734431134876
2024-08-26,2024_08.csv,103.43856026984916,103.47610749219022,103.38929943431532,103.46740874284208
2024-08-27,2024_08.csv,103.43574505401381,103.4715984952386,103.38433985626848,103.46740874284208
2024-08-28,2024_08.csv,103.90041352068074,104.07853341020218,104.26187170389643,103.47619032088994
2024-08-29,2024_08.csv,103.97266269552841,104.12691949930522,104.32018371416584,103.57275968159387
2024-08-30,2024_08.csv,104.29378370471474,104.60518407732421,104.79601491144412,103.67439853276322
2024-08-31,2024_08.csv,104.63096375422401,104.97792037042248,105.1892975671451,103.94202797236294
2024-09-01,2024_09.csv,105.12841274204551,105.7124722338096,105.87283182136113,104.15295151304525
2024-09-02,2024_09.csv,105.26737035495655,105.70169812583826,105.92979324548905,104.4393670184868
2024-09-03,2024_09.csv,105.26737035495655,105.70169812583826,105.92979324548905,104.4393670184868
2024-09-04,2024_09.csv,105.4139551308711,105.83264590364095,106.09957992124667,104.57140466671001
2024-09-05,2024_09.csv,105.63904168585032,105.87130143290571,106.15947405394917,105.03957795577249
2024-09-06,2024_09.csv,105.76885182655936,105.90741711651178,106.22292892022574,105.27584464027767
2024-09-07,2024_09.csv,105.84082896712741,105.93036418641387,106.1759068111572,105.48298158226564
2024-09-08,2024_09.csv,105.86159434748618,105.97995055399826,106.20437466373907,105.48298158226564
2024-09-09,2024_09.csv,105.86149474890502,105.98182319050704,106.21266194743379,105.47405113189386
2024-09-10,2024_09.csv,105.86120759497148,105.97953903155629,106.2130626986223,105.47405113189386
2024-09-11,2024_09.csv,105.89306284934895,105.9954586111886,106.23347151848617,105.5241641006832
2024-09-12,2024_09.csv,105.88888858575544,105.95300644590132,106.18471926591232,105.57995076373578
2024-09-13,2024_09.csv,105.92582011603186,105.98562718897267,106.2248999248837,105.61583894435762
2024-09-14,2024_09.csv,105.86693433845258,105.8333787680517,106.03290010247298,105.72619142429099
2024-09-15,2024_09.csv,105.96876025160321,105.94151467678883,106.15905543635027,105.80212415194272
2024-09-16,2024_09.csv,106.00880436896412,105.93981390088892,106.15317320943429,105.90502479509944
2024-09-17,2024_09.csv,106.00880436896412,105.93981390088892,106.15317320943429,105.90502479509944
2024-09-18,2024_09.csv,106.0905295413012,106.01406695966794,106.23953466010698,105.98588008835223
2024-09-19,2024_09.csv,106.13568198222714,106.0673363938509,106.28016094565777,106.03149643633647
2024-09-20,2024_09.csv,106.15639759500641,106.09063343218898,106.30559867789951,106.04655074063051
2024-09-21,2024_09.csv,106.1386414347307,106.10039398731362,106.3006602149888,106.00381790028801
2024-09-22,2024_09.csv,106.1209963692009,106.07443145611033,106.2998077710485,105.9742385817751
2024-09-23,2024_09.csv,106.12751434033461,106.08140014070361,106.32159030500479,105.96615462788871
2024-09-24,2024_09.csv,106.12751434033461,106.08140014070361,106.32159030500479,105.96615462788871
2024-09-25,2024_09.csv,106.1297334524079,106.07816192761818,106.31456067299705,105.97965002650436
2024-09-26,2024_09.csv,106.13688907878378,106.11190167866873,106.31638981860002,105.97937144992362
2024-09-27,2024_09.csv,106.14113079275565,106.11207588980032,106.31790759221633,105.98808696767028
2024-09-28,2024_09.csv,106.21018810492079,106.1625870880072,106.3397539609251,106.11034227296878
2024-09-29,2024_09.csv,106.24437986742413,106.15779449246253,106.35473299024953,106.18091273791151
2024-09-30,2024_09.csv,106.45810246777764,106.3862423707913,106.60396786877482,106.3542565443812
2024-10-01,2024_10.csv,106.45768197418448,106.3862423707913,106.60289236704178,106.3542565443812
2024-10-02,2024_10.csv,107.11334853639781,107.13721582034356,107.34294962993187,106.88570807895418
2024-10-03,2024_10.csv,107.24614210724454,107.41946926072939,107.49794057082877,106.92754678217702
2024-10-04,2024_10.csv,107.3601244894302,107.57205427549727,107.62946325221424,107.00690601215852
2024-10-05,2024_10.csv,107.47729237112753,107.61582356733688,107.65717979224686,107.24279491666647
2024-10-06,2024_10.csv,107.52413687407133,107.62013508190914,107.65929077007017,107.35174066428227
2024-10-07,2024_10.csv,107.58429291023205,107.72659164375554,107.78960859611566,107.3240575769702
2024-10-08,2024_10.csv,107.58061994769186,107.72078679397025,107.78309917688085,107.3240575769702
2024-10-09,2024_10.csv,107.71671543746228,107.91364834075775,107.91424262696005,107.4382243638405
2024-10-10,2024_10.csv,107.73253248407431,107.91603966049888,107.93259515970571,107.45794158033203
2024-10-11,2024_10.csv,107.74708560815361,107.92610302487282,107.95114038350137,107.47083477099244
2024-10-12,2024_10.csv,107.56834016756112,107.70594520966564,107.72312764587771,107.35793975814684
2024-10-13,2024_10.csv,107.66100892781604,107.78808410934879,107.80088941883768,107.46959583785056
2024-10-14,2024_10.csv,107.6504726830517,107.77502065110123,107.77184034555094,107.4776967645321
2024-10-15,2024_10.csv,107.80761308774078,107.90063224784753,107.94165518345812,107.63766084158496
2024-10-16,2024_10.csv,107.81088347209347,107.90727621332579,107.94165518345812,107.64243373459759
2024-10-17,2024_10.csv,107.93429804791599,107.98842689037305,108.0443405461826,107.80519328384874
2024-10-18,2024_10.csv,107.94997275098005,108.00365081703009,108.04947588762194,107.83101523311764
2024-10-19,2024_10.csv,107.96264507998745,108.01053236501323,108.05941007912273,107.84898217801454
2024-10-20,2024_10.csv,107.94320236660685,108.02208112107373,108.0436510381913,107.81154586751288
2024-10-21,2024_10.csv,107.92196986530027,108.00089513043508,107.99539854956228,107.81576480933539
2024-10-22,2024_10.csv,107.92196986530027,108.00089513043508,107.99539854956228,107.81576480933539
2024-10-23,2024_10.csv,107.9565860246233,108.0651098184738,107.96653912738837,107.8963547626118
2024-10-24,2024_10.csv,107.97149452745961,108.08063163594916,107.98139369242612,107.91102675211307
2024-10-25,2024_10.csv,108.01284338942529,108.1284074260256,108.02251943741936,107.94957467500905
2024-10-26,2024_10.csv,108.01899760271712,108.12973647736919,108.03704728199666,107.9500953928595
2024-10-27,2024_10.csv,108.02494708076586,108.20001472910535,108.06915983522545,107.90123878156977
2024-10-28,2024_10.csv,108.03154873560153,108.20163699326751,108.07275070146004,107.91301192534218
2024-10-29,2024_10.csv,108.0297629042341,108.19873352335962,108.06962605909756,107.91301192534218
2024-10-30,2024_10.csv,108.22770865972308,108.38614766492356,108.2708886670774,108.11276520088725
2024-10-31,2024_10.csv,108.22944905704634,108.38614766492356,108.2708886670774,108.11696181565702
2024-11-01,2024_11.csv,108.34261498436385,108.41368077897782,108.32074693934106,108.32993391131133
2024-11-02,2024_11.csv,108.60356265009293,108.7725244667546,108.66718205535926,108.46441946537155
2024-11-03,2024_11.csv,108.76820586412728,109.03795974443264,108.94316025414501,108.47687575229908
2024-11-04,2024_11.csv,108.79516132866948,109.08391234683236,108.98926651433423,108.47687575229908
2024-11-05,2024_11.csv,108.79516132866948,109.08391234683236,108.98926651433423,108.47687575229908
2024-11-06,2024_11.csv,108.85061285684515,109.14181840229145,109.01213977399887,108.56189056628136
2024-11-07,2024_11.csv,108.83360366247422,109.11685349469123,108.97987997414067,108.56298654386848
2024-11-08,2024_11.csv,108.85293070690543,109.13310957065372,108.99361408725647,108.58902523050752
2024-11-09,2024_11.csv,108.64625364291334,108.79625903042646,108.6214863866613,108.59931932610357
2024-11-10,2024_11.csv,108.67841547477852,108.80977476831833,108.62717616623799,108.66517429706278
2024-11-11,2024_11.csv,108.68618869846311,108.80672381093972,108.63574045835115,108.6772733169291
2024-11-12,2024_11.csv,108.68375986387039,108.80416887761817,108.6328398632843,108.67534831951905
2024-11-13,2024_11.csv,108.73211510166941,108.8199053716058,108.65642654374065,108.76233748657694
2024-11-14,2024_11.csv,108.75390259887627,108.83012929454866,108.68721643126615,108.7810559495599
2024-11-15,2024_11.csv,108.7404890723019,108.83008740402771,108.67134363878884,108.76369573988535
2024-11-16,2024_11.csv,108.76013916397049,108.86889871419157,108.6934361999632,108.77206535083594
2024-11-17,2024_11.csv,108.74229598674171,108.8685804336743,108.69343701425291,108.72918851189515
2024-11-18,2024_11.csv,108.76071187935972,108.87055971132679,108.70240524098736,108.76421248065334
2024-11-19,2024_11.csv,108.74745895283462,108.84967816591639,108.67888602279285,108.76421248065334
2024-11-20,2024_11.csv,108.8545476735592,108.90899369861191,108.71952785876272,108.95632808218512
2024-11-21,2024_11.csv,108.93819930606563,109.03426622006349,108.81424561033032,109.01004595095883
2024-11-22,2024_11.csv,108.95348210417194,109.0471916816404,108.82996122841709,109.0260252161953
2024-11-23,2024_11.csv,108.75025575249131,108.77523079299252,108.4313057797306,109.03924567094424
2024-11-24,2024_11.csv,108.79712856183897,108.87507922889353,108.4676905271674,109.07118486619028
2024-11-25,2024_11.csv,108.78634076674572,108.88069384898277,108.47469984142694,109.03593353718821
2024-11-26,2024_11.csv,108.80539231990258,108.90403622893808,108.4866224701384,109.0596954901543
2024-11-27,2024_11.csv,108.84195894818376,108.94742029739528,108.50237800179696,109.11268763439887
2024-11-28,2024_11.csv,108.87497011040628,108.98849853209522,108.5783478878418,109.10141947376135
2024-11-29,2024_11.csv,108.96936981251562,109.10174741590784,108.74930704363263,109.11481072032035
2024-11-30,2024_11.csv,108.97936534726338,109.13364020157029,108.78968755089555,109.08590088725403
2024-12-01,2024_12.csv,108.7864955425031,108.78369224403565,108.43947670042475,109.11496284523226
2024-12-02,2024_12.csv,108.89591770007857,108.92667703701753,108.60307924258055,109.15758066599402
2024-12-03,2024_12.csv,108.90101628399711,108.92919523962586,108.62871760209391,109.14452428454742
2024-12-04,2024_12.csv,109.21529359776784,109.38705567364008,109.26931750738504,109.08388457890462
2024-12-05,2024_12.csv,109.23190878621872,109.40170382213803,109.29648245280599,109.09147556865194
2024-12-06,2024_12.csv,109.29655114817245,109.48956176194322,109.35844483453005,109.14776702995486
2024-12-07,2024_12.csv,109.25846277032967,109.51385610938118,109.34718814322092,109.05515403071239
2024-12-08,2024_12.csv,109.27568515832328,109.48279273639606,109.33951217616264,109.11847336616806
2024-12-09,2024_12.csv,109.38299163963222,109.43531799344545,109.35088491911101,109.38874334111202
2024-12-10,2024_12.csv,109.3814342889525,109.43216080873815,109.34756458442818,109.38959764182576
2024-12-11,2024_12.csv,109.411942385987,109.41917997790574,109.37578999281045,109.44263413144455
2024-12-12,2024_12.csv,109.38088770646274,109.31755252058704,109.24251724964024,109.54101235833423
2024-12-13,2024_12.csv,109.32889892069066,109.29756616410538,109.21798031022232,109.44814872750776
2024-12-14,2024_12.csv,109.41988438568457,109.37291133656552,109.31236237843225,109.54326015606004
2024-12-15,2024_12.csv,109.49987230571435,109.51117458873827,109.45951148425925,109.53262709184288
2024-12-16,2024_12.csv,109.52841940754652,109.57965731639474,109.49877124886576,109.53236326875158
2024-12-17,2024_12.csv,109.52841940754652,109.57965731639474,109.49877124886576,109.53236326875158
2024-12-18,2024_12.csv,109.5588359323979,109.62181931004918,109.54581263292816,109.54160337822286
2024-12-19,2024_12.csv,109.56982919304508,109.63946962822685,109.5587292183555,109.54766430530881
2024-12-20,2024_12.csv,109.56982919304508,109.63946962822685,109.5587292183555,109.54766430530881
2024-12-21,2024_12.csv,109.5771861452158,109.64187781653784,109.5587292183555,109.5642757650662
2024-12-22,2024_12.csv,109.57920502289103,109.64464451763415,109.5664066555341,109.56060961952481
2024-12-23,2024_12.csv,109.59188900763417,109.6524388010685,109.5804263829883,109.57432535471777
2024-12-24,2024_12.csv,109.59188900763417,109.6524388010685,109.5804263829883,109.57432535471777
2024-12-25,2024_12.csv,109.64700264220255,109.69600817164805,109.64322946177093,109.62759869424623
2024-12-26,2024_12.csv,109.64941771341603,109.70088823672032,109.64494975807762,109.62951381576836
2024-12-27,2024_12.csv,109.6502511265902,109.70088823672032,109.64494975807762,109.63152342241926
2024-12-28,2024_12.csv,109.66516223790642,109.70483055080354,109.64354080907506,109.66695969534355
2024-12-29,2024_12.csv,109.6752545406247,109.66910036507808,109.66283437137801,109.68984720840018
2024-12-30,2024_12.csv,109.7112206320118,109.67173835511504,109.65834865568974,109.77956505888973
2024-12-31,2024_12.csv,109.71185346312572,109.67173835511504,109.65834865568974,109.78109100262907
2025-01-01,2025_01.csv,109.96229084278133,109.6742789948419,109.65771935956717,110.38437277073598
2025-01-02,2025_01.csv,110.46088061603112,110.58833789314069,110.58708555240352,110.28218119950891
2025-01-03,2025_01.csv,110.47403472081686,110.60944708800436,110.61023887307184,110.28218119950891
2025-01-04,2025_01.csv,110.59448836524687,110.87559733805072,110.77235969114886,110.29508796250522
2025-01-05,2025_01.csv,110.77548876068823,111.1091871386954,111.09871800833305,110.31441108298667
2025-01-06,2025_01.csv,110.80027603934927,111.1117058280226,111.09871800833305,110.37300046163851
2025-01-07,2025_01.csv,111.10671529073036,111.43813369048667,111.47010138764344,110.60884779681085
2025-01-08,2025_01.csv,111.10671529073036,111.43813369048667,111.47010138764344,110.60884779681085
2025-01-09,2025_01.csv,111.14539021997652,111.52812238884212,111.52572959586209,110.60749729284954
2025-01-10,2025_01.csv,111.13414943266383,111.5254258251516,111.49985202142155,110.6060520886773
2025-01-11,2025_01.csv,111.13433558182405,111.5254258251516,111.50032813746148,110.6060520886773
2025-01-12,2025_01.csv,111.15715831445067,111.63713269879837,111.5521639079613,110.55987670127722
2025-01-13,2025_01.csv,111.11182043492653,111.5862753241026,111.4668308714993,110.55483058014788
2025-01-14,2025_01.csv,110.90206731697003,111.24303155783622,111.1582527044748,110.50079123174406
2025-01-15,2025_01.csv,110.96377247036844,111.2647157220393,111.19053133611025,110.60898989545952
2025-01-16,2025_01.csv,110.99740145252309,111.26792126626974,111.18589678871518,110.69294667064166
2025-01-17,2025_01.csv,111.03619894514893,111.29945708458348,111.2006288488131,110.75783437366223
2025-01-18,2025_01.csv,111.0765262358293,111.36360502108504,111.26992231353682,110.75969268555467
2025-01-19,2025_01.csv,111.08862426234424,111.36728117430458,111.26059837043572,110.79593238548006
2025-01-20,2025_01.csv,111.11231063188978,111.378536736785,111.28075294705546,110.82877272277537
2025-01-21,2025_01.csv,111.11363390861246,111.38534683114895,111.28075294705546,110.82877272277537
2025-01-22,2025_01.csv,111.19119497229809,111.456142250342,111.32746330401993,110.93858843917694
2025-01-23,2025_01.csv,111.19340876341658,111.43743697932483,111.3291090657254,110.95113919577985
2025-01-24,2025_01.csv,111.194408842054,111.43743697932483,111.3291090657254,110.95355068235511
2025-01-25,2025_01.csv,111.22453768884374,111.45674718987766,111.34502645794824,111.00214643489082
2025-01-26,2025_01.csv,111.25067731657313,111.4691695191428,111.35733375691433,111.04775368962264
2025-01-27,2025_01.csv,111.26288272777671,111.4637421058806,111.36715331065014,111.070470093923
2025-01-28,2025_01.csv,111.26113303286462,111.46098937606448,111.36404617835393,111.070470093923
2025-01-29,2025_01.csv,111.40033992086184,111.6815153670636,111.55261509989285,111.12503927479553
2025-01-30,2025_01.csv,111.45023678521623,111.68213971145232,111.605856729376,111.19486907407875
2025-01-31,2025_01.csv,111.42374319694768,111.67521967943448,111.67333754982542,111.07060959002854
2025-02-01,2025_02.csv,111.53753840592591,111.85588014403442,111.73722821098664,111.20012341422975
2025-02-02,2025_02.csv,111.90500860710182,112.3032724765527,112.24129336888312,111.40137115011262
2025-02-03,2025_02.csv,112.02241183681372,112.47834798629738,112.40414974930654,111.44890131500954
2025-02-04,2025_02.csv,112.022044448607,112.47874459566249,112.40301296426034,111.44890131500954
2025-02-05,2025_02.csv,112.0476614608472,112.48700055511978,112.43296335683293,111.47856738716763
2025-02-06,2025_02.csv,112.09633426028972,112.49501656651478,112.4378950108056,111.58752678206731
2025-02-07,2025_02.csv,112.12330131807201,112.50599288727105,112.46922436630207,111.6178735876905
2025-02-08,2025_02.csv,112.02177662990697,112.34321383159254,112.3340770153818,111.57674706685721
2025-02-09,2025_02.csv,112.07141483213144,112.37784389800747,112.33329874863894,111.68094759800103
2025-02-10,2025_02.csv,112.03772327194147,112.34684992771926,112.26560679840387,111.6780461512114
2025-02-11,2025_02.csv,112.06088495810711,112.33493847896641,112.30850336780216,111.69903589827193
2025-02-12,2025_02.csv,112.06109942946516,112.33716668786757,112.30786280971263,111.69911293314834
2025-02-13,2025_02.csv,112.10677049867158,112.37987747519668,112.33505227152037,111.76359465051988
2025-02-14,2025_02.csv,112.10522442343571,112.38257761046408,112.2876301231175,111.80330895815979
2025-02-15,2025_02.csv,111.84168922703682,111.93978869478448,111.83395113772606,111.80302066089232
2025-02-16,2025_02.csv,111.85673039749858,111.95772495785914,111.86274450193073,111.80374040670287
2025-02-17,2025_02.csv,111.86848472308648,111.96805034959954,111.86593782276593,111.82423517967995
2025-02-18,2025_02.csv,111.86940996260535,111.96802299904805,111.86593782276593,111.82647902179
2025-02-19,2025_02.csv,111.91508729947198,111.98721623288085,111.8913976801153,111.90362540036423
2025-02-20,2025_02.csv,111.91431273499961,111.91230377355028,111.8305490231792,111.99422269755439
2025-02-21,2025_02.csv,111.84731022620635,111.91055242454999,111.72269558775035,111.93515972613575
2025-02-22,2025_02.csv,111.84865869058251,111.8943609652882,111.70605276457762,111.96168775707368
2025-02-23,2025_02.csv,111.9047560807148,111.99161487675593,111.78793371483708,111.9741940140022
2025-02-24,2025_02.csv,111.89523945971877,111.99787260969394,111.74954746482062,111.98450344529236
2025-02-25,2025_02.csv,111.89065134205097,111.99500275770167,111.74030001270575,111.98350286060062
2025-02-26,2025_02.csv,111.94009395210676,112.01298804083972,111.82074105280721,112.01846060668959
2025-02-27,2025_02.csv,111.98258652399248,112.06626715502864,111.8594310309956,112.05948414902554
2025-02-28,2025_02.csv,112.00219610396279,112.05647999225656,111.8639433377186,112.10710036241983
2025-03-01,2025_03.csv,112.01143368855523,112.08498183635325,111.82326842728268,112.15436710576391
2025-03-02,2025_03.csv,112.11232292138723,112.12791124031361,111.87947304095135,112.32453959486672
2025-03-03,2025_03.csv,112.11334230859785,112.12826498052863,111.8801819298412,112.32616358937359
2025-03-04,2025_03.csv,112.11334230859785,112.12826498052863,111.8801819298412,112.32616358937359
2025-03-05,2025_03.csv,112.11334230859785,112.12826498052863,111.8801819298412,112.32616358937359
2025-03-06,2025_03.csv,112.11355873010956,112.1293787694224,111.8801819298412,112.32616358937359
2025-03-07,2025_03.csv,112.31014858577412,112.36355492698127,112.11358965359021,112.470432456566
2025-03-08,2025_03.csv,112.37271373286796,112.37666473308218,112.1346223645963,112.59532441560025
2025-03-09,2025_03.csv,112.40643270038228,112.42883114968264,112.19052582355809,112.59948543799014
2025-03-10,2025_03.csv,112.3451619882844,112.34146889411862,112.06037932484054,112.61537271229652
2025-03-11,2025_03.csv,112.48359821878594,112.62627447515271,112.27108037748235,112.61710075810079
2025-03-12,2025_03.csv,112.49693316028905,112.63906086135923,112.32977677490047,112.58792796922575
2025-03-13,2025_03.csv,112.53244706123307,112.67746457753286,112.3749090364972,112.61302011110428
2025-03-14,2025_03.csv,112.54703147986433,112.6910232190966,112.37879316277444,112.63817290601504
2025-03-15,2025_03.csv,112.55608191564107,112.73047210902254,112.38709607874127,112.63368512689254
2025-03-16,2025_03.csv,112.51147026415173,112.58028548962955,112.4332954680937,112.55292716257941
2025-03-17,2025_03.csv,112.50517704275725,112.5848067175559,112.4182852089896,112.54978495400248
2025-03-18,2025_03.csv,112.50579414838018,112.5848067175559,112.41986358777523,112.54978495400248
2025-03-19,2025_03.csv,112.54040926678292,112.61913863719003,112.4516160131295,112.5872315817797
2025-03-20,2025_03.csv,112.56284733724331,112.67800084484136,112.47742016609268,112.58943003337455
2025-03-21,2025_03.csv,112.61626701708636,112.69819967321683,112.55314263473794,112.6373889955942
2025-03-22,2025_03.csv,112.63440769948801,112.68565517897721,112.55647047315226,112.68387184923621
2025-03-23,2025_03.csv,112.67374149824836,112.7208278484289,112.59779982287071,112.72327399438984
2025-03-24,2025_03.csv,112.69769798028464,112.72057136214222,112.6107070914199,112.76899196576043
2025-03-25,2025_03.csv,112.69141111967767,112.70957239645381,112.60009350565926,112.76899196576043
2025-03-26,2025_03.csv,112.72005338995143,112.74749677548664,112.60545676380704,112.81523159234494
2025-03-27,2025_03.csv,112.78225585118547,112.69314030435147,112.60167889861016,112.99425007309635
2025-03-28,2025_03.csv,112.918971843111,112.85442162950369,112.77914293479257,113.0810407489584
2025-03-29,2025_03.csv,113.1123121021177,113.09891532550523,112.9706747989766,113.25211836379371
2025-03-30,2025_03.csv,113.24891438315089,113.21095837328009,113.07155765376659,113.43390234669145
2025-03-31,2025_03.csv,113.43183863173047,113.53578248298079,113.34412814258008,113.46582612927824
2025-04-01,2025_04.csv,113.42650892269373,113.50835373670941,113.34412814258008,113.46582612927824
2025-04-02,2025_04.csv,114.31979795590308,114.6470860840004,114.57856695374461,113.92249398744292
2025-04-03,2025_04.csv,114.51047271555507,114.85596749234232,114.85691708965754,114.02198175050944
2025-04-04,2025_04.csv,114.61715840339875,115.05961065135308,114.98552089471396,114.06257540037014
2025-04-05,2025_04.csv,114.76477429182292,115.14222465699196,115.05137916453418,114.31772480634228
2025-04-06,2025_04.csv,114.83500186240317,115.0608923543514,114.94431811804962,114.62610427354696
2025-04-07,2025_04.csv,114.89970879716019,115.08353580251477,114.94904471862726,114.76706648133771
2025-04-08,2025_04.csv,114.80665926545413,114.93575335898123,114.78449743656964,114.76706648133771
2025-04-09,2025_04.csv,114.8869484971507,114.97834483877796,114.8316722193727,114.89623750253872
2025-04-10,2025_04.csv,114.89810027709771,114.98141165078506,114.83419173592516,114.9193155388092
2025-04-11,2025_04.csv,114.93299026781654,114.99317280931824,114.85193681655514,114.98120580594927
2025-04-12,2025_04.csv,115.11970172685535,115.26308207059114,115.17245982243409,115.00278408563386
2025-04-13,2025_04.csv,115.287739563603,115.39549434804162,115.34145768900811,115.18660890903315
2025-04-14,2025_04.csv,115.28916586861496,115.39852971794492,115.34359721308155,115.18660890903315
2025-04-15,2025_04.csv,115.29150091671177,115.39852971794492,115.3458739366747,115.1900930102486
2025-04-16,2025_04.csv,115.50053382611563,115.48590898925183,115.44605789670165,115.55874364120878
2025-04-17,2025_04.csv,115.8137525647252,115.80424709837293,115.76833501509708,115.86102390605976
2025-04-18,2025_04.csv,116.03459855607198,116.04852832098642,116.06775038745883,115.99681781685847
2025-04-19,2025_04.csv,115.99124612051143,116.15314077547367,116.09399854046916,115.8185213400423
2025-04-20,2025_04.csv,115.99124612051143,116.15314077547367,116.09399854046916,115.8185213400423
2025-04-21,2025_04.csv,116.02886680801052,116.15354466047606,116.09854673242661,115.90475892045546
2025-04-22,2025_04.csv,116.05688189992746,116.19288953130781,116.1336493463809,115.92078373987313
2025-04-23,2025_04.csv,116.125360715986,116.20876745557457,116.24415309045823,115.97428904460025
2025-04-24,2025_04.csv,116.15796545480697,116.25679259983932,116.26686265972425,116.0089974037648
2025-04-25,2025_04.csv,116.18722469418483,116.26444185428228,116.29053278734044,116.05365098658592
2025-04-26,2025_04.csv,116.23025930332987,116.38318101447915,116.3017931370357,116.09117020769924
2025-04-27,2025_04.csv,116.31696440139117,116.44496071330148,116.35191578076478,116.22404219592812
2025-04-28,2025_04.csv,116.33488377728477,116.45968636395666,116.38463111537924,116.22950899725909
2025-04-29,2025_04.csv,116.33488377728477,116.45968636395666,116.38463111537924,116.22950899725909
2025-04-30,2025_04.csv,116.58916374359231,116.7419694310206,116.70389743596016,116.40940211569898
2025-05-01,2025_05.csv,117.030441788345,117.35518245930069,117.33360744177659,116.59247622894524
2025-05-02,2025_05.csv,118.23224395597242,118.94906274658861,118.89716070549755,117.26953070049512
2025-05-03,2025_05.csv,118.23224395597242,118.94906274658861,118.89716070549755,117.26953070049512
2025-05-04,2025_05.csv,118.9158310131712,119.4937278566698,119.86694525521642,117.74839428884307
2025-05-05,2025_05.csv,118.95778553217761,119.49903945891126,119.8676415298224,117.84641396920878
2025-05-06,2025_05.csv,118.95778553217761,119.49903945891126,119.8676415298224,117.84641396920878
2025-05-07,2025_05.csv,119.2942151622343,120.28286650117505,120.31420575966483,117.86938928499444
2025-05-08,2025_05.csv,120.24696230291075,121.36754083794244,121.61851881130337,118.42888242036264
2025-05-09,2025_05.csv,120.76941696754604,121.53728870480582,121.7954031744566,119.442383145992
2025-05-10,2025_05.csv,120.78105326145533,121.43606667924891,121.58142303143896,119.7195993516881
2025-05-11,2025_05.csv,120.96598379022149,121.52722213353263,121.4907477024774,120.20829628601933
2025-05-12,2025_05.csv,121.07359136713092,121.58389573106881,121.57633301421646,120.36053016223852
2025-05-13,2025_05.csv,121.07127159198353,121.58389573106881,121.57633301421646,120.35493649548442
2025-05-14,2025_05.csv,121.60265813267364,122.09734123197961,122.03472567977235,120.96354452142218
2025-05-15,2025_05.csv,121.83410342501196,122.11883121086174,122.0267585690846,121.51906993506198
2025-05-16,2025_05.csv,122.10815558464624,122.24866594621005,122.16601567655607,121.9877727158225
2025-05-17,2025_05.csv,122.19695001614865,122.29664967163023,122.1877733166422,122.15888795267273
2025-05-18,2025_05.csv,123.07211793780496,123.03761583261051,122.94808100835677,123.20522008087131
2025-05-19,2025_05.csv,123.2442340403895,123.30205933209392,123.10760986520282,123.34594364090657
2025-05-20,2025_05.csv,123.2442340403895,123.30205933209392,123.10760986520282,123.34594364090657
2025-05-21,2025_05.csv,123.77844068625856,123.85466146995621,123.77084829522623,123.74988583793458
2025-05-22,2025_05.csv,124.23099108029547,124.60026795599178,124.37058290123409,123.92636854402477
2025-05-23,2025_05.csv,124.65021840617763,124.86239728962772,124.61855287676657,124.58065659773698
2025-05-24,2025_05.csv,124.87938269611668,125.0792427860353,124.79239844669422,124.86774477059811
2025-05-25,2025_05.csv,125.06643463704472,125.17427416362786,124.90394651977473,125.16909385091652
2025-05-26,2025_05.csv,125.33782164116604,125.39315176150016,125.10776257433079,125.5287865695614
2025-05-27,2025_05.csv,125.34570523457089,125.42141387529384,125.11388049951157,125.5287865695614
2025-05-28,2025_05.csv,125.82500514122874,125.77663088308019,125.36152526765883,126.28461858914409
2025-05-29,2025_05.csv,126.0637953099012,126.45227879435848,125.5859138745047,126.33229984025014
2025-05-30,2025_05.csv,127.02775634358912,127.61993662191679,127.17533268460437,126.6111668215933
2025-05-31,2025_05.csv,127.18289269496358,127.64361778121574,127.34420127514153,126.81494927028702
2025-06-01,2025_06.csv,128.76975134619414,129.27403224676064,128.41868787403652,128.86444165671426
2025-06-02,2025_06.csv,128.9463279882242,129.28536806854112,128.85403641392188,128.87448194301146
2025-06-03,2025_06.csv,129.8143901391286,130.58340553659028,129.8862010886323,129.38637421301377
2025-06-04,Forward Fill,129.8143901391286,130.58340553659028,129.8862010886323,129.38637421301377
2025-06-05,Forward Fill,129.8143901391286,130.58340553659028,129.8862010886323,129.38637421301377
2025-06-06,Forward Fill,129.8143901391286,130.58340553659028,129.8862010886323,129.38637421301377
2025-06-07,Forward Fill,129.8143901391286,130.58340553659028,129.8862010886323,129.38637421301377
2025-06-08,Forward Fill,129.8143901391286,130.58340553659028,129.8862010886323,129.38637421301377
2025-06-09,Forward Fill,129.8143901391286,130.58340553659028,129.8862010886323,129.38637421301377
2025-06-10,Forward Fill,129.8143901391286,130.58340553659028,129.8862010886323,129.38637421301377
2025-06-11,2025_06.csv,131.45264875898593,131.56543351496393,130.73187954745174,132.07931336783736
2025-06-12,2025_06.csv,131.45264875898593,131.56543351496393,130.73187954745174,132.07931336783736
2025-06-13,2025_06.csv,131.69736876069203,131.80378985662946,131.05945081004788,132.24890654714545
2025-06-14,2025_06.csv,131.72892412185078,131.82656144918735,131.09642132688575,132.27947230357623
2025-06-15,2025_06.csv,131.97713973041357,132.03567988258416,131.18287473236157,132.69850873742115
2025-06-16,2025_06.csv,132.01163824014802,132.1114491574943,131.220292654676,132.71091788143602
2025-06-17,2025_06.csv,132.0160563694048,132.11551047692308,131.22728330776653,132.71307793058395
2025-06-18,2025_06.csv,132.2027089961283,132.3820788582459,131.41396299484515,132.86226118315187
2025-06-19,2025_06.csv,132.3815305430444,132.64353820155355,131.60782511978863,132.98818389300982
2025-06-20,2025_06.csv,132.58444743694034,132.89471628408586,131.914971620984,133.07022539685252
2025-06-21,2025_06.csv,132.58617356405856,132.89979774168344,131.914971620984,133.07200672718056
2025-06-22,2025_06.csv,132.6744867346739,133.01956108763346,132.0265417253479,133.12365858269067
2025-06-23,2025_06.csv,132.6791251287513,133.01956108763346,132.0344315666366,133.12740493879812
2025-06-24,2025_06.csv,132.67531800985967,133.0210658313815,132.0314170319891,133.12036177782923
2025-06-25,2025_06.csv,133.10244534780605,133.60079429313828,132.76596932723214,133.18616262987985
2025-06-26,2025_06.csv,133.21646710549274,133.69359644238065,132.8537947584464,133.33482338351985
2025-06-27,2025_06.csv,133.63830905480756,134.13399733760622,133.5338097162489,133.50457572981296
2025-06-28,2025_06.csv,133.69901943760968,134.21440498511984,133.55829772760657,133.59020595428322
2025-06-29,2025_06.csv,133.90260471506224,134.28002398667596,133.60468163860781,134.00663659999086
2025-06-30,2025_06.csv,133.9268542326036,134.37518921546126,133.6105699966315,134.01496923002114
2025-07-01,2025_07.csv,134.95012855448323,135.51949586887727,134.40755966711515,135.19486590507412
2025-07-02,2025_07.csv,135.20766318810436,135.5942178655203,134.96509783590702,135.25522596852537
2025-07-03,2025_07.csv,135.77729299906554,136.63585937586376,135.88471974611593,135.2737417249235
2025-07-04,2025_07.csv,135.7993464202964,136.70647383486525,135.90603124673527,135.2737417249235
2025-07-05,2025_07.csv,135.80008208857186,136.7093029939861,135.90961759371643,135.27080901309705
2025-07-06,2025_07.csv,136.12713264110374,136.69221005130368,135.92168184055222,136.05606013929435
2025-07-07,2025_07.csv,136.1304165851418,136.71798049724282,135.91589554312435,136.05735923758795
2025-07-08,2025_07.csv,136.45226475516418,136.95607071121253,136.20536185931192,136.44897966524536
2025-07-09,2025_07.csv,136.47248941860886,136.95692904340387,136.2187995779525,136.48467669024916
2025-07-10,2025_07.csv,136.52866027786482,137.0187680706051,136.27817413009225,136.53517147817197
2025-07-11,2025_07.csv,136.76474397095595,137.32026249619486,136.31264561064438,136.93067849091173
2025-07-12,2025_07.csv,136.92414200454095,137.34562830350202,136.67067313589175,136.96561721145014
2025-07-13,2025_07.csv,136.95276500523894,137.4327583580251,136.73462662165713,136.93351921734302
2025-07-14,2025_07.csv,136.96186936502048,137.44146974948816,136.74918061316765,136.93767003015896
2025-07-15,2025_07.csv,136.9462975515661,137.26024381655193,136.76281128220072,136.9721832839797
2025-07-16,2025_07.csv,136.96305342327952,137.41838636273576,136.69629875684234,137.00119532380677
2025-07-17,2025_07.csv,137.01115395881112,137.42053724612833,136.87164442018056,136.95086417286868
2025-07-18,2025_07.csv,136.85659840332596,137.48828866377335,136.8726573751383,136.54548549975638
2025-07-19,2025_07.csv,136.91868246524547,137.61918240969848,136.8856605831046,136.62160058940708
2025-07-20,2025_07.csv,136.9902991628183,137.60304970535228,137.01094822810538,136.683732971931
2025-07-21,2025_07.csv,137.00770261519565,137.64625015726284,137.0339909834576,136.683732971931
2025-07-22,2025_07.csv,137.13012842490852,137.70739199737594,137.06144858138475,136.92440465813752
2025-07-23,2025_07.csv,137.190053484305,137.76548115608034,137.15330888602176,136.9550827929516
2025-07-24,2025_07.csv,137.20983309540784,137.81172879030024,137.1330763057019,137.0001827358633
2025-07-25,2025_07.csv,137.24227141608813,137.85338929552896,137.1711832731967,137.02295593196152
2025-07-26,2025_07.csv,137.26704406082837,137.98162799837974,137.19105839271768,137.00386758247564
2025-07-27,2025_07.csv,137.31975636256584,137.99231484879968,137.31246920597218,137.01150467682322
2025-07-28,2025_07.csv,137.3202695142591,137.9926285587258,137.31246920597218,137.01259505176014
2025-07-29,2025_07.csv,137.37648268997486,138.1608014848752,137.39238477559218,136.99400485993854
2025-07-30,2025_07.csv,137.45554814173883,138.2331930154967,137.50372624950143,137.04576893218575
2025-07-31,2025_07.csv,137.5456236006252,138.31287647355398,137.60423654223044,137.13087598217444
2025-08-01,2025_08.csv,137.6616003165703,138.23314010886122,137.62470831585154,137.4285902232703
2025-08-02,2025_08.csv,137.73818069239485,138.62049605369896,137.62470831585154,137.43175584073813
2025-08-03,2025_08.csv,137.56925786513722,138.11861908851995,137.43454039345238,137.438864833868
2025-08-04,2025_08.csv,137.56925786513722,138.11861908851995,137.43454039345238,137.438864833868
2025-08-05,2025_08.csv,137.611437062883,138.18588633306527,137.492630873811,137.45428879026113
2025-08-06,2025_08.csv,137.5901074529015,138.16495057761446,137.45597511566947,137.4472234498858
2025-08-07,2025_08.csv,137.5901074529015,138.16495057761446,137.45597511566947,137.4472234498858
2025-08-08,2025_08.csv,137.5915140910639,138.16495057761446,137.45597511566947,137.45061527220665
2025-08-09,2025_08.csv,137.60692503412457,138.16495057761446,137.45597511566947,137.48777563231496
2025-08-10,2025_08.csv,137.61356358791988,138.12982274814615,137.45098513114218,137.5249463437172
2025-08-11,2025_08.csv,137.62302779450096,138.14508150224066,137.4676083743622,137.5249463437172
2025-08-12,2025_08.csv,137.62154109938757,138.14508150224066,137.46380583563874,137.5249463437172
2025-08-13,2025_08.csv,137.7126207646714,138.33988265705517,137.6097821168914,137.51567409306688
2025-08-14,2025_08.csv,137.436123624293,138.19483040209644,137.33134071580733,137.17942250570974
2025-08-15,2025_08.csv,137.38704172094305,138.27907806848899,137.3892041779488,136.96704683376768
2025-08-16,2025_08.csv,137.5000759569848,138.42465714668174,137.53082286754787,137.03788431031143
2025-08-17,2025_08.csv,137.43506105270976,138.28035431625466,137.4334839464449,137.0404927421565
2025-08-18,2025_08.csv,137.42908714360854,138.26876928676714,137.4249044827514,137.03960427720497
2025-08-19,2025_08.csv,137.44962761686008,138.25422362792347,137.43763949133537,137.0839427090613
2025-08-20,2025_08.csv,137.54945963012028,138.38335311289833,137.53633990939417,137.17111445269242
2025-08-21,2025_08.csv,137.6012016210678,138.40991140185963,137.54453405620077,137.27571101733056
2025-08-22,2025_08.csv,137.60879259656065,138.441957882468,137.6023638474502,137.22448066100608
2025-08-23,2025_08.csv,137.8439785473029,138.75537286919447,137.90072542539414,137.36345389169642
2025-08-24,2025_08.csv,137.8439785473029,138.75537286919447,137.90072542539414,137.36345389169642
2025-08-25,2025_08.csv,137.8864047079576,138.8112433326293,137.94652722291127,137.39639843655542
2025-08-26,2025_08.csv,137.90078105598613,138.82778265006004,137.95413442122575,137.4161429947753
2025-08-27,2025_08.csv,137.93001191689203,138.8603692658544,137.96598563372828,137.4601862996495
2025-08-28,2025_08.csv,137.98365717565852,138.94807933948658,138.03708646739744,137.48141443727908
2025-08-29,2025_08.csv,137.98677539191254,138.8965821468127,138.0226260499287,137.5266945991305
2025-08-30,2025_08.csv,138.14117584255317,139.1772640009913,138.31760440672466,137.48939638610088
2025-08-31,2025_08.csv,138.14117584255317,139.1772640009913,138.31760440672466,137.48939638610088
2025-09-01,2025_09.csv,138.2409323135384,139.25411422441567,138.43923815205895,137.57926047348892
2025-09-02,2025_09.csv,138.24336241402602,139.25840433224243,138.44332150186756,137.57926047348892
2025-09-03,2025_09.csv,138.318267082354,139.2711933859685,138.505812550926,137.69497190189864
2025-09-04,2025_09.csv,138.18856231778187,139.20254526802273,138.3596339135846,137.55219038311202
2025-09-05,2025_09.csv,138.1861472489266,139.20254526802273,138.3403831888607,137.56451565702417
2025-09-06,2025_09.csv,138.05133438280123,139.02433266468557,138.10413941097565,137.54566190332076
2025-09-07,2025_09.csv,138.09645562079808,139.1861403167473,138.1805240991541,137.50663690918918
2025-09-08,2025_09.csv,138.12492940335088,139.20415056477253,138.22386793628786,137.5259944716607
2025-09-09,2025_09.csv,138.12793863903443,139.20938892455948,138.22686713375813,137.52796873334393
2025-09-10,2025_09.csv,137.98428516266102,139.14552944055797,138.14717611596873,137.28662750017662
2025-09-11,2025_09.csv,137.54024674445074,138.47650295468313,137.41219026050632,137.22229760022066
2025-09-12,2025_09.csv,137.54024674445074,138.47650295468313,137.41219026050632,137.22229760022066
2025-09-13,2025_09.csv,137.52746767721854,138.42033000764357,137.39142893334926,137.23737569242124
2025-09-14,2025_09.csv,137.49894663041184,138.41126644023726,137.38792302904199,137.17615484799444
2025-09-15,2025_09.csv,137.50107320958648,138.40159274316474,137.3745267298388,137.19844462388903
2025-09-16,2025_09.csv,137.50107320958648,138.40159274316474,137.3745267298388,137.19844462388903
2025-09-17,2025_09.csv,137.43779594109805,138.4405403160319,137.42705927406988,136.97809044457242
2025-09-18,2025_09.csv,137.3977291060897,138.37644974957198,137.36845169793014,136.96675911066623
2025-09-19,2025_09.csv,137.24623040422202,138.20125122319118,137.16649247849458,136.87393668329798
2025-09-20,2025_09.csv,137.25260921856437,138.22710177646096,137.16112461887624,136.88226641486654
2025-09-21,2025_09.csv,137.2238553965965,138.20028829507928,137.10122248913171,136.88196869359885
2025-09-22,2025_09.csv,137.20133062618987,138.18076211222123,137.09070230468996,136.84672157328322
2025-09-23,2025_09.csv,137.20098479722898,138.18076211222123,137.0898177736226,136.84672157328322
2025-09-24,2025_09.csv,137.15152013126425,138.11486474326244,136.98783406697896,136.85446891590826
2025-09-25,2025_09.csv,137.15007947929308,138.10717948802753,136.98028569202054,136.8617122089202
2025-09-26,2025_09.csv,137.09829205756233,138.10916881015123,136.91477518441212,136.79766565211025
2025-09-27,2025_09.csv,137.13523968775652,138.09225513842543,136.90216094172206,136.90657426444892
2025-09-28,2025_09.csv,137.13523968775652,138.09225513842543,136.90216094172206,136.90657426444892
2025-09-29,2025_09.csv,137.1671014064034,138.1414476758369,136.9570279604255,136.90862740419325
2025-09-30,2025_09.csv,137.22902894851174,138.23458512402385,137.05639345401428,136.92063697822624
2025-10-01,2025_10.csv,137.22902894851174,138.23458512402385,137.05639345401428,136.92063697822624
2025-10-02,2025_10.csv,137.7421590329562,138.91886969375125,137.76425246277756,137.16999233186823
2025-10-03,2025_10.csv,137.6717001527182,138.7384634948117,137.67958701088872,137.16444167457155
2025-10-04,2025_10.csv,137.59622296879436,138.7119041593383,137.6635705643618,137.0099875159157
2025-10-05,2025_10.csv,137.59456142466394,138.72660714524997,137.65652027740532,137.005738772866
2025-10-06,2025_10.csv,137.5572852005531,138.71724026560693,137.6626172312197,136.91449556541943
2025-10-07,2025_10.csv,137.53677695225565,138.74225309088806,137.6698550433779,136.8465010517083
2025-10-08,2025_10.csv,137.55686961242463,138.71947880680332,137.73038069166756,136.84856025001923
2025-10-09,2025_10.csv,137.57807816948707,138.71377699918375,137.7402513819355,136.89306626849503
2025-10-10,2025_10.csv,137.32515362373806,138.38302274162572,137.4263689944184,136.73407651387842
2025-10-11,2025_10.csv,137.03399040168415,138.00313929925775,136.9979793193577,136.61385337505794
2025-10-12,2025_10.csv,137.01758323412167,137.98213233085826,136.99279242488007,136.58902343443302
2025-10-13,2025_10.csv,136.93897515932764,137.8345539081543,136.88137282953613,136.57366407689486
2025-10-14,2025_10.csv,136.93916914023035,137.83555220898555,136.88137282953613,136.57366407689486
2025-10-15,2025_10.csv,136.98539341535812,137.8781456222396,136.912582129189,136.63574500937483
2025-10-16,2025_10.csv,137.02874913640528,137.88667932557374,136.97792031878055,136.6746922095497
2025-10-17,2025_10.csv,136.98047438984005,137.85517868565452,136.85397132451357,136.68990039014506
2025-10-18,2025_10.csv,136.9760738020748,137.85873778103777,136.8368425838707,136.69376989211378
2025-10-19,2025_10.csv,136.95796183129974,137.90706046377352,136.82800654726086,136.63578558061238
2025-10-20,2025_10.csv,136.96329337887136,137.90095632911232,136.8333422067848,136.64647134551976
2025-10-21,2025_10.csv,136.96536277632185,137.87139486939404,136.83655198748173,136.66228601599192
2025-10-22,2025_10.csv,136.98953953005912,137.8877572813461,136.86907979303055,136.68225111658373
2025-10-23,2025_10.csv,136.99034410625546,137.8877572813461,136.87027446139032,136.6830649088313
2025-10-24,2025_10.csv,136.9975077294808,137.86293946422015,136.86840237569172,136.7137316323894
2025-10-25,2025_10.csv,136.9486463586293,137.72683331096198,136.80979639749063,136.71493485937648
2025-10-26,2025_10.csv,136.96096765151145,137.75946680541304,136.81838095539928,136.72126186554206
2025-10-27,2025_10.csv,136.96418910449654,137.75946680541304,136.82214170417478,136.72548427961294
2025-10-28,2025_10.csv,136.96418910449654,137.75946680541304,136.82214170417478,136.72548427961294
2025-10-29,2025_10.csv,136.98857749428933,137.79637098498011,136.86853777574728,136.7232606422159
2025-10-30,2025_10.csv,137.01304266730554,137.83322133166996,136.88128098682023,136.752973786347
2025-10-31,2025_10.csv,137.02494426075157,137.8511880870117,136.91482255698233,136.74163239658748
2025-11-01,2025_11.csv,136.9025602302347,137.66919929453513,136.6903357766715,136.74343358704837
2025-11-02,2025_11.csv,137.42871184904024,138.42234100579228,137.3395012198721,137.0472589532581
2025-11-03,2025_11.csv,137.39941788711283,138.40046314291726,137.28604972753897,137.03726487872026
2025-11-04,2025_11.csv,137.39990204794037,138.40329127966837,137.28638708919564,137.03678918479423
2025-11-05,2025_11.csv,137.4145612363881,138.4001003125892,137.2809329754379,137.07877383686832
2025-11-06,2025_11.csv,137.523404494013,138.5654373964479,137.43110764385102,137.1221819764298
2025-11-07,2025_11.csv,137.40107914816778,138.51817461792615,137.41145921966276,136.86788747978287
2025-11-08,2025_11.csv,137.0334228520612,137.92480942295765,136.94485691562403,136.69926708296563
2025-11-09,2025_11.csv,137.00030160721806,137.94000475989102,136.84749807591572,136.70406783594223
2025-11-10,2025_11.csv,136.99468839525454,137.94203371390063,136.82978650734663,136.70627973999567
2025-11-11,2025_11.csv,136.9434711184188,137.94606288196775,136.8340281493988,136.57689301260933
2025-11-12,2025_11.csv,136.84556922353303,137.83624924193418,136.71176171424636,136.50754206557028
2025-11-13,2025_11.csv,136.85226841380444,137.83792712920666,136.72603278280036,136.50945551752497
2025-11-14,2025_11.csv,136.83741089895736,137.8029919795448,136.70875531487943,136.50628663516395
2025-11-15,2025_11.csv,136.83752959850324,137.79899619514543,136.72693789565824,136.49130332283468
2025-11-16,2025_11.csv,136.84019216155394,137.79899619514543,136.7282755870726,136.49646243739272
2025-11-17,2025_11.csv,136.79380569247328,137.7437304896265,136.6365573857188,136.49697299005996
2025-11-18,2025_11.csv,136.79550534694937,137.7488844471395,136.6505938119735,136.48542360299612
2025-11-19,2025_11.csv,136.7002081148862,137.67633788130647,136.58672364317306,136.34983870592401
2025-11-20,2025_11.csv,136.5807828431837,137.55171257107222,136.59497462712073,136.1124824068066
2025-11-21,2025_11.csv,136.51215468067983,137.55670027975435,136.42025878069666,136.1093768620699
2025-11-22,2025_11.csv,136.49959997252324,137.5175229656937,136.40461132020036,136.11221166327678
2025-11-23,2025_11.csv,136.4964426346426,137.52501591795897,136.39269993213364,136.11231714733827
2025-11-24,2025_11.csv,136.43784563196363,137.51520810452885,136.3848655199309,135.98300367593495
2025-11-25,2025_11.csv,136.43380396510977,137.5108061065922,136.3802586836226,135.97966365569522
2025-11-26,2025_11.csv,136.16941757909828,137.17888703966958,135.85742207540144,135.9905744540535
2025-11-27,2025_11.csv,136.19038040490017,137.20600383147118,135.84893110407185,136.03642161254274
2025-11-28,2025_11.csv,136.1591687738475,137.200690543665,135.79779112506705,136.01186308289033
2025-11-29,2025_11.csv,136.1697541241618,137.20197195078705,135.7968211709121,136.03770154261886
2025-11-30,2025_11.csv,136.17695006805252,137.23807258683019,135.84176069265104,135.99577147639977
2025-12-01,2025_12.csv,135.90011622604567,136.7557719486135,135.4220761992752,135.94988059843013
2025-12-02,2025_12.csv,135.9834205713302,136.75344685826653,135.4220761992752,136.15184151449355
2025-12-03,2025_12.csv,136.1336197811209,137.0073409674598,135.7193578658959,136.11479258007705
2025-12-04,2025_12.csv,136.39406103506417,137.35988050700448,136.23963452057893,136.08712075531577
2025-12-05,2025_12.csv,136.35823766584,137.42347802167572,136.34385949759232,135.87268324113867
2025-12-06,2025_12.csv,136.31849546294222,137.41531578663862,136.32861650623673,135.79504774599502
2025-12-07,2025_12.csv,136.12617467815988,136.8223724534754,136.1435518495481,135.78359457484783
2025-12-08,2025_12.csv,135.98744224016,136.82791669705512,135.7864200068595,135.7831596850753
2025-12-09,2025_12.csv,135.9892848008586,136.82964332288842,135.79027462846764,135.7831596850753
2025-12-10,2025_12.csv,135.80261400420576,136.69519400128394,135.66455129458814,135.51456240871846
2025-12-11,2025_12.csv,135.68659787000723,136.66152571953154,135.6538031158368,135.26072095315314
2025-12-12,2025_12.csv,135.6247743433746,136.61851047378119,135.60206283251983,135.18057893204866
2025-12-13,2025_12.csv,135.58588138792902,136.59667005991147,135.57342819470816,135.12402506696088
2025-12-14,2025_12.csv,135.58153320885944,136.5985121257838,135.5677963801432,135.11798665417538
2025-12-15,2025_12.csv,135.59624703805702,136.6254881917967,135.58481993333604,135.12477760973206
2025-12-16,2025_12.csv,135.58144260668476,136.61856276808487,135.58060683554058,135.09629649928482
2025-12-17,2025_12.csv,135.5643577603651,136.6251177379619,135.5735385459489,135.05869225189463
2025-12-18,2025_12.csv,135.2600873253171,136.45934567599966,135.4340071605779,134.53422094832516
2025-12-19,2025_12.csv,135.23943167257573,136.37307857625967,135.3976904943074,134.55907149692774
2025-12-20,2025_12.csv,135.18880150126017,136.37483073425065,135.28290719970184,134.54437871518346
2025-12-21,2025_12.csv,135.20559799495874,136.36499450268076,135.29149596400802,134.58139163113785
2025-12-22,Forward Fill,135.20559799495874,136.36499450268076,135.29149596400802,134.58139163113785
2025-12-23,2025_12.csv,135.20545315304486,136.36413119902605,135.2796653721287,134.59260022081222
2025-12-24,2025_12.csv,135.21133140279122,136.36413119902605,135.29663881342455,134.59077262538707
2025-12-25,2025_12.csv,135.21833627065686,136.36536272646796,135.29131399931066,134.61210641654785
2025-12-26,2025_12.csv,135.21888456198738,136.36963678052265,135.28877107328287,134.61382329414897
2025-12-27,2025_12.csv,135.2269275442047,136.37121344902204,135.28877107328287,134.6324785777695
2025-12-28,2025_12.csv,135.22128566555588,136.37121344902204,135.28821128776573,134.61940207369494
2025-12-29,2025_12.csv,135.209480670684,136.28500724328188,135.28945628021404,134.63015420377897
2025-12-30,2025_12.csv,135.22796853590353,136.29580922952394,135.2993760131452,134.6603208755663
2025-12-31,2025_12.csv,135.17525107584,136.2935258526282,135.25325271792454,134.577756261224
2026-01-01,2026_01.csv,135.905097157534,137.50981882315992,136.34130466656194,134.7419812275227
2026-01-02,2026_01.csv,135.91649282544728,137.50981882315992,136.34902456303524,134.76218159383856
2026-01-03,2026_01.csv,135.9050051855058,137.50981882315992,136.31964248238802,134.76218159383856
2026-01-04,2026_01.csv,135.84588850991412,137.49859234284264,136.32334916368643,134.62139931464023
2026-01-05,2026_01.csv,135.84261846885065,137.49602664257708,136.32055475378152,134.61735085676858
2026-01-06,2026_01.csv,135.7844183441415,137.43389304531618,136.34488261184913,134.4831900376475
2026-01-07,2026_01.csv,135.74446956971832,137.43389304531618,136.24270513084855,134.4831900376475
2026-01-08,2026_01.csv,135.60839660002398,137.22485156978576,136.13441134740128,134.3551168810277
2026-01-09,2026_01.csv,135.59022876775606,137.31401147913496,136.0421245741249,134.3565375490159
2026-01-10,2026_01.csv,135.58434042851636,137.31401147913496,136.06287476646636,134.32277666143924
2026-01-11,Forward Fill,135.58434042851636,137.31401147913496,136.06287476646636,134.32277666143924
2026-01-12,2026_01.csv,135.166597006024,136.66829104688736,135.43913909040145,134.20605025445792
2026-01-13,2026_01.csv,135.1821213003638,136.66024908429853,135.44036614987778,134.2460951161356
2026-01-14,2026_01.csv,135.32709326309515,136.6435622242769,135.66256011513286,134.39400952770274
2026-01-15,2026_01.csv,135.3014873881615,136.65084743121014,135.64627168901924,134.3442087356911
2026-01-16,2026_01.csv,135.28840840396927,136.62513725473718,135.64944611529424,134.32172500340303
2026-01-17,2026_01.csv,135.2819280247044,136.5985303413527,135.64943550625037,134.31857533454408
2026-01-18,2026_01.csv,135.20058974776825,136.54921052151008,135.5770419240024,134.2138024175381
2026-01-19,2026_01.csv,135.20932899052252,136.54921052151008,135.58052136376287,134.2315950668445
2026-01-20,2026_01.csv,135.2633899623278,136.55624350056416,135.673363764127,134.27112921796734
2026-01-21,2026_01.csv,135.21208505016736,136.5111556672545,135.6803332592637,134.16197284085322
2026-01-22,2026_01.csv,135.12893742230267,136.45848643103952,135.59107671963866,134.07030402452816
2026-01-23,2026_01.csv,135.11858859159108,136.4728750783401,135.5900721493547,134.0395553032989
2026-01-24,2026_01.csv,135.11454629216786,136.47570060698658,135.58013721886124,134.03785044906064
2026-01-25,2026_01.csv,135.1116664505394,136.4490994748544,135.58599195794486,134.03785044906064
2026-01-26,2026_01.csv,135.10803836691974,136.44222526874248,135.5793868893263,134.03854987744774
2026-01-27,2026_01.csv,135.10803836691974,136.44222526874248,135.5793868893263,134.03854987744774
2026-01-28,2026_01.csv,134.96875882856196,136.24384999957957,135.50933814753753,133.86169145479568
2026-01-29,2026_01.csv,134.7547886469764,135.86314070161689,135.175557157222,133.83879777165888
2026-01-30,2026_01.csv,134.75571131041303,135.8725972491423,135.17065026116575,133.8412178025129
2026-01-31,2026_01.csv,134.67503015225634,135.8727258285681,135.23887503718652,133.58229205971546
2026-02-01,2026_02.csv,135.14667387753167,136.46500122921435,135.86013086375993,133.85636721947586
2026-02-02,2026_02.csv,135.14530201935642,136.45512317485503,135.84559022372835,133.8713958072841
2026-02-03,2026_02.csv,135.15559415131446,136.49222057985457,135.864681294663,133.86083330521237
2026-02-04,2026_02.csv,135.11016161373595,136.4275192609666,135.80947809317502,133.833640339874
2026-02-05,2026_02.csv,135.09383784645624,136.4343580406419,135.80687415398558,133.79352951348613
2026-02-06,2026_02.csv,134.8354912430529,136.05750347041146,135.43851580989798,133.6944229811278
2026-02-07,2026_02.csv,134.52281125357453,135.70178699353247,135.03260666657673,133.48979965592972
2026-02-08,2026_02.csv,134.47614508667132,135.6521319858356,135.02906380597875,133.4038791614728
2026-02-09,2026_02.csv,134.47388093251863,135.64977739866805,135.0241826347241,133.4041245856101
2026-02-10,2026_02.csv,134.41665278809046,135.63518181463425,134.99933600355098,133.29639346708885
2026-02-11,2026_02.csv,134.3970681931466,135.66053024881953,134.9407579035422,133.29251720686997
2026-02-12,2026_02.csv,134.26405489919108,135.48329663429953,134.75051964741752,133.23417211111547
2026-02-13,2026_02.csv,134.2462956986235,135.44510431779554,134.74431258324438,133.21509583984673
2026-02-14,2026_02.csv,134.11149133780316,135.3030411558401,134.59079800657702,133.1013316844953
2026-02-15,2026_02.csv,134.10100363895376,135.28883989081308,134.59035698331627,133.0831123899156
2026-02-16,2026_02.csv,134.10080000795242,135.29227442295172,134.59035698331627,133.0810121536028
2026-02-17,2026_02.csv,134.10432241304423,135.31040208336668,134.59035698331627,133.0810121536028
2026-02-18,2026_02.csv,134.10816250441724,135.32584683146774,134.5925029190773,133.0810121536028
2026-02-19,2026_02.csv,133.89174336069078,134.9067671057662,134.27520767706656,133.05464941461983
2026-02-20,2026_02.csv,133.85393067119927,134.8502696314025,134.2222457764706,133.0398733243773
2026-02-21,2026_02.csv,133.79069259705244,134.71857825306904,134.1207182400751,133.0448060693249
2026-02-22,2026_02.csv,133.75746083064675,134.69128069593447,134.05057182555984,133.04359535733911
2026-02-23,2026_02.csv,133.7572994600387,134.6904502203057,134.05057182555984,133.04359535733911
2026-02-24,2026_02.csv,133.73146510783914,134.6642788425002,134.0264620877753,133.01629302636687
2026-02-25,2026_02.csv,133.5846028190336,134.60890900250118,134.010609046189,132.70305305319138
2026-02-26,2026_02.csv,133.58888749264165,134.6119013113957,134.00254852061477,132.71958175507882
2026-02-27,2026_02.csv,133.58026876923776,134.59983067681196,133.98698030342638,132.71913206783555
2026-02-28,2026_02.csv,133.5400385924698,134.56098887310756,133.91928551087014,132.70414379154698
2026-03-01,2026_03.csv,133.5378490389168,134.56163054299137,133.91336635759865,132.70414379154698
2026-03-02,2026_03.csv,133.8495056189517,134.8847236517397,134.2481687310463,132.98862106246088
2026-03-03,2026_03.csv,133.90238228786143,135.20584195908387,134.58982239978772,132.64356930319641
2026-03-04,2026_03.csv,133.87207231884904,135.22136776231673,134.4750715020281,132.67139049409224
2026-03-05,2026_03.csv,133.820667273175,135.19833973727967,134.5580070926721,132.48003928892936
2026-03-06,2026_03.csv,133.42014209592057,134.52879368818478,133.89407400647144,132.45389079917976
2026-03-07,2026_03.csv,133.19377518631003,134.41711595072925,133.78815876736545,132.0602307842333
2026-03-08,2026_03.csv,133.18603129474064,134.4123727009939,133.78543568829414,132.04634756944392
2026-03-09,2026_03.csv,133.18428431448632,134.40863311404914,133.77899475813794,132.04995945448445
2026-03-10,2026_03.csv,133.1013417441801,134.31980794813813,133.7736670368721,131.8966013178781
2026-03-11,2026_03.csv,133.08426036052722,134.28914472642037,133.77652783859358,131.8670829913472
2026-03-12,Forward Fill,133.08426036052722,134.28914472642037,133.77652783859358,131.8670829913472
2026-03-13,2026_03.csv,132.88488190189827,134.2815769232917,133.76246384034658,131.4031270604218
2026-03-14,2026_03.csv,132.70807514780427,134.22633424274272,133.34324729058375,131.39789558086756
2026-03-15,2026_03.csv,132.84745765479084,134.21394357782017,133.67582245000514,131.42625675629648
2026-03-16,2026_03.csv,132.77009709548724,133.99335479680343,133.58568284594264,131.42805210204304
2026-03-17,2026_03.csv,132.62336644097522,133.87231476886635,133.26083688067038,131.4372034649387
2026-03-18,2026_03.csv,132.5576613304786,133.87999251960443,133.1765214248887,131.35466042549456
2026-03-19,2026_03.csv,132.50397880040896,133.75579638898108,133.10954755346864,131.3465469391658
2026-03-20,2026_03.csv,132.44839366874407,133.6964444453297,133.06905089733525,131.27850197620933
2026-03-21,2026_03.csv,132.42075102436104,133.71635003356457,133.0800901117165,131.19211347645123
2026-03-22,2026_03.csv,132.41838419844368,133.71779705837858,133.0800901117165,131.18572836486425
2026-03-23,2026_03.csv,132.41900951686293,133.71779705837858,133.084218107267,131.18334450372552
2026-03-24,2026_03.csv,132.38656357921445,133.69227813259917,133.06310612218388,131.13696782875917
2026-03-25,2026_03.csv,132.3728040103242,133.67578124429403,133.04127722169778,131.1320982129879
2026-03-26,2026_03.csv,132.33113373995488,133.6717999097142,133.03953905866152,131.0351229004386
2026-03-27,2026_03.csv,132.23363767094028,133.6775045468245,133.0201857445944,130.81560350430823
2026-03-28,2026_03.csv,132.23416414515654,133.6802139869828,133.0201857445944,130.81560350430823
2026-03-29,2026_03.csv,131.9483224637184,133.13858751602555,132.56640821382481,130.80793006708143
2026-03-30,2026_03.csv,131.95050765029515,133.1416948512488,132.5679071838574,130.81033012283143
2026-03-31,2026_03.csv,132.11469662178922,133.10655101645628,132.53795113439926,131.25094606535052
2026-04-01,2026_04.csv,132.29045290714095,133.402953636222,132.8266908058164,131.26365883096065
2026-04-02,2026_04.csv,132.2953631526248,133.4349689133359,132.82182763967023,131.26508317434164
2026-04-03,2026_04.csv,132.2953631526248,133.4349689133359,132.82182763967023,131.26508317434164
2026-04-04,2026_04.csv,132.30179430762712,133.41095187951439,132.81400903524778,131.2992146109752
2026-04-05,2026_04.csv,132.27569333019187,133.38379781451712,132.7472721554454,131.31191675988413
2026-04-06,2026_04.csv,132.4428606563219,133.67919337675934,133.01844156664046,131.3209552980309
2026-04-07,2026_04.csv,132.4428606563219,133.67919337675934,133.01844156664046,131.3209552980309
2026-04-08,2026_04.csv,132.33596088091633,133.57890460334497,132.8350259541663,131.28309370084185
2026-04-09,2026_04.csv,132.23666315453167,133.49961352039685,132.7520197547758,131.15906310504045
2026-04-10,2026_04.csv,131.82110628113742,132.9069038682357,132.0857017645169,131.06291605757377
2026-04-11,2026_04.csv,131.74001476540775,132.87906510999835,132.1019186739921,130.8651353745359
2026-04-12,2026_04.csv,131.73480119693895,132.8591759400104,132.117483846841,130.84720866944815
2026-04-13,2026_04.csv,131.73234941256305,132.8573028098937,132.11192080328436,130.847418917401
2026-04-14,2026_04.csv,131.59574646259827,132.76063661651875,132.00081381086295,130.6680674837202
2026-04-15,2026_04.csv,131.4797950872295,132.64451110876936,131.90177288648604,130.53625527992068
2026-04-16,2026_04.csv,131.46697533464834,132.6540842580852,131.911639595618,130.49155573796915
2026-04-17,2026_04.csv,131.42268547707752,132.64829106118052,131.90703508209896,130.3918150228208
2026-04-18,2026_04.csv,131.38989913213265,132.64469537135759,131.82758904011726,130.3893403139977
2026-04-19,2026_04.csv,131.36598042379583,132.63695896301644,131.81728556380224,130.34500369176672
2026-04-20,2026_04.csv,131.36598042379583,132.63695896301644,131.81728556380224,130.34500369176672
2026-04-21,2026_04.csv,131.34293979024133,132.62245997537963,131.78826525804558,130.32359830843626
2026-04-22,2026_04.csv,131.3227140533742,132.60541790759603,131.73511530076792,130.33292037201792
2026-04-23,2026_04.csv,131.2942964112672,132.5830139830688,131.6974719564364,130.31038263185008
2026-04-24,2026_04.csv,131.2761206620388,132.57189411784015,131.7083830124719,130.26147916798234
2026-04-25,2026_04.csv,131.2633759757827,132.60962320895572,131.698512406859,130.2223758580245
2026-04-26,2026_04.csv,131.23094120146075,132.64073035781772,131.69589233627315,130.13206107458208
2026-04-27,2026_04.csv,131.2287559775879,132.63691367888956,131.69026004720956,130.13388999427931
2026-04-28,2026_04.csv,131.1673456366124,132.546222582353,131.65807096721446,130.05865041040474
2026-04-29,2026_04.csv,131.1509396331487,132.54504612916318,131.6532647366709,130.0241729806935
2026-04-30,2026_04.csv,131.18243578257895,132.59653638242654,131.70359306733022,130.02854692087672
2026-05-01,2026_05.csv,131.59105642877546,133.20696565274102,132.35900189974865,130.10995095093358
