date,month,data_source,cpi
2024-07-28,2024-07,2024_07.csv,100.0
2024-07-29,2024-07,2024_07.csv,100.0
2024-07-30,2024-07,2024_07.csv,100.0
2024-07-31,2024-07,2024_07.csv,100.0
2024-08-01,2024-08,2024_08.csv,100.569111
2024-08-02,2024-08,2024_08.csv,100.925908
2024-08-03,2024-08,2024_08.csv,100.726086
2024-08-04,2024-08,2024_08.csv,100.732478
2024-08-05,2024-08,2024_08.csv,100.749319
2024-08-06,2024-08,2024_08.csv,100.749684
2024-08-07,2024-08,2024_08.csv,101.165522
2024-08-08,2024-08,2024_08.csv,101.145499
2024-08-09,2024-08,2024_08.csv,102.427114
2024-08-10,2024-08,2024_08.csv,102.848749
2024-08-11,2024-08,2024_08.csv,103.320526
2024-08-12,2024-08,2024_08.csv,103.343899
2024-08-13,2024-08,2024_08.csv,103.378348
2024-08-14,2024-08,2024_08.csv,103.378348
2024-08-15,2024-08,2024_08.csv,103.353434
2024-08-16,2024-08,2024_08.csv,103.436922
2024-08-17,2024-08,2024_08.csv,103.398198
2024-08-18,2024-08,2024_08.csv,103.41188
2024-08-19,2024-08,2024_08.csv,103.402615
2024-08-20,2024-08,2024_08.csv,103.418222
2024-08-21,2024-08,2024_08.csv,103.519343
2024-08-22,2024-08,2024_08.csv,103.540151
2024-08-23,2024-08,2024_08.csv,103.613394
2024-08-24,2024-08,2024_08.csv,103.633494
2024-08-25,2024-08,2024_08.csv,103.655516
2024-08-26,2024-08,2024_08.csv,103.67557
2024-08-27,2024-08,2024_08.csv,103.677056
2024-08-28,2024-08,2024_08.csv,104.45772
2024-08-29,2024-08,2024_08.csv,104.500672
2024-08-30,2024-08,2024_08.csv,104.89891
2024-08-31,2024-08,2024_08.csv,105.226769
2024-09-01,2024-09,2024_09.csv,106.387805
2024-09-02,2024-09,2024_09.csv,106.437829
2024-09-03,2024-09,2024_09.csv,106.438442
2024-09-04,2024-09,2024_09.csv,106.594598
2024-09-05,2024-09,2024_09.csv,106.627914
2024-09-06,2024-09,2024_09.csv,106.683254
2024-09-07,2024-09,2024_09.csv,106.645906
2024-09-08,2024-09,2024_09.csv,106.641663
2024-09-09,2024-09,2024_09.csv,106.652807
2024-09-10,2024-09,2024_09.csv,106.677179
2024-09-11,2024-09,2024_09.csv,106.68497
2024-09-12,2024-09,2024_09.csv,106.629642
2024-09-13,2024-09,2024_09.csv,106.656872
2024-09-14,2024-09,2024_09.csv,106.513912
2024-09-15,2024-09,2024_09.csv,106.613617
2024-09-16,2024-09,2024_09.csv,106.615604
2024-09-17,2024-09,2024_09.csv,106.600944
2024-09-18,2024-09,2024_09.csv,106.726031
2024-09-19,2024-09,2024_09.csv,106.756375
2024-09-20,2024-09,2024_09.csv,106.765999
2024-09-21,2024-09,2024_09.csv,106.760927
2024-09-22,2024-09,2024_09.csv,106.764591
2024-09-23,2024-09,2024_09.csv,106.78524
2024-09-24,2024-09,2024_09.csv,106.7893
2024-09-25,2024-09,2024_09.csv,106.79385
2024-09-26,2024-09,2024_09.csv,106.780873
2024-09-27,2024-09,2024_09.csv,106.782652
2024-09-28,2024-09,2024_09.csv,106.799137
2024-09-29,2024-09,2024_09.csv,106.818261
2024-09-30,2024-09,2024_09.csv,107.030441
2024-10-01,2024-10,2024_10.csv,106.938139
2024-10-02,2024-10,2024_10.csv,107.565755
2024-10-03,2024-10,2024_10.csv,107.693528
2024-10-04,2024-10,2024_10.csv,107.809761
2024-10-05,2024-10,2024_10.csv,107.827746
2024-10-06,2024-10,2024_10.csv,107.827659
2024-10-07,2024-10,2024_10.csv,107.935624
2024-10-08,2024-10,2024_10.csv,107.932764
2024-10-09,2024-10,2024_10.csv,108.033265
2024-10-10,2024-10,2024_10.csv,108.044472
2024-10-11,2024-10,2024_10.csv,108.065761
2024-10-12,2024-10,2024_10.csv,107.87734
2024-10-13,2024-10,2024_10.csv,107.946448
2024-10-14,2024-10,2024_10.csv,107.920751
2024-10-15,2024-10,2024_10.csv,108.062352
2024-10-16,2024-10,2024_10.csv,108.060761
2024-10-17,2024-10,2024_10.csv,108.149732
2024-10-18,2024-10,2024_10.csv,108.150781
2024-10-19,2024-10,2024_10.csv,108.165115
2024-10-20,2024-10,2024_10.csv,108.148907
2024-10-21,2024-10,2024_10.csv,108.10291
2024-10-22,2024-10,2024_10.csv,108.092978
2024-10-23,2024-10,2024_10.csv,108.059456
2024-10-24,2024-10,2024_10.csv,108.083368
2024-10-25,2024-10,2024_10.csv,108.115999
2024-10-26,2024-10,2024_10.csv,108.133107
2024-10-27,2024-10,2024_10.csv,108.162573
2024-10-28,2024-10,2024_10.csv,108.167778
2024-10-29,2024-10,2024_10.csv,108.163323
2024-10-30,2024-10,2024_10.csv,108.341401
2024-10-31,2024-10,2024_10.csv,108.344785
2024-11-01,2024-11,2024_11.csv,108.284067
2024-11-02,2024-11,2024_11.csv,108.581314
2024-11-03,2024-11,2024_11.csv,108.806606
2024-11-04,2024-11,2024_11.csv,108.841145
2024-11-05,2024-11,2024_11.csv,108.840384
2024-11-06,2024-11,2024_11.csv,108.871344
2024-11-07,2024-11,2024_11.csv,108.847405
2024-11-08,2024-11,2024_11.csv,108.892109
2024-11-09,2024-11,2024_11.csv,108.57726
2024-11-10,2024-11,2024_11.csv,108.582531
2024-11-11,2024-11,2024_11.csv,108.598954
2024-11-12,2024-11,2024_11.csv,108.594497
2024-11-13,2024-11,2024_11.csv,108.61461
2024-11-14,2024-11,2024_11.csv,108.642764
2024-11-15,2024-11,2024_11.csv,108.64052
2024-11-16,2024-11,2024_11.csv,108.658746
2024-11-17,2024-11,2024_11.csv,108.653481
2024-11-18,2024-11,2024_11.csv,108.659893
2024-11-19,2024-11,2024_11.csv,108.637843
2024-11-20,2024-11,2024_11.csv,108.67981
2024-11-21,2024-11,2024_11.csv,108.768829
2024-11-22,2024-11,2024_11.csv,108.787378
2024-11-23,2024-11,2024_11.csv,108.484141
2024-11-24,2024-11,2024_11.csv,108.512766
2024-11-25,2024-11,2024_11.csv,108.520364
2024-11-26,2024-11,2024_11.csv,108.533925
2024-11-27,2024-11,2024_11.csv,108.560276
2024-11-28,2024-11,2024_11.csv,108.611025
2024-11-29,2024-11,2024_11.csv,108.759261
2024-11-30,2024-11,2024_11.csv,108.797888
2024-12-01,2024-12,2024_12.csv,108.369401
2024-12-02,2024-12,2024_12.csv,108.503547
2024-12-03,2024-12,2024_12.csv,108.525446
2024-12-04,2024-12,2024_12.csv,109.067148
2024-12-05,2024-12,2024_12.csv,109.077585
2024-12-06,2024-12,2024_12.csv,109.120669
2024-12-07,2024-12,2024_12.csv,108.808036
2024-12-08,2024-12,2024_12.csv,108.767631
2024-12-09,2024-12,2024_12.csv,108.77969
2024-12-10,2024-12,2024_12.csv,108.783013
2024-12-11,2024-12,2024_12.csv,108.806549
2024-12-12,2024-12,2024_12.csv,108.699687
2024-12-13,2024-12,2024_12.csv,108.681897
2024-12-14,2024-12,2024_12.csv,108.785232
2024-12-15,2024-12,2024_12.csv,108.923343
2024-12-16,2024-12,2024_12.csv,108.897775
2024-12-17,2024-12,2024_12.csv,108.89809
2024-12-18,2024-12,2024_12.csv,108.95123
2024-12-19,2024-12,2024_12.csv,108.986675
2024-12-20,2024-12,2024_12.csv,108.986675
2024-12-21,2024-12,2024_12.csv,108.986191
2024-12-22,2024-12,2024_12.csv,109.015342
2024-12-23,2024-12,2024_12.csv,109.05678
2024-12-24,2024-12,2024_12.csv,109.060012
2024-12-25,2024-12,2024_12.csv,109.15267
2024-12-26,2024-12,2024_12.csv,109.19873
2024-12-27,2024-12,2024_12.csv,109.396063
2024-12-28,2024-12,2024_12.csv,109.345033
2024-12-29,2024-12,2024_12.csv,109.373725
2024-12-30,2024-12,2024_12.csv,109.381012
2024-12-31,2024-12,2024_12.csv,109.380569
2025-01-01,2025-01,2025_01.csv,109.129845
2025-01-02,2025-01,2025_01.csv,109.927205
2025-01-03,2025-01,2025_01.csv,109.947178
2025-01-04,2025-01,2025_01.csv,110.084389
2025-01-05,2025-01,2025_01.csv,110.358059
2025-01-06,2025-01,2025_01.csv,110.358464
2025-01-07,2025-01,2025_01.csv,110.667605
2025-01-08,2025-01,2025_01.csv,110.666738
2025-01-09,2025-01,2025_01.csv,110.743126
2025-01-10,2025-01,2025_01.csv,110.721956
2025-01-11,2025-01,2025_01.csv,110.767939
2025-01-12,2025-01,2025_01.csv,110.738157
2025-01-13,2025-01,2025_01.csv,110.66271
2025-01-14,2025-01,2025_01.csv,110.415995
2025-01-15,2025-01,2025_01.csv,110.458887
2025-01-16,2025-01,2025_01.csv,110.459433
2025-01-17,2025-01,2025_01.csv,110.45724
2025-01-18,2025-01,2025_01.csv,110.513165
2025-01-19,2025-01,2025_01.csv,110.528569
2025-01-20,2025-01,2025_01.csv,110.553752
2025-01-21,2025-01,2025_01.csv,110.552489
2025-01-22,2025-01,2025_01.csv,110.596443
2025-01-23,2025-01,2025_01.csv,110.59269
2025-01-24,2025-01,2025_01.csv,110.599417
2025-01-25,2025-01,2025_01.csv,110.608797
2025-01-26,2025-01,2025_01.csv,110.614163
2025-01-27,2025-01,2025_01.csv,110.632557
2025-01-28,2025-01,2025_01.csv,110.636148
2025-01-29,2025-01,2025_01.csv,110.806666
2025-01-30,2025-01,2025_01.csv,110.848553
2025-01-31,2025-01,2025_01.csv,110.904696
2025-02-01,2025-02,2025_02.csv,110.86198
2025-02-02,2025-02,2025_02.csv,111.285935
2025-02-03,2025-02,2025_02.csv,111.42171
2025-02-04,2025-02,2025_02.csv,111.421064
2025-02-05,2025-02,2025_02.csv,111.445144
2025-02-06,2025-02,2025_02.csv,111.441168
2025-02-07,2025-02,2025_02.csv,111.480951
2025-02-08,2025-02,2025_02.csv,111.361448
2025-02-09,2025-02,2025_02.csv,111.350529
2025-02-10,2025-02,2025_02.csv,111.284676
2025-02-11,2025-02,2025_02.csv,111.32293
2025-02-12,2025-02,2025_02.csv,111.329022
2025-02-13,2025-02,2025_02.csv,111.355148
2025-02-14,2025-02,2025_02.csv,111.316908
2025-02-15,2025-02,2025_02.csv,111.165582
2025-02-16,2025-02,2025_02.csv,111.065561
2025-02-17,2025-02,2025_02.csv,111.133739
2025-02-18,2025-02,2025_02.csv,111.133584
2025-02-19,2025-02,2025_02.csv,111.279231
2025-02-20,2025-02,2025_02.csv,111.231037
2025-02-21,2025-02,2025_02.csv,111.136602
2025-02-22,2025-02,2025_02.csv,111.128984
2025-02-23,2025-02,2025_02.csv,111.207725
2025-02-24,2025-02,2025_02.csv,111.176508
2025-02-25,2025-02,2025_02.csv,111.161202
2025-02-26,2025-02,2025_02.csv,111.248491
2025-02-27,2025-02,2025_02.csv,111.29553
2025-02-28,2025-02,2025_02.csv,111.294621
2025-03-01,2025-03,2025_03.csv,111.117841
2025-03-02,2025-03,2025_03.csv,111.163676
2025-03-03,2025-03,2025_03.csv,111.162019
2025-03-04,2025-03,2025_03.csv,111.157577
2025-03-05,2025-03,2025_03.csv,111.157627
2025-03-06,2025-03,2025_03.csv,111.162501
2025-03-07,2025-03,2025_03.csv,111.358066
2025-03-08,2025-03,2025_03.csv,111.382818
2025-03-09,2025-03,2025_03.csv,111.425985
2025-03-10,2025-03,2025_03.csv,111.318596
2025-03-11,2025-03,2025_03.csv,111.490467
2025-03-12,2025-03,2025_03.csv,111.55135
2025-03-13,2025-03,2025_03.csv,111.462931
2025-03-14,2025-03,2025_03.csv,111.474691
2025-03-15,2025-03,2025_03.csv,111.503234
2025-03-16,2025-03,2025_03.csv,111.388866
2025-03-17,2025-03,2025_03.csv,111.382798
2025-03-18,2025-03,2025_03.csv,111.388456
2025-03-19,2025-03,2025_03.csv,111.426616
2025-03-20,2025-03,2025_03.csv,111.460267
2025-03-21,2025-03,2025_03.csv,111.641647
2025-03-22,2025-03,2025_03.csv,111.520039
2025-03-23,2025-03,2025_03.csv,111.545715
2025-03-24,2025-03,2025_03.csv,111.557508
2025-03-25,2025-03,2025_03.csv,111.536494
2025-03-26,2025-03,2025_03.csv,111.728094
2025-03-27,2025-03,2025_03.csv,111.71796
2025-03-28,2025-03,2025_03.csv,111.936089
2025-03-29,2025-03,2025_03.csv,112.123938
2025-03-30,2025-03,2025_03.csv,112.200302
2025-03-31,2025-03,2025_03.csv,112.422082
2025-04-01,2025-04,2025_04.csv,112.139463
2025-04-02,2025-04,2025_04.csv,113.950824
2025-04-03,2025-04,2025_04.csv,114.178684
2025-04-04,2025-04,2025_04.csv,114.278146
2025-04-05,2025-04,2025_04.csv,114.303001
2025-04-06,2025-04,2025_04.csv,114.19505
2025-04-07,2025-04,2025_04.csv,114.203521
2025-04-08,2025-04,2025_04.csv,114.06794
2025-04-09,2025-04,2025_04.csv,114.083582
2025-04-10,2025-04,2025_04.csv,114.082922
2025-04-11,2025-04,2025_04.csv,114.089405
2025-04-12,2025-04,2025_04.csv,114.371626
2025-04-13,2025-04,2025_04.csv,114.508339
2025-04-14,2025-04,2025_04.csv,114.51846
2025-04-15,2025-04,2025_04.csv,114.526213
2025-04-16,2025-04,2025_04.csv,114.593619
2025-04-17,2025-04,2025_04.csv,114.848145
2025-04-18,2025-04,2025_04.csv,115.100304
2025-04-19,2025-04,2025_04.csv,115.109112
2025-04-20,2025-04,2025_04.csv,115.113889
2025-04-21,2025-04,2025_04.csv,115.122134
2025-04-22,2025-04,2025_04.csv,115.136697
2025-04-23,2025-04,2025_04.csv,115.236382
2025-04-24,2025-04,2025_04.csv,115.256927
2025-04-25,2025-04,2025_04.csv,115.269091
2025-04-26,2025-04,2025_04.csv,115.289537
2025-04-27,2025-04,2025_04.csv,115.342627
2025-04-28,2025-04,2025_04.csv,115.396627
2025-04-29,2025-04,2025_04.csv,115.409925
2025-04-30,2025-04,2025_04.csv,115.670445
2025-05-01,2025-05,2025_05.csv,116.034552
2025-05-02,2025-05,2025_05.csv,117.33421
2025-05-03,2025-05,2025_05.csv,117.3332
2025-05-04,2025-05,2025_05.csv,118.130079
2025-05-05,2025-05,2025_05.csv,118.131018
2025-05-06,2025-05,2025_05.csv,118.132084
2025-05-07,2025-05,2025_05.csv,120.02302
2025-05-08,2025-05,2025_05.csv,121.118748
2025-05-09,2025-05,2025_05.csv,121.268426
2025-05-10,2025-05,2025_05.csv,121.091397
2025-05-11,2025-05,2025_05.csv,120.926849
2025-05-12,2025-05,2025_05.csv,120.967087
2025-05-13,2025-05,2025_05.csv,120.988829
2025-05-14,2025-05,2025_05.csv,121.389066
2025-05-15,2025-05,2025_05.csv,121.33508
2025-05-16,2025-05,2025_05.csv,121.447261
2025-05-17,2025-05,2025_05.csv,121.467092
2025-05-18,2025-05,2025_05.csv,122.273661
2025-05-19,2025-05,2025_05.csv,122.40321
2025-05-20,2025-05,2025_05.csv,122.416132
2025-05-21,2025-05,2025_05.csv,122.989072
2025-05-22,2025-05,2025_05.csv,123.493498
2025-05-23,2025-05,2025_05.csv,123.70337
2025-05-24,2025-05,2025_05.csv,123.848335
2025-05-25,2025-05,2025_05.csv,123.941316
2025-05-26,2025-05,2025_05.csv,124.119428
2025-05-27,2025-05,2025_05.csv,124.137081
2025-05-28,2025-05,2025_05.csv,125.117787
2025-05-29,2025-05,2025_05.csv,125.284863
2025-05-30,2025-05,2025_05.csv,126.615677
2025-05-31,2025-05,2025_05.csv,126.863444
2025-06-01,2025-06,2025_06.csv,127.221757
2025-06-02,2025-06,2025_06.csv,127.599765
2025-06-03,2025-06,2025_06.csv,128.456907
2025-06-04,2025-06,Forward Fill,128.456907
2025-06-05,2025-06,Forward Fill,128.456907
2025-06-06,2025-06,Forward Fill,128.456907
2025-06-07,2025-06,Forward Fill,128.456907
2025-06-08,2025-06,Forward Fill,128.456907
2025-06-09,2025-06,Forward Fill,128.456907
2025-06-10,2025-06,Forward Fill,128.456907
2025-06-11,2025-06,2025_06.csv,129.245225
2025-06-12,2025-06,2025_06.csv,129.245225
2025-06-13,2025-06,2025_06.csv,129.51438
2025-06-14,2025-06,2025_06.csv,129.540238
2025-06-15,2025-06,2025_06.csv,129.621638
2025-06-16,2025-06,2025_06.csv,129.676932
2025-06-17,2025-06,2025_06.csv,129.704379
2025-06-18,2025-06,2025_06.csv,129.85264
2025-06-19,2025-06,2025_06.csv,130.011258
2025-06-20,2025-06,2025_06.csv,130.276915
2025-06-21,2025-06,2025_06.csv,130.297529
2025-06-22,2025-06,2025_06.csv,130.367403
2025-06-23,2025-06,2025_06.csv,130.407722
2025-06-24,2025-06,2025_06.csv,130.398502
2025-06-25,2025-06,2025_06.csv,131.27337
2025-06-26,2025-06,2025_06.csv,131.379133
2025-06-27,2025-06,2025_06.csv,131.924026
2025-06-28,2025-06,2025_06.csv,131.965695
2025-06-29,2025-06,2025_06.csv,131.99281
2025-06-30,2025-06,2025_06.csv,132.024265
2025-07-01,2025-07,2025_07.csv,132.515391
2025-07-02,2025-07,2025_07.csv,132.998934
2025-07-03,2025-07,2025_07.csv,133.780035
2025-07-04,2025-07,2025_07.csv,133.799025
2025-07-05,2025-07,2025_07.csv,133.808089
2025-07-06,2025-07,2025_07.csv,133.720654
2025-07-07,2025-07,2025_07.csv,133.72259
2025-07-08,2025-07,2025_07.csv,133.967501
2025-07-09,2025-07,2025_07.csv,134.012951
2025-07-10,2025-07,2025_07.csv,134.054925
2025-07-11,2025-07,2025_07.csv,134.074066
2025-07-12,2025-07,2025_07.csv,134.352769
2025-07-13,2025-07,2025_07.csv,134.406988
2025-07-14,2025-07,2025_07.csv,134.410305
2025-07-15,2025-07,2025_07.csv,134.424509
2025-07-16,2025-07,2025_07.csv,134.379681
2025-07-17,2025-07,2025_07.csv,134.535587
2025-07-18,2025-07,2025_07.csv,134.537247
2025-07-19,2025-07,2025_07.csv,134.561375
2025-07-20,2025-07,2025_07.csv,134.685575
2025-07-21,2025-07,2025_07.csv,134.709441
2025-07-22,2025-07,2025_07.csv,134.735211
2025-07-23,2025-07,2025_07.csv,134.850512
2025-07-24,2025-07,2025_07.csv,134.822529
2025-07-25,2025-07,2025_07.csv,134.845222
2025-07-26,2025-07,2025_07.csv,134.86291
2025-07-27,2025-07,2025_07.csv,134.958202
2025-07-28,2025-07,2025_07.csv,134.962204
2025-07-29,2025-07,2025_07.csv,135.048574
2025-07-30,2025-07,2025_07.csv,135.143988
2025-07-31,2025-07,2025_07.csv,135.226713
2025-08-01,2025-08,2025_08.csv,134.927641
2025-08-02,2025-08,2025_08.csv,134.926889
2025-08-03,2025-08,2025_08.csv,134.770519
2025-08-04,2025-08,2025_08.csv,134.770519
2025-08-05,2025-08,2025_08.csv,134.815597
2025-08-06,2025-08,2025_08.csv,134.785582
2025-08-07,2025-08,2025_08.csv,134.785582
2025-08-08,2025-08,2025_08.csv,134.777697
2025-08-09,2025-08,2025_08.csv,134.777834
2025-08-10,2025-08,2025_08.csv,134.783538
2025-08-11,2025-08,2025_08.csv,134.783538
2025-08-12,2025-08,2025_08.csv,134.780412
2025-08-13,2025-08,2025_08.csv,134.912629
2025-08-14,2025-08,2025_08.csv,134.675287
2025-08-15,2025-08,2025_08.csv,134.755259
2025-08-16,2025-08,2025_08.csv,134.902016
2025-08-17,2025-08,2025_08.csv,134.817507
2025-08-18,2025-08,2025_08.csv,134.811272
2025-08-19,2025-08,2025_08.csv,134.856104
2025-08-20,2025-08,2025_08.csv,134.967488
2025-08-21,2025-08,2025_08.csv,134.979804
2025-08-22,2025-08,2025_08.csv,135.032848
2025-08-23,2025-08,2025_08.csv,135.298099
2025-08-24,2025-08,2025_08.csv,135.298099
2025-08-25,2025-08,2025_08.csv,135.353853
2025-08-26,2025-08,2025_08.csv,135.348644
2025-08-27,2025-08,2025_08.csv,135.356806
2025-08-28,2025-08,2025_08.csv,135.428549
2025-08-29,2025-08,2025_08.csv,135.428312
2025-08-30,2025-08,2025_08.csv,135.669563
2025-08-31,2025-08,2025_08.csv,135.669563
2025-09-01,2025-09,2025_09.csv,135.585306
2025-09-02,2025-09,2025_09.csv,135.590931
2025-09-03,2025-09,2025_09.csv,135.642503
2025-09-04,2025-09,2025_09.csv,135.520539
2025-09-05,2025-09,2025_09.csv,135.476383
2025-09-06,2025-09,2025_09.csv,135.322846
2025-09-07,2025-09,2025_09.csv,135.429438
2025-09-08,2025-09,2025_09.csv,135.490586
2025-09-09,2025-09,2025_09.csv,135.414816
2025-09-10,2025-09,2025_09.csv,135.346892
2025-09-11,2025-09,2025_09.csv,134.747229
2025-09-12,2025-09,2025_09.csv,134.747229
2025-09-13,2025-09,2025_09.csv,134.742642
2025-09-14,2025-09,2025_09.csv,134.740678
2025-09-15,2025-09,2025_09.csv,134.73003
2025-09-16,2025-09,2025_09.csv,134.72226
2025-09-17,2025-09,2025_09.csv,134.779635
2025-09-18,2025-09,2025_09.csv,134.753208
2025-09-19,2025-09,2025_09.csv,134.608033
2025-09-20,2025-09,2025_09.csv,134.599609
2025-09-21,2025-09,2025_09.csv,134.568394
2025-09-22,2025-09,2025_09.csv,134.575222
2025-09-23,2025-09,2025_09.csv,134.564478
2025-09-24,2025-09,2025_09.csv,134.523944
2025-09-25,2025-09,2025_09.csv,134.545459
2025-09-26,2025-09,2025_09.csv,134.492215
2025-09-27,2025-09,2025_09.csv,134.506709
2025-09-28,2025-09,2025_09.csv,134.506709
2025-09-29,2025-09,2025_09.csv,134.565589
2025-09-30,2025-09,2025_09.csv,134.650221
2025-10-01,2025-10,2025_10.csv,134.529459
2025-10-02,2025-10,2025_10.csv,135.130131
2025-10-03,2025-10,2025_10.csv,135.064737
2025-10-04,2025-10,2025_10.csv,135.047257
2025-10-05,2025-10,2025_10.csv,135.055101
2025-10-06,2025-10,2025_10.csv,135.063053
2025-10-07,2025-10,2025_10.csv,135.067931
2025-10-08,2025-10,2025_10.csv,135.126187
2025-10-09,2025-10,2025_10.csv,135.135262
2025-10-10,2025-10,2025_10.csv,134.85494
2025-10-11,2025-10,2025_10.csv,134.513645
2025-10-12,2025-10,2025_10.csv,134.52097
2025-10-13,2025-10,2025_10.csv,134.427483
2025-10-14,2025-10,2025_10.csv,134.423402
2025-10-15,2025-10,2025_10.csv,134.451312
2025-10-16,2025-10,2025_10.csv,134.498801
2025-10-17,2025-10,2025_10.csv,134.43441
2025-10-18,2025-10,2025_10.csv,134.413232
2025-10-19,2025-10,2025_10.csv,134.405737
2025-10-20,2025-10,2025_10.csv,134.414176
2025-10-21,2025-10,2025_10.csv,134.410704
2025-10-22,2025-10,2025_10.csv,134.405879
2025-10-23,2025-10,2025_10.csv,134.425033
2025-10-24,2025-10,2025_10.csv,134.426059
2025-10-25,2025-10,2025_10.csv,134.36977
2025-10-26,2025-10,2025_10.csv,134.387658
2025-10-27,2025-10,2025_10.csv,134.392108
2025-10-28,2025-10,2025_10.csv,134.394799
2025-10-29,2025-10,2025_10.csv,134.429661
2025-10-30,2025-10,2025_10.csv,134.44479
2025-10-31,2025-10,2025_10.csv,134.481926
2025-11-01,2025-11,2025_11.csv,134.223058
2025-11-02,2025-11,2025_11.csv,134.763589
2025-11-03,2025-11,2025_11.csv,134.726735
2025-11-04,2025-11,2025_11.csv,134.726662
2025-11-05,2025-11,2025_11.csv,134.739972
2025-11-06,2025-11,2025_11.csv,134.868746
2025-11-07,2025-11,2025_11.csv,134.868101
2025-11-08,2025-11,2025_11.csv,134.486999
2025-11-09,2025-11,2025_11.csv,134.415064
2025-11-10,2025-11,2025_11.csv,134.394294
2025-11-11,2025-11,2025_11.csv,134.405621
2025-11-12,2025-11,2025_11.csv,134.307233
2025-11-13,2025-11,2025_11.csv,134.337208
2025-11-14,2025-11,2025_11.csv,134.318432
2025-11-15,2025-11,2025_11.csv,134.332437
2025-11-16,2025-11,2025_11.csv,134.334114
2025-11-17,2025-11,2025_11.csv,134.26618
2025-11-18,2025-11,2025_11.csv,134.257962
2025-11-19,2025-11,2025_11.csv,134.217737
2025-11-20,2025-11,2025_11.csv,134.220733
2025-11-21,2025-11,2025_11.csv,134.077032
2025-11-22,2025-11,2025_11.csv,134.076868
2025-11-23,2025-11,2025_11.csv,134.065804
2025-11-24,2025-11,2025_11.csv,134.048939
2025-11-25,2025-11,2025_11.csv,134.040144
2025-11-26,2025-11,2025_11.csv,133.644245
2025-11-27,2025-11,2025_11.csv,133.643096
2025-11-28,2025-11,2025_11.csv,133.611084
2025-11-29,2025-11,2025_11.csv,133.621142
2025-11-30,2025-11,2025_11.csv,133.66363
2025-12-01,2025-12,2025_12.csv,133.234875
2025-12-02,2025-12,2025_12.csv,133.23345
2025-12-03,2025-12,2025_12.csv,133.478665
2025-12-04,2025-12,2025_12.csv,133.884903
2025-12-05,2025-12,2025_12.csv,133.962212
2025-12-06,2025-12,2025_12.csv,133.906113
2025-12-07,2025-12,2025_12.csv,133.762434
2025-12-08,2025-12,2025_12.csv,133.480713
2025-12-09,2025-12,2025_12.csv,133.495179
2025-12-10,2025-12,2025_12.csv,133.388766
2025-12-11,2025-12,2025_12.csv,133.366218
2025-12-12,2025-12,2025_12.csv,133.330068
2025-12-13,2025-12,2025_12.csv,133.298405
2025-12-14,2025-12,2025_12.csv,133.290994
2025-12-15,2025-12,2025_12.csv,133.296681
2025-12-16,2025-12,2025_12.csv,133.286565
2025-12-17,2025-12,2025_12.csv,133.281137
2025-12-18,2025-12,2025_12.csv,133.1557
2025-12-19,2025-12,2025_12.csv,133.121618
2025-12-20,2025-12,2025_12.csv,133.0494
2025-12-21,2025-12,2025_12.csv,133.061179
2025-12-22,2025-12,Forward Fill,133.061179
2025-12-23,2025-12,2025_12.csv,133.051224
2025-12-24,2025-12,2025_12.csv,133.075013
2025-12-25,2025-12,2025_12.csv,133.081405
2025-12-26,2025-12,2025_12.csv,133.098723
2025-12-27,2025-12,2025_12.csv,133.105141
2025-12-28,2025-12,2025_12.csv,133.093659
2025-12-29,2025-12,2025_12.csv,133.115117
2025-12-30,2025-12,2025_12.csv,133.116875
2025-12-31,2025-12,2025_12.csv,133.094682
2026-01-01,2026-01,2026_01.csv,133.901559
2026-01-02,2026-01,2026_01.csv,133.903101
2026-01-03,2026-01,2026_01.csv,133.878662
2026-01-04,2026-01,2026_01.csv,133.88109
2026-01-05,2026-01,2026_01.csv,133.879141
2026-01-06,2026-01,2026_01.csv,133.898724
2026-01-07,2026-01,2026_01.csv,133.813428
2026-01-08,2026-01,2026_01.csv,133.72712
2026-01-09,2026-01,2026_01.csv,133.651268
2026-01-10,2026-01,2026_01.csv,133.668905
2026-01-11,2026-01,Forward Fill,133.668905
2026-01-12,2026-01,2026_01.csv,132.80156
2026-01-13,2026-01,2026_01.csv,132.795254
2026-01-14,2026-01,2026_01.csv,133.018994
2026-01-15,2026-01,2026_01.csv,132.99372
2026-01-16,2026-01,2026_01.csv,132.999342
2026-01-17,2026-01,2026_01.csv,132.999332
2026-01-18,2026-01,2026_01.csv,132.953837
2026-01-19,2026-01,2026_01.csv,132.97479
2026-01-20,2026-01,2026_01.csv,133.04669
2026-01-21,2026-01,2026_01.csv,133.043885
2026-01-22,2026-01,2026_01.csv,132.968196
2026-01-23,2026-01,2026_01.csv,132.95845
2026-01-24,2026-01,2026_01.csv,132.961624
2026-01-25,2026-01,2026_01.csv,132.992613
2026-01-26,2026-01,2026_01.csv,133.005398
2026-01-27,2026-01,2026_01.csv,133.015963
2026-01-28,2026-01,2026_01.csv,132.951303
2026-01-29,2026-01,2026_01.csv,132.669931
2026-01-30,2026-01,2026_01.csv,132.648797
2026-01-31,2026-01,2026_01.csv,132.701779
2026-02-01,2026-02,2026_02.csv,133.439392
2026-02-02,2026-02,2026_02.csv,133.444752
2026-02-03,2026-02,2026_02.csv,133.462084
2026-02-04,2026-02,2026_02.csv,133.427494
2026-02-05,2026-02,2026_02.csv,133.426393
2026-02-06,2026-02,2026_02.csv,133.098691
2026-02-07,2026-02,2026_02.csv,132.77823
2026-02-08,2026-02,2026_02.csv,132.779178
2026-02-09,2026-02,2026_02.csv,132.76954
2026-02-10,2026-02,2026_02.csv,132.728697
2026-02-11,2026-02,2026_02.csv,132.690256
2026-02-12,2026-02,2026_02.csv,132.526507
2026-02-13,2026-02,2026_02.csv,132.52888
2026-02-14,2026-02,2026_02.csv,132.397004
2026-02-15,2026-02,2026_02.csv,132.409621
2026-02-16,2026-02,2026_02.csv,132.409951
2026-02-17,2026-02,2026_02.csv,132.411814
2026-02-18,2026-02,2026_02.csv,132.414533
2026-02-19,2026-02,2026_02.csv,132.166319
2026-02-20,2026-02,2026_02.csv,132.123608
2026-02-21,2026-02,2026_02.csv,132.038167
2026-02-22,2026-02,2026_02.csv,131.966328
2026-02-23,2026-02,2026_02.csv,131.963201
2026-02-24,2026-02,2026_02.csv,131.961066
2026-02-25,2026-02,2026_02.csv,131.931207
2026-02-26,2026-02,2026_02.csv,131.935748
2026-02-27,2026-02,2026_02.csv,131.922127
2026-02-28,2026-02,2026_02.csv,131.869879
2026-03-01,2026-03,2026_03.csv,131.80029
2026-03-02,2026-03,2026_03.csv,132.097596
2026-03-03,2026-03,2026_03.csv,132.075034
2026-03-04,2026-03,2026_03.csv,131.957489
2026-03-05,2026-03,2026_03.csv,132.041795
2026-03-06,2026-03,2026_03.csv,131.354764
2026-03-07,2026-03,2026_03.csv,131.257564
2026-03-08,2026-03,2026_03.csv,131.245841
2026-03-09,2026-03,2026_03.csv,131.262568
2026-03-10,2026-03,2026_03.csv,131.273458
2026-03-11,2026-03,2026_03.csv,131.275399
2026-03-12,2026-03,Forward Fill,131.275399
2026-03-13,2026-03,2026_03.csv,131.2622
2026-03-14,2026-03,2026_03.csv,130.908733
2026-03-15,2026-03,2026_03.csv,131.190005
2026-03-16,2026-03,2026_03.csv,131.126515
2026-03-17,2026-03,2026_03.csv,130.835206
2026-03-18,2026-03,2026_03.csv,130.775572
2026-03-19,2026-03,2026_03.csv,130.735531
2026-03-20,2026-03,2026_03.csv,130.700453
2026-03-21,2026-03,2026_03.csv,130.714299
2026-03-22,2026-03,2026_03.csv,130.720723
2026-03-23,2026-03,2026_03.csv,130.723201
2026-03-24,2026-03,2026_03.csv,130.705631
2026-03-25,2026-03,2026_03.csv,130.688281
2026-03-26,2026-03,2026_03.csv,130.686437
2026-03-27,2026-03,2026_03.csv,130.675419
2026-03-28,2026-03,2026_03.csv,130.664442
2026-03-29,2026-03,2026_03.csv,130.267684
2026-03-30,2026-03,2026_03.csv,130.294198
2026-03-31,2026-03,2026_03.csv,130.281326
2026-04-01,2026-04,2026_04.csv,130.59899
2026-04-02,2026-04,2026_04.csv,130.592881
2026-04-03,2026-04,2026_04.csv,130.591776
2026-04-04,2026-04,2026_04.csv,130.585065
2026-04-05,2026-04,2026_04.csv,130.525693
2026-04-06,2026-04,2026_04.csv,130.782105
2026-04-07,2026-04,2026_04.csv,130.79382
2026-04-08,2026-04,2026_04.csv,130.643612
2026-04-09,2026-04,2026_04.csv,130.575125
2026-04-10,2026-04,2026_04.csv,130.019971
2026-04-11,2026-04,2026_04.csv,130.031483
2026-04-12,2026-04,2026_04.csv,130.040047
2026-04-13,2026-04,2026_04.csv,130.028337
2026-04-14,2026-04,2026_04.csv,129.917347
2026-04-15,2026-04,2026_04.csv,129.850708
2026-04-16,2026-04,2026_04.csv,129.87342
2026-04-17,2026-04,2026_04.csv,129.866605
2026-04-18,2026-04,2026_04.csv,129.810018
2026-04-19,2026-04,2026_04.csv,129.807273
2026-04-20,2026-04,2026_04.csv,129.805548
2026-04-21,2026-04,2026_04.csv,129.770939
2026-04-22,2026-04,2026_04.csv,129.734812
2026-04-23,2026-04,2026_04.csv,129.712362
2026-04-24,2026-04,2026_04.csv,129.741502
2026-04-25,2026-04,2026_04.csv,129.698623
2026-04-26,2026-04,2026_04.csv,129.699166
