date,data_source,cpi,Alimentos y Bebidas No Alcohólicas,Bebidas Alcohólicas y Tabaco,"Muebles, Bienes y Servicios Domésticos",Bienes y Servicios Diversos
2025-06-13,2025_06.csv,100.0,100.0,100.0,100.0,100.0
2025-06-14,2025_06.csv,100.08282372623322,100.11212809754862,100.0,100.0,100.0
2025-06-15,2025_06.csv,100.20117670358925,100.27235626879482,100.0,100.0,100.0
2025-06-16,2025_06.csv,100.20117670358925,100.27235626879482,100.0,100.0,100.0
2025-06-17,2025_06.csv,100.29945075143559,100.40540126114861,100.0,100.0,100.0
2025-06-18,2025_06.csv,100.51412015267263,100.50040921796138,100.0,101.31943566575477,100.0
2025-06-19,2025_06.csv,100.55838555521188,100.56033643446904,100.0,101.31943566575477,100.0
2025-06-20,2025_06.csv,100.55838555521188,100.56033643446904,100.0,101.31943566575477,100.0
2025-06-21,2025_06.csv,100.71272684993745,100.74973745843904,100.0,101.45129301610899,100.0
2025-06-22,2025_06.csv,100.71272684993745,100.74973745843904,100.0,101.45129301610899,100.0
2025-06-23,2025_06.csv,100.71272684993745,100.74973745843904,100.0,101.45129301610899,100.0
2025-06-24,2025_06.csv,100.79937584626362,100.86704426838854,100.0,101.45129301610899,100.0
2025-06-25,2025_06.csv,101.16741491767849,101.36756800114844,101.65440332982303,101.45129301610899,99.79485775287755
2025-06-26,2025_06.csv,101.16741491767849,101.36756800114844,101.65440332982303,101.45129301610899,99.79485775287755
2025-06-27,2025_06.csv,101.27225214571556,101.44623719078413,101.52580141175011,101.89660701636605,99.79485775287755
2025-06-28,2025_06.csv,101.55817096103597,101.83331869838202,101.52580141175011,101.89660701636605,99.79485775287755
2025-06-29,2025_06.csv,101.55817096103597,101.83331869838202,101.52580141175011,101.89660701636605,99.79485775287755
2025-06-30,2025_06.csv,101.55817096103597,101.83331869838202,101.52580141175011,101.89660701636605,99.79485775287755
2025-07-01,2025_07.csv,101.61277383453435,101.90724094994579,101.52580141175011,101.89660701636605,99.79485775287755
2025-07-02,2025_07.csv,103.01932167156676,103.7631931658281,103.41820225653596,101.94818971296029,99.79485775287755
2025-07-03,2025_07.csv,103.17322181557086,103.97154566509921,103.41820225653596,101.94818971296029,99.79485775287755
2025-07-04,2025_07.csv,103.19372053211472,103.99929715845488,103.41820225653596,101.94818971296029,99.79485775287755
2025-07-05,2025_07.csv,103.40198293789298,104.28124616525342,103.41820225653596,101.94818971296029,99.79485775287755
2025-07-06,2025_07.csv,103.40611728968733,104.286843317451,103.41820225653596,101.94818971296029,99.79485775287755
2025-07-07,2025_07.csv,103.47802604539766,104.286843317451,103.41820225653596,102.60483019273615,99.79485775287755
2025-07-08,2025_07.csv,103.47802604539766,104.286843317451,103.41820225653596,102.60483019273615,99.79485775287755
2025-07-09,2025_07.csv,103.56619565713278,104.286843317451,105.18014794275996,103.15493950846924,99.79485775287755
2025-07-10,2025_07.csv,110.5652959688248,110.76007276400557,106.14462192679008,112.03927412078097,108.83557538905441
2025-07-11,2025_07.csv,112.69204746482436,112.34794780922425,106.14462192679008,112.03927412078097,115.84994458819058
2025-07-12,2025_07.csv,112.69204746482436,112.34794780922425,106.14462192679008,112.03927412078097,115.84994458819058
2025-07-13,2025_07.csv,112.69204746482436,112.34794780922425,106.14462192679008,112.03927412078097,115.84994458819058
2025-07-14,2025_07.csv,112.69204746482436,112.34794780922425,106.14462192679008,112.03927412078097,115.84994458819058
2025-07-15,2025_07.csv,112.73622046977069,112.40774993637909,106.14462192679008,112.03927412078097,115.84994458819058
2025-07-16,2025_07.csv,112.73622046977069,112.40774993637909,106.14462192679008,112.03927412078097,115.84994458819058
2025-07-17,2025_07.csv,112.73622046977069,112.40774993637909,106.14462192679008,112.03927412078097,115.84994458819058
2025-07-18,2025_07.csv,112.73622046977069,112.40774993637909,106.14462192679008,112.03927412078097,115.84994458819058
2025-07-19,2025_07.csv,112.73622046977069,112.40774993637909,106.14462192679008,112.03927412078097,115.84994458819058
2025-07-20,2025_07.csv,112.73622046977069,112.40774993637909,106.14462192679008,112.03927412078097,115.84994458819058
2025-07-21,2025_07.csv,112.73622046977069,112.40774993637909,106.14462192679008,112.03927412078097,115.84994458819058
2025-07-22,2025_07.csv,112.73622046977069,112.40774993637909,106.14462192679008,112.03927412078097,115.84994458819058
2025-07-23,2025_07.csv,112.810060362383,112.40774993637909,106.14462192679008,112.71354892963548,115.84994458819058
2025-07-24,2025_07.csv,112.810060362383,112.40774993637909,106.14462192679008,112.71354892963548,115.84994458819058
2025-07-25,2025_07.csv,112.810060362383,112.40774993637909,106.14462192679008,112.71354892963548,115.84994458819058
2025-07-26,2025_07.csv,112.810060362383,112.40774993637909,106.14462192679008,112.71354892963548,115.84994458819058
2025-07-27,2025_07.csv,112.810060362383,112.40774993637909,106.14462192679008,112.71354892963548,115.84994458819058
2025-07-28,2025_07.csv,112.810060362383,112.40774993637909,106.14462192679008,112.71354892963548,115.84994458819058
2025-07-29,2025_07.csv,112.810060362383,112.40774993637909,106.14462192679008,112.71354892963548,115.84994458819058
2025-07-30,2025_07.csv,112.83694639964561,112.4441486876305,106.14462192679008,112.71354892963548,115.84994458819058
2025-07-31,2025_07.csv,113.60447123984873,113.36230783382898,111.78015890687846,112.71354892963548,115.84994458819058
2025-08-01,2025_08.csv,113.60447123984873,113.36230783382898,111.78015890687846,112.71354892963548,115.84994458819058
2025-08-02,2025_08.csv,113.80616436451349,113.64721675029008,111.22775847201063,112.71354892963548,115.84994458819058
2025-08-03,2025_08.csv,113.77282646756511,113.60208336724759,111.22775847201063,112.71354892963548,115.84994458819058
2025-08-04,2025_08.csv,113.77282646756511,113.60208336724759,111.22775847201063,112.71354892963548,115.84994458819058
2025-08-05,2025_08.csv,113.79350225820089,113.63007458636726,111.22775847201063,112.71354892963548,115.84994458819058
2025-08-06,2025_08.csv,113.53019840294529,113.27360957676495,111.22775847201063,112.71354892963548,115.84994458819058
2025-08-07,2025_08.csv,113.53019840294529,113.27360957676495,111.22775847201063,112.71354892963548,115.84994458819058
2025-08-08,2025_08.csv,113.61574743494359,113.3894272372513,111.22775847201063,112.71354892963548,115.84994458819058
2025-08-09,2025_08.csv,113.61574743494359,113.3894272372513,111.22775847201063,112.71354892963548,115.84994458819058
2025-08-10,2025_08.csv,113.61574743494359,113.3894272372513,111.22775847201063,112.71354892963548,115.84994458819058
2025-08-11,2025_08.csv,113.61574743494359,113.3894272372513,111.22775847201063,112.71354892963548,115.84994458819058
2025-08-12,2025_08.csv,113.73906742282385,113.55637982752471,111.22775847201063,112.71354892963548,115.84994458819058
2025-08-13,2025_08.csv,113.73906742282385,113.55637982752471,111.22775847201063,112.71354892963548,115.84994458819058
2025-08-14,2025_08.csv,113.73906742282385,113.55637982752471,111.22775847201063,112.71354892963548,115.84994458819058
2025-08-15,2025_08.csv,113.12860697141451,112.72992861410734,111.22775847201063,112.71354892963548,115.84994458819058
2025-08-16,2025_08.csv,113.12860697141451,112.72992861410734,111.22775847201063,112.71354892963548,115.84994458819058
2025-08-17,2025_08.csv,113.12860697141451,112.72992861410734,111.22775847201063,112.71354892963548,115.84994458819058
2025-08-18,2025_08.csv,113.12860697141451,112.72992861410734,111.22775847201063,112.71354892963548,115.84994458819058
2025-08-19,2025_08.csv,113.12860697141451,112.72992861410734,111.22775847201063,112.71354892963548,115.84994458819058
2025-08-20,2025_08.csv,113.12860697141451,112.72992861410734,111.22775847201063,112.71354892963548,115.84994458819058
2025-08-21,2025_08.csv,113.12860697141451,112.72992861410734,111.22775847201063,112.71354892963548,115.84994458819058
2025-08-22,2025_08.csv,113.11417709357943,112.71039321256129,111.22775847201063,112.71354892963548,115.84994458819058
2025-08-23,2025_08.csv,113.18377754966589,112.80461943352984,111.22775847201063,112.71354892963548,115.84994458819058
2025-08-24,2025_08.csv,113.18377754966589,112.80461943352984,111.22775847201063,112.71354892963548,115.84994458819058
2025-08-25,2025_08.csv,113.18377754966589,112.80461943352984,111.22775847201063,112.71354892963548,115.84994458819058
2025-08-26,2025_08.csv,113.18377754966589,112.80461943352984,111.22775847201063,112.71354892963548,115.84994458819058
2025-08-27,2025_08.csv,113.18377754966589,112.80461943352984,111.22775847201063,112.71354892963548,115.84994458819058
2025-08-28,2025_08.csv,113.18377754966589,112.80461943352984,111.22775847201063,112.71354892963548,115.84994458819058
2025-08-29,2025_08.csv,113.18377754966589,112.80461943352984,111.22775847201063,112.71354892963548,115.84994458819058
2025-08-30,2025_08.csv,113.18377754966589,112.80461943352984,111.22775847201063,112.71354892963548,115.84994458819058
2025-08-31,2025_08.csv,113.18377754966589,112.80461943352984,111.22775847201063,112.71354892963548,115.84994458819058
2025-09-01,2025_09.csv,113.18377754966589,112.80461943352984,111.22775847201063,112.71354892963548,115.84994458819058
2025-09-02,2025_09.csv,113.24760161774003,112.89102548716251,111.22775847201063,112.71354892963548,115.84994458819058
2025-09-03,2025_09.csv,113.24760161774003,112.89102548716251,111.22775847201063,112.71354892963548,115.84994458819058
2025-09-04,2025_09.csv,113.20126344879021,112.8282921260288,111.22775847201063,112.71354892963548,115.84994458819058
2025-09-05,2025_09.csv,113.20126344879021,112.8282921260288,111.22775847201063,112.71354892963548,115.84994458819058
2025-09-06,2025_09.csv,113.20126344879021,112.8282921260288,111.22775847201063,112.71354892963548,115.84994458819058
2025-09-07,2025_09.csv,112.73831272483082,112.64699941906893,111.22775847201063,112.71354892963548,113.43031408728969
2025-09-08,2025_09.csv,112.73831272483082,112.64699941906893,111.22775847201063,112.71354892963548,113.43031408728969
2025-09-09,2025_09.csv,112.73831272483082,112.64699941906893,111.22775847201063,112.71354892963548,113.43031408728969
2025-09-10,2025_09.csv,112.69037818190193,112.57886609072823,111.37869253092151,112.71354892963548,113.43031408728969
2025-09-11,2025_09.csv,112.69037818190193,112.57886609072823,111.37869253092151,112.71354892963548,113.43031408728969
2025-09-12,2025_09.csv,112.67897003225633,112.56342155358304,111.37869253092151,112.71354892963548,113.43031408728969
2025-09-13,2025_09.csv,112.67897003225633,112.56342155358304,111.37869253092151,112.71354892963548,113.43031408728969
2025-09-14,2025_09.csv,112.67897003225633,112.56342155358304,111.37869253092151,112.71354892963548,113.43031408728969
2025-09-15,2025_09.csv,112.67897003225633,112.56342155358304,111.37869253092151,112.71354892963548,113.43031408728969
2025-09-16,2025_09.csv,112.72533838331563,112.62619577574378,111.37869253092151,112.71354892963548,113.43031408728969
2025-09-17,2025_09.csv,112.84109868348045,112.78291393875648,111.37869253092151,112.71354892963548,113.43031408728969
2025-09-18,2025_09.csv,112.92454382401738,112.88150633557558,112.04869254121532,112.71354892963548,113.43031408728969
2025-09-19,2025_09.csv,112.94504285320039,112.90925825218719,112.04869254121532,112.71354892963548,113.43031408728969
2025-09-20,2025_09.csv,112.94504285320039,112.90925825218719,112.04869254121532,112.71354892963548,113.43031408728969
2025-09-21,2025_09.csv,112.94504285320039,112.90925825218719,112.04869254121532,112.71354892963548,113.43031408728969
2025-09-22,2025_09.csv,112.94504285320039,112.90925825218719,112.04869254121532,112.71354892963548,113.43031408728969
2025-09-23,2025_09.csv,112.94504285320039,112.90925825218719,112.04869254121532,112.71354892963548,113.43031408728969
2025-09-24,2025_09.csv,112.94504285320039,112.90925825218719,112.04869254121532,112.71354892963548,113.43031408728969
2025-09-25,2025_09.csv,112.94504285320039,112.90925825218719,112.04869254121532,112.71354892963548,113.43031408728969
2025-09-26,2025_09.csv,112.97148038995584,112.94504981621209,112.04869254121532,112.71354892963548,113.43031408728969
2025-09-27,2025_09.csv,112.97148038995584,112.94504981621209,112.04869254121532,112.71354892963548,113.43031408728969
2025-09-28,2025_09.csv,112.97148038995584,112.94504981621209,112.04869254121532,112.71354892963548,113.43031408728969
2025-09-29,2025_09.csv,112.97148038995584,112.94504981621209,112.04869254121532,112.71354892963548,113.43031408728969
2025-09-30,2025_09.csv,112.97148038995584,112.94504981621209,112.04869254121532,112.71354892963548,113.43031408728969
2025-10-01,2025_10.csv,112.97148038995584,112.94504981621209,112.04869254121532,112.71354892963548,113.43031408728969
2025-10-02,2025_10.csv,112.97148038995584,112.94504981621209,112.04869254121532,112.71354892963548,113.43031408728969
2025-10-03,2025_10.csv,112.97148038995584,112.94504981621209,112.04869254121532,112.71354892963548,113.43031408728969
2025-10-04,2025_10.csv,112.97148038995584,112.94504981621209,112.04869254121532,112.71354892963548,113.43031408728969
2025-10-05,2025_10.csv,112.97148038995584,112.94504981621209,112.04869254121532,112.71354892963548,113.43031408728969
2025-10-06,2025_10.csv,112.97148038995584,112.94504981621209,112.04869254121532,112.71354892963548,113.43031408728969
2025-10-07,2025_10.csv,112.97148038995584,112.94504981621209,112.04869254121532,112.71354892963548,113.43031408728969
2025-10-08,2025_10.csv,113.28549293257788,113.35730942532284,112.64779458297083,112.71354892963548,113.43031408728969
2025-10-09,2025_10.csv,114.11336239066591,114.1051767587232,111.96960867534249,115.32704836532817,113.43031408728969
2025-10-10,2025_10.csv,114.31137989113392,114.31078387772742,112.20269269559552,115.71469141430825,113.43031408728969
2025-10-11,2025_10.csv,114.31137989113392,114.31078387772742,112.20269269559552,115.71469141430825,113.43031408728969
2025-10-12,2025_10.csv,114.31137989113392,114.31078387772742,112.20269269559552,115.71469141430825,113.43031408728969
2025-10-13,2025_10.csv,114.31137989113392,114.31078387772742,112.20269269559552,115.71469141430825,113.43031408728969
2025-10-14,2025_10.csv,114.43777775312404,114.59771858311204,114.05133489988536,116.0020582645022,112.35434341721196
2025-10-15,2025_10.csv,114.4851454414417,114.62642320392358,115.70210484978836,116.0020582645022,112.35434341721196
2025-10-16,2025_10.csv,114.4851454414417,114.62642320392358,115.70210484978836,116.0020582645022,112.35434341721196
2025-10-17,2025_10.csv,114.4851454414417,114.62642320392358,115.70210484978836,116.0020582645022,112.35434341721196
2025-10-18,2025_10.csv,114.4851454414417,114.62642320392358,115.70210484978836,116.0020582645022,112.35434341721196
2025-10-19,2025_10.csv,114.4851454414417,114.62642320392358,115.70210484978836,116.0020582645022,112.35434341721196
2025-10-20,2025_10.csv,114.4851454414417,114.62642320392358,115.70210484978836,116.0020582645022,112.35434341721196
2025-10-21,2025_10.csv,114.49001827626739,114.62642320392358,116.00953642879081,116.0020582645022,112.35434341721196
2025-10-22,2025_10.csv,114.49001827626739,114.62642320392358,116.00953642879081,116.0020582645022,112.35434341721196
2025-10-23,2025_10.csv,114.49001827626739,114.62642320392358,116.00953642879081,116.0020582645022,112.35434341721196
2025-10-24,2025_10.csv,114.49001827626739,114.62642320392358,116.00953642879081,116.0020582645022,112.35434341721196
2025-10-25,2025_10.csv,114.49001827626739,114.62642320392358,116.00953642879081,116.0020582645022,112.35434341721196
2025-10-26,2025_10.csv,114.53660429665103,114.68949211032934,116.00953642879081,116.0020582645022,112.35434341721196
2025-10-27,2025_10.csv,114.53660429665103,114.68949211032934,116.00953642879081,116.0020582645022,112.35434341721196
2025-10-28,2025_10.csv,114.53660429665103,114.68949211032934,116.00953642879081,116.0020582645022,112.35434341721196
2025-10-29,2025_10.csv,114.53660429665103,114.68949211032934,116.00953642879081,116.0020582645022,112.35434341721196
2025-10-30,2025_10.csv,114.53660429665103,114.68949211032934,116.00953642879081,116.0020582645022,112.35434341721196
2025-10-31,2025_10.csv,114.53660429665103,114.68949211032934,116.00953642879081,116.0020582645022,112.35434341721196
2025-11-01,2025_11.csv,115.51896384546616,116.03691301892168,115.52998796208344,115.95351769534868,112.35434341721196
2025-11-02,2025_11.csv,115.90042499528124,116.5286742097635,116.67952955448222,115.95351769534868,112.35434341721196
2025-11-03,2025_11.csv,115.90042499528124,116.5286742097635,116.67952955448222,115.95351769534868,112.35434341721196
2025-11-04,2025_11.csv,115.90042499528124,116.5286742097635,116.67952955448222,115.95351769534868,112.35434341721196
2025-11-05,2025_11.csv,116.53742207107472,117.38758625186126,116.84100091996284,115.95351769534868,112.35434341721196
2025-11-06,2025_11.csv,116.55716404634373,117.38758625186126,116.84100091996284,116.13379310109474,112.35434341721196
2025-11-07,2025_11.csv,116.56634808334887,117.40001974941127,116.84100091996284,116.13379310109474,112.35434341721196
2025-11-08,2025_11.csv,116.1048363417745,117.23024941005427,116.84100091996284,116.13379310109474,109.88270761917505
2025-11-09,2025_11.csv,116.08409412425718,117.22915306116185,115.58344791032242,116.13379310109474,109.88270761917505
2025-11-10,2025_11.csv,116.08409412425718,117.22915306116185,115.58344791032242,116.13379310109474,109.88270761917505
2025-11-11,2025_11.csv,116.08409412425718,117.22915306116185,115.58344791032242,116.13379310109474,109.88270761917505
2025-11-12,2025_11.csv,116.08409412425718,117.22915306116185,115.58344791032242,116.13379310109474,109.88270761917505
2025-11-13,2025_11.csv,116.08628167260919,117.23211459943312,115.58344791032242,116.13379310109474,109.88270761917505
2025-11-14,2025_11.csv,116.08628167260919,117.23211459943312,115.58344791032242,116.13379310109474,109.88270761917505
2025-11-15,2025_11.csv,116.08628167260919,117.23211459943312,115.58344791032242,116.13379310109474,109.88270761917505
2025-11-16,2025_11.csv,116.08628167260919,117.23211459943312,115.58344791032242,116.13379310109474,109.88270761917505
2025-11-17,2025_11.csv,116.08628167260919,117.23211459943312,115.58344791032242,116.13379310109474,109.88270761917505
2025-11-18,2025_11.csv,116.08628167260919,117.23211459943312,115.58344791032242,116.13379310109474,109.88270761917505
2025-11-19,2025_11.csv,116.08628167260919,117.23211459943312,115.58344791032242,116.13379310109474,109.88270761917505
2025-11-20,2025_11.csv,116.08628167260919,117.23211459943312,115.58344791032242,116.13379310109474,109.88270761917505
2025-11-21,2025_11.csv,116.08628167260919,117.23211459943312,115.58344791032242,116.13379310109474,109.88270761917505
2025-11-22,2025_11.csv,116.08628167260919,117.23211459943312,115.58344791032242,116.13379310109474,109.88270761917505
2025-11-23,2025_11.csv,116.08628167260919,117.23211459943312,115.58344791032242,116.13379310109474,109.88270761917505
2025-11-24,2025_11.csv,116.08628167260919,117.23211459943312,115.58344791032242,116.13379310109474,109.88270761917505
2025-11-25,2025_11.csv,116.08628167260919,117.23211459943312,115.58344791032242,116.13379310109474,109.88270761917505
2025-11-26,2025_11.csv,116.08628167260919,117.23211459943312,115.58344791032242,116.13379310109474,109.88270761917505
2025-11-27,2025_11.csv,116.08628167260919,117.23211459943312,115.58344791032242,116.13379310109474,109.88270761917505
2025-11-28,2025_11.csv,116.08628167260919,117.23211459943312,115.58344791032242,116.13379310109474,109.88270761917505
2025-11-29,2025_11.csv,116.08628167260919,117.23211459943312,115.58344791032242,116.13379310109474,109.88270761917505
2025-11-30,2025_11.csv,116.08628167260919,117.23211459943312,115.58344791032242,116.13379310109474,109.88270761917505
2025-12-01,2025_12.csv,116.08628167260919,117.23211459943312,115.58344791032242,116.13379310109474,109.88270761917505
2025-12-02,2025_12.csv,116.08628167260919,117.23211459943312,115.58344791032242,116.13379310109474,109.88270761917505
2025-12-03,2025_12.csv,117.70141921893894,117.70000056344553,117.51853571864218,121.65070235376682,114.55009141526918
2025-12-04,2025_12.csv,117.70141921893894,117.70000056344553,117.51853571864218,121.65070235376682,114.55009141526918
2025-12-05,2025_12.csv,117.39346787873386,117.68686591458166,117.51853571864218,118.92721444944475,114.55009141526918
2025-12-06,2025_12.csv,117.40905065649335,117.70796213065594,117.51853571864218,118.92721444944475,114.55009141526918
2025-12-07,2025_12.csv,117.30562174122474,117.56793839557393,117.51853571864218,118.92721444944475,114.55009141526918
2025-12-08,2025_12.csv,117.30562174122474,117.56793839557393,117.51853571864218,118.92721444944475,114.55009141526918
2025-12-09,2025_12.csv,117.3005043311268,117.56793839557393,117.19567366337215,118.92721444944475,114.55009141526918
2025-12-10,2025_12.csv,117.23000893154628,117.53490256398588,117.19567366337215,118.50630900022016,114.55009141526918
2025-12-11,2025_12.csv,117.23000893154628,117.53490256398588,117.19567366337215,118.50630900022016,114.55009141526918
2025-12-12,2025_12.csv,117.23000893154628,117.53490256398588,117.19567366337215,118.50630900022016,114.55009141526918
2025-12-13,2025_12.csv,117.23000893154628,117.53490256398588,117.19567366337215,118.50630900022016,114.55009141526918
2025-12-14,2025_12.csv,117.23000893154628,117.53490256398588,117.19567366337215,118.50630900022016,114.55009141526918
2025-12-15,2025_12.csv,117.23000893154628,117.53490256398588,117.19567366337215,118.50630900022016,114.55009141526918
2025-12-16,2025_12.csv,117.23000893154628,117.53490256398588,117.19567366337215,118.50630900022016,114.55009141526918
2025-12-17,2025_12.csv,117.23000893154628,117.53490256398588,117.19567366337215,118.50630900022016,114.55009141526918
2025-12-18,2025_12.csv,117.23000893154628,117.53490256398588,117.19567366337215,118.50630900022016,114.55009141526918
2025-12-19,2025_12.csv,117.23000893154628,117.53490256398588,117.19567366337215,118.50630900022016,114.55009141526918
2025-12-20,2025_12.csv,117.23000893154628,117.53490256398588,117.19567366337215,118.50630900022016,114.55009141526918
2025-12-21,2025_12.csv,117.23000893154628,117.53490256398588,117.19567366337215,118.50630900022016,114.55009141526918
2025-12-22,2025_12.csv,117.23000893154628,117.53490256398588,117.19567366337215,118.50630900022016,114.55009141526918
2025-12-23,2025_12.csv,117.24014635630327,117.53490256398588,117.83525300713134,118.50630900022016,114.55009141526918
2025-12-24,2025_12.csv,117.24014635630327,117.53490256398588,117.83525300713134,118.50630900022016,114.55009141526918
2025-12-25,2025_12.csv,117.24014635630327,117.53490256398588,117.83525300713134,118.50630900022016,114.55009141526918
2025-12-26,2025_12.csv,117.24014635630327,117.53490256398588,117.83525300713134,118.50630900022016,114.55009141526918
2025-12-27,2025_12.csv,117.24014635630327,117.53490256398588,117.83525300713134,118.50630900022016,114.55009141526918
2025-12-28,2025_12.csv,117.24014635630327,117.53490256398588,117.83525300713134,118.50630900022016,114.55009141526918
2025-12-29,2025_12.csv,117.24014635630327,117.53490256398588,117.83525300713134,118.50630900022016,114.55009141526918
2025-12-30,2025_12.csv,117.24014635630327,117.53490256398588,117.83525300713134,118.50630900022016,114.55009141526918
2025-12-31,2025_12.csv,117.24014635630327,117.53490256398588,117.83525300713134,118.50630900022016,114.55009141526918
2026-01-01,2026_01.csv,117.24014635630327,117.53490256398588,117.83525300713134,118.50630900022016,114.55009141526918
2026-01-02,2026_01.csv,117.24014635630327,117.53490256398588,117.83525300713134,118.50630900022016,114.55009141526918
2026-01-03,2026_01.csv,117.24014635630327,117.53490256398588,117.83525300713134,118.50630900022016,114.55009141526918
2026-01-04,2026_01.csv,118.29687057577948,118.53406635888832,118.64147587230826,121.29975395334769,114.55009141526918
2026-01-05,2026_01.csv,118.29687057577948,118.53406635888832,118.64147587230826,121.29975395334769,114.55009141526918
2026-01-06,2026_01.csv,118.4918042170719,118.57621978239379,119.35534295198171,122.69215540671665,114.55009141526918
2026-01-07,2026_01.csv,118.4918042170719,118.57621978239379,119.35534295198171,122.69215540671665,114.55009141526918
2026-01-08,2026_01.csv,118.34280661464918,118.38629857035619,118.80570888283705,122.69215540671665,114.55009141526918
2026-01-09,2026_01.csv,118.34280661464918,118.38629857035619,118.80570888283705,122.69215540671665,114.55009141526918
2026-01-10,2026_01.csv,118.25856117525304,118.28027516529279,118.43151916280938,122.69215540671665,114.55009141526918
2026-01-11,2026_01.csv,118.25856117525304,118.28027516529279,118.43151916280938,122.69215540671665,114.55009141526918
2026-01-12,2026_01.csv,118.25856117525304,118.28027516529279,118.43151916280938,122.69215540671665,114.55009141526918
2026-01-13,2026_01.csv,118.17774662228099,118.17086711893805,118.43151916280938,122.69215540671665,114.55009141526918
2026-01-14,2026_01.csv,118.17774662228099,118.17086711893805,118.43151916280938,122.69215540671665,114.55009141526918
2026-01-15,2026_01.csv,118.08117270313406,118.03769158664548,118.54486528585569,122.69215540671665,114.55009141526918
2026-01-16,2026_01.csv,118.08117270313406,118.03769158664548,118.54486528585569,122.69215540671665,114.55009141526918
2026-01-17,2026_01.csv,118.08117270313406,118.03769158664548,118.54486528585569,122.69215540671665,114.55009141526918
2026-01-18,2026_01.csv,118.08297097492587,118.03769158664548,118.65831988799356,122.69215540671665,114.55009141526918
2026-01-19,2026_01.csv,118.08297097492587,118.03769158664548,118.65831988799356,122.69215540671665,114.55009141526918
2026-01-20,2026_01.csv,118.08297097492587,118.03769158664548,118.65831988799356,122.69215540671665,114.55009141526918
2026-01-21,2026_01.csv,118.08297097492587,118.03769158664548,118.65831988799356,122.69215540671665,114.55009141526918
2026-01-22,2026_01.csv,118.01880993227964,117.95082933139751,118.65831988799356,122.69215540671665,114.55009141526918
2026-01-23,2026_01.csv,118.01880993227964,117.95082933139751,118.65831988799356,122.69215540671665,114.55009141526918
2026-01-24,2026_01.csv,118.01880993227964,117.95082933139751,118.65831988799356,122.69215540671665,114.55009141526918
2026-01-25,2026_01.csv,118.01880993227964,117.95082933139751,118.65831988799356,122.69215540671665,114.55009141526918
2026-01-26,2026_01.csv,118.01880993227964,117.95082933139751,118.65831988799356,122.69215540671665,114.55009141526918
2026-01-27,2026_01.csv,118.01880993227964,117.95082933139751,118.65831988799356,122.69215540671665,114.55009141526918
2026-01-28,2026_01.csv,118.28817459801677,118.31549956406577,118.65831988799356,122.69215540671665,114.55009141526918
2026-01-29,2026_01.csv,118.28817459801677,118.31549956406577,118.65831988799356,122.69215540671665,114.55009141526918
2026-01-30,2026_01.csv,118.25047484457878,118.26446102929677,118.65831988799356,122.69215540671665,114.55009141526918
2026-01-31,2026_01.csv,118.25047484457878,118.26446102929677,118.65831988799356,122.69215540671665,114.55009141526918
2026-02-01,2026_02.csv,119.25461855413737,119.4341320303869,119.20727208743898,123.8926115028473,114.55009141526918
2026-02-02,2026_02.csv,119.25461855413737,119.4341320303869,119.20727208743898,123.8926115028473,114.55009141526918
2026-02-03,2026_02.csv,119.17353293965206,119.35328902297024,117.85897483509068,123.8926115028473,114.55009141526918
2026-02-04,2026_02.csv,119.00726878004389,119.21314410254571,117.83837003103574,123.32262618586246,114.55009141526918
2026-02-05,2026_02.csv,119.00726878004389,119.21314410254571,117.83837003103574,123.32262618586246,114.55009141526918
2026-02-06,2026_02.csv,119.00726878004389,119.21314410254571,117.83837003103574,123.32262618586246,114.55009141526918
2026-02-07,2026_02.csv,118.96853466823968,119.16070523672352,117.83837003103574,123.32262618586246,114.55009141526918
2026-02-08,2026_02.csv,118.442808479132,118.44896863542482,117.83837003103574,123.32262618586246,114.55009141526918
2026-02-09,2026_02.csv,118.442808479132,118.44896863542482,117.83837003103574,123.32262618586246,114.55009141526918
2026-02-10,2026_02.csv,118.442808479132,118.44896863542482,117.83837003103574,123.32262618586246,114.55009141526918
2026-02-11,2026_02.csv,118.442808479132,118.44896863542482,117.83837003103574,123.32262618586246,114.55009141526918
2026-02-12,2026_02.csv,118.442808479132,118.44896863542482,117.83837003103574,123.32262618586246,114.55009141526918
2026-02-13,2026_02.csv,118.442808479132,118.44896863542482,117.83837003103574,123.32262618586246,114.55009141526918
2026-02-14,2026_02.csv,118.442808479132,118.44896863542482,117.83837003103574,123.32262618586246,114.55009141526918
2026-02-15,2026_02.csv,118.442808479132,118.44896863542482,117.83837003103574,123.32262618586246,114.55009141526918
2026-02-16,2026_02.csv,118.442808479132,118.44896863542482,117.83837003103574,123.32262618586246,114.55009141526918
2026-02-17,2026_02.csv,118.455351151372,118.4659491075722,117.83837003103574,123.32262618586246,114.55009141526918
2026-02-18,2026_02.csv,118.455351151372,118.4659491075722,117.83837003103574,123.32262618586246,114.55009141526918
2026-02-19,2026_02.csv,118.455351151372,118.4659491075722,117.83837003103574,123.32262618586246,114.55009141526918
2026-02-20,2026_02.csv,118.455351151372,118.4659491075722,117.83837003103574,123.32262618586246,114.55009141526918
2026-02-21,2026_02.csv,118.455351151372,118.4659491075722,117.83837003103574,123.32262618586246,114.55009141526918
2026-02-22,2026_02.csv,118.455351151372,118.4659491075722,117.83837003103574,123.32262618586246,114.55009141526918
2026-02-23,2026_02.csv,118.455351151372,118.4659491075722,117.83837003103574,123.32262618586246,114.55009141526918
2026-02-24,2026_02.csv,118.455351151372,118.4659491075722,117.83837003103574,123.32262618586246,114.55009141526918
2026-02-25,2026_02.csv,118.19106211218862,118.40022377761973,117.83837003103574,123.32262618586246,112.96361039883085
2026-02-26,2026_02.csv,118.19106211218862,118.40022377761973,117.83837003103574,123.32262618586246,112.96361039883085
2026-02-27,2026_02.csv,118.19106211218862,118.40022377761973,117.83837003103574,123.32262618586246,112.96361039883085
2026-02-28,2026_02.csv,118.19106211218862,118.40022377761973,117.83837003103574,123.32262618586246,112.96361039883085
2026-03-01,2026_03.csv,118.19106211218862,118.40022377761973,117.83837003103574,123.32262618586246,112.96361039883085
2026-03-02,2026_03.csv,118.19106211218862,118.40022377761973,117.83837003103574,123.32262618586246,112.96361039883085
2026-03-03,2026_03.csv,118.19106211218862,118.40022377761973,117.83837003103574,123.32262618586246,112.96361039883085
2026-03-04,2026_03.csv,118.77935537779683,119.40682605472051,119.86585312641206,121.61162250144363,112.96361039883085
2026-03-05,2026_03.csv,118.77935537779683,119.40682605472051,119.86585312641206,121.61162250144363,112.96361039883085
2026-03-06,2026_03.csv,118.77935537779683,119.40682605472051,119.86585312641206,121.61162250144363,112.96361039883085
2026-03-07,2026_03.csv,118.67358875536856,119.38393749015259,119.86585312641206,120.8001911125804,112.96361039883085
2026-03-08,2026_03.csv,118.67358875536856,119.38393749015259,119.86585312641206,120.8001911125804,112.96361039883085
2026-03-09,2026_03.csv,118.67358875536856,119.38393749015259,119.86585312641206,120.8001911125804,112.96361039883085
2026-03-10,2026_03.csv,118.67358875536856,119.38393749015259,119.86585312641206,120.8001911125804,112.96361039883085
2026-03-11,2026_03.csv,118.6416461218207,119.3545355912626,119.22075864789169,120.8001911125804,112.96361039883085
2026-03-12,2026_03.csv,118.6416461218207,119.3545355912626,119.22075864789169,120.8001911125804,112.96361039883085
2026-03-13,2026_03.csv,118.6416461218207,119.3545355912626,119.22075864789169,120.8001911125804,112.96361039883085
2026-03-14,2026_03.csv,118.57040316765206,119.25808572987653,119.22075864789169,120.8001911125804,112.96361039883085
2026-03-15,2026_03.csv,118.40650731972762,119.25808572987653,116.22763323890867,119.73677875783386,112.96361039883085
2026-03-16,2026_03.csv,118.40650731972762,119.25808572987653,116.22763323890867,119.73677875783386,112.96361039883085
2026-03-17,2026_03.csv,118.40192868064727,119.2518870943793,116.22763323890867,119.73677875783386,112.96361039883085
2026-03-18,2026_03.csv,118.37136628550203,119.21051123048113,116.22763323890867,119.73677875783386,112.96361039883085
2026-03-19,2026_03.csv,118.37136628550203,119.21051123048113,116.22763323890867,119.73677875783386,112.96361039883085
2026-03-20,2026_03.csv,118.37136628550203,119.21051123048113,116.22763323890867,119.73677875783386,112.96361039883085
2026-03-21,2026_03.csv,118.37136628550203,119.21051123048113,116.22763323890867,119.73677875783386,112.96361039883085
2026-03-22,2026_03.csv,118.37136628550203,119.21051123048113,116.22763323890867,119.73677875783386,112.96361039883085
2026-03-23,2026_03.csv,118.37136628550203,119.21051123048113,116.22763323890867,119.73677875783386,112.96361039883085
2026-03-24,2026_03.csv,118.37136628550203,119.21051123048113,116.22763323890867,119.73677875783386,112.96361039883085
2026-03-25,2026_03.csv,118.38401043024523,119.22762907774137,116.22763323890867,119.73677875783386,112.96361039883085
2026-03-26,2026_03.csv,118.38401043024523,119.22762907774137,116.22763323890867,119.73677875783386,112.96361039883085
2026-03-27,2026_03.csv,118.38401043024523,119.22762907774137,116.22763323890867,119.73677875783386,112.96361039883085
2026-03-28,2026_03.csv,118.34806178254841,119.22762907774137,113.95960037512738,119.73677875783386,112.96361039883085
2026-03-29,2026_03.csv,118.3168381683016,119.22762907774137,111.98967416719252,119.73677875783386,112.96361039883085
2026-03-30,2026_03.csv,118.3168381683016,119.22762907774137,111.98967416719252,119.73677875783386,112.96361039883085
2026-03-31,2026_03.csv,118.35216540118998,119.22762907774137,114.21850140578633,119.73677875783386,112.96361039883085
2026-04-01,2026_04.csv,117.9274320598151,119.16742326778817,114.21850140578633,118.2071548138807,111.3991016216498
2026-04-02,2026_04.csv,117.9274320598151,119.16742326778817,114.21850140578633,118.2071548138807,111.3991016216498
2026-04-03,2026_04.csv,117.9274320598151,119.16742326778817,114.21850140578633,118.2071548138807,111.3991016216498
2026-04-04,2026_04.csv,117.9274320598151,119.16742326778817,114.21850140578633,118.2071548138807,111.3991016216498
2026-04-05,2026_04.csv,117.9274320598151,119.16742326778817,114.21850140578633,118.2071548138807,111.3991016216498
2026-04-06,2026_04.csv,117.9274320598151,119.16742326778817,114.21850140578633,118.2071548138807,111.3991016216498
2026-04-07,2026_04.csv,116.95401604625444,118.27606639606245,113.61882907126385,115.417385059105,111.3991016216498
2026-04-08,2026_04.csv,116.86817117140241,118.11696225351798,115.61741251895032,115.417385059105,111.3991016216498
2026-04-09,2026_04.csv,116.86817117140241,118.11696225351798,115.61741251895032,115.417385059105,111.3991016216498
2026-04-10,2026_04.csv,116.83631921872644,118.07384056581814,115.61741251895032,115.417385059105,111.3991016216498
2026-04-11,2026_04.csv,116.83631921872644,118.07384056581814,115.61741251895032,115.417385059105,111.3991016216498
2026-04-12,2026_04.csv,116.83631921872644,118.07384056581814,115.61741251895032,115.417385059105,111.3991016216498
2026-04-13,2026_04.csv,116.83631921872644,118.07384056581814,115.61741251895032,115.417385059105,111.3991016216498
2026-04-14,2026_04.csv,116.83631921872644,118.07384056581814,115.61741251895032,115.417385059105,111.3991016216498
2026-04-15,2026_04.csv,116.83631921872644,118.07384056581814,115.61741251895032,115.417385059105,111.3991016216498
2026-04-16,2026_04.csv,116.83631921872644,118.07384056581814,115.61741251895032,115.417385059105,111.3991016216498
2026-04-17,2026_04.csv,116.83631921872644,118.07384056581814,115.61741251895032,115.417385059105,111.3991016216498
2026-04-18,2026_04.csv,116.83631921872644,118.07384056581814,115.61741251895032,115.417385059105,111.3991016216498
2026-04-19,2026_04.csv,116.83631921872644,118.07384056581814,115.61741251895032,115.417385059105,111.3991016216498
2026-04-20,2026_04.csv,116.83631921872644,118.07384056581814,115.61741251895032,115.417385059105,111.3991016216498
2026-04-21,2026_04.csv,116.83631921872644,118.07384056581814,115.61741251895032,115.417385059105,111.3991016216498
2026-04-22,2026_04.csv,116.83631921872644,118.07384056581814,115.61741251895032,115.417385059105,111.3991016216498
2026-04-23,2026_04.csv,116.83981498865279,118.07384056581814,115.83796382157661,115.417385059105,111.3991016216498
2026-04-24,2026_04.csv,116.83981498865279,118.07384056581814,115.83796382157661,115.417385059105,111.3991016216498
2026-04-25,2026_04.csv,116.83981498865279,118.07384056581814,115.83796382157661,115.417385059105,111.3991016216498
2026-04-26,2026_04.csv,116.83981498865279,118.07384056581814,115.83796382157661,115.417385059105,111.3991016216498
2026-04-27,2026_04.csv,116.83981498865279,118.07384056581814,115.83796382157661,115.417385059105,111.3991016216498
2026-04-28,2026_04.csv,116.83981498865279,118.07384056581814,115.83796382157661,115.417385059105,111.3991016216498
2026-04-29,2026_04.csv,116.83981498865279,118.07384056581814,115.83796382157661,115.417385059105,111.3991016216498
2026-04-30,2026_04.csv,116.83981498865279,118.07384056581814,115.83796382157661,115.417385059105,111.3991016216498
2026-05-01,2026_05.csv,116.89073443138324,118.14277612934886,115.83796382157661,115.417385059105,111.3991016216498
2026-05-02,2026_05.csv,116.89073443138324,118.14277612934886,115.83796382157661,115.417385059105,111.3991016216498
2026-05-03,2026_05.csv,116.89073443138324,118.14277612934886,115.83796382157661,115.417385059105,111.3991016216498
2026-05-04,2026_05.csv,116.89073443138324,118.14277612934886,115.83796382157661,115.417385059105,111.3991016216498
2026-05-05,2026_05.csv,116.89073443138324,118.14277612934886,115.83796382157661,115.417385059105,111.3991016216498
2026-05-06,2026_05.csv,116.87204750110081,118.16515788429018,116.04253750344309,115.06616812169264,111.3991016216498
2026-05-07,2026_05.csv,116.69725879434796,117.92852611157821,116.04253750344309,115.06616812169264,111.3991016216498
2026-05-08,2026_05.csv,116.69725879434796,117.92852611157821,116.04253750344309,115.06616812169264,111.3991016216498
2026-05-09,2026_05.csv,116.69725879434796,117.92852611157821,116.04253750344309,115.06616812169264,111.3991016216498
2026-05-10,2026_05.csv,116.75757343218325,118.0101810419029,116.04253750344309,115.06616812169264,111.3991016216498
2026-05-11,2026_05.csv,116.75757343218325,118.0101810419029,116.04253750344309,115.06616812169264,111.3991016216498
2026-05-12,2026_05.csv,116.58929257610359,117.79314560664652,115.53988985608095,115.06616812169264,111.3991016216498
2026-05-13,2026_05.csv,116.58929257610359,117.79314560664652,115.53988985608095,115.06616812169264,111.3991016216498
2026-05-14,2026_05.csv,116.58929257610359,117.79314560664652,115.53988985608095,115.06616812169264,111.3991016216498
2026-05-15,2026_05.csv,116.58929257610359,117.79314560664652,115.53988985608095,115.06616812169264,111.3991016216498
2026-05-16,2026_05.csv,116.58929257610359,117.79314560664652,115.53988985608095,115.06616812169264,111.3991016216498
2026-05-17,2026_05.csv,116.58929257610359,117.79314560664652,115.53988985608095,115.06616812169264,111.3991016216498
2026-05-18,2026_05.csv,116.58929257610359,117.79314560664652,115.53988985608095,115.06616812169264,111.3991016216498
2026-05-19,2026_05.csv,116.58929257610359,117.79314560664652,115.53988985608095,115.06616812169264,111.3991016216498
2026-05-20,2026_05.csv,116.58929257610359,117.79314560664652,115.53988985608095,115.06616812169264,111.3991016216498
2026-05-21,2026_05.csv,116.5972596137419,117.79314560664652,116.04253750344309,115.06616812169264,111.3991016216498
2026-05-22,2026_05.csv,116.5972596137419,117.79314560664652,116.04253750344309,115.06616812169264,111.3991016216498
2026-05-23,2026_05.csv,116.5972596137419,117.79314560664652,116.04253750344309,115.06616812169264,111.3991016216498
2026-05-24,2026_05.csv,116.5972596137419,117.79314560664652,116.04253750344309,115.06616812169264,111.3991016216498
2026-05-25,2026_05.csv,116.5972596137419,117.79314560664652,116.04253750344309,115.06616812169264,111.3991016216498
2026-05-26,2026_05.csv,116.58234550939652,117.77295465143423,116.04253750344309,115.06616812169264,111.3991016216498
2026-05-27,2026_05.csv,116.58234550939652,117.77295465143423,116.04253750344309,115.06616812169264,111.3991016216498
2026-05-28,2026_05.csv,116.58234550939652,117.77295465143423,116.04253750344309,115.06616812169264,111.3991016216498
2026-05-29,2026_05.csv,116.58234550939652,117.77295465143423,116.04253750344309,115.06616812169264,111.3991016216498
2026-05-30,2026_05.csv,116.58234550939652,117.77295465143423,116.04253750344309,115.06616812169264,111.3991016216498
2026-05-31,2026_05.csv,116.58234550939652,117.77295465143423,116.04253750344309,115.06616812169264,111.3991016216498
2026-06-01,2026_06.csv,116.58234550939652,117.77295465143423,116.04253750344309,115.06616812169264,111.3991016216498
2026-06-02,2026_06.csv,112.66589179583161,115.29041184185408,115.20663378045761,108.26225327827086,101.66015698164857
2026-06-03,2026_06.csv,112.66589179583161,115.29041184185408,115.20663378045761,108.26225327827086,101.66015698164857
2026-06-04,2026_06.csv,112.66589179583161,115.29041184185408,115.20663378045761,108.26225327827086,101.66015698164857
2026-06-05,2026_06.csv,112.66589179583161,115.29041184185408,115.20663378045761,108.26225327827086,101.66015698164857
2026-06-06,2026_06.csv,112.66589179583161,115.29041184185408,115.20663378045761,108.26225327827086,101.66015698164857
2026-06-07,2026_06.csv,112.66589179583161,115.29041184185408,115.20663378045761,108.26225327827086,101.66015698164857
2026-06-08,2026_06.csv,112.66589179583161,115.29041184185408,115.20663378045761,108.26225327827086,101.66015698164857
2026-06-09,2026_06.csv,112.66589179583161,115.29041184185408,115.20663378045761,108.26225327827086,101.66015698164857
2026-06-10,2026_06.csv,111.51522365308082,113.81388565390036,112.61359396249773,108.08941096285359,101.66015698164857
2026-06-11,2026_06.csv,111.51522365308082,113.81388565390036,112.61359396249773,108.08941096285359,101.66015698164857
2026-06-12,2026_06.csv,111.51522365308082,113.81388565390036,112.61359396249773,108.08941096285359,101.66015698164857
2026-06-13,2026_06.csv,111.51522365308082,113.81388565390036,112.61359396249773,108.08941096285359,101.66015698164857
2026-06-14,2026_06.csv,111.51522365308082,113.81388565390036,112.61359396249773,108.08941096285359,101.66015698164857
2026-06-15,2026_06.csv,111.51522365308082,113.81388565390036,112.61359396249773,108.08941096285359,101.66015698164857
2026-06-16,2026_06.csv,111.51522365308082,113.81388565390036,112.61359396249773,108.08941096285359,101.66015698164857
2026-06-17,2026_06.csv,111.51522365308082,113.81388565390036,112.61359396249773,108.08941096285359,101.66015698164857
2026-06-18,2026_06.csv,111.51522365308082,113.81388565390036,112.61359396249773,108.08941096285359,101.66015698164857
2026-06-19,2026_06.csv,111.51522365308082,113.81388565390036,112.61359396249773,108.08941096285359,101.66015698164857
2026-06-20,2026_06.csv,111.51522365308082,113.81388565390036,112.61359396249773,108.08941096285359,101.66015698164857
2026-06-21,2026_06.csv,111.51522365308082,113.81388565390036,112.61359396249773,108.08941096285359,101.66015698164857
2026-06-22,2026_06.csv,111.51522365308082,113.81388565390036,112.61359396249773,108.08941096285359,101.66015698164857
2026-06-23,2026_06.csv,111.51522365308082,113.81388565390036,112.61359396249773,108.08941096285359,101.66015698164857
2026-06-24,2026_06.csv,111.51522365308082,113.81388565390036,112.61359396249773,108.08941096285359,101.66015698164857
2026-06-25,2026_06.csv,111.51522365308082,113.81388565390036,112.61359396249773,108.08941096285359,101.66015698164857
2026-06-26,2026_06.csv,111.51522365308082,113.81388565390036,112.61359396249773,108.08941096285359,101.66015698164857
2026-06-27,2026_06.csv,111.51522365308082,113.81388565390036,112.61359396249773,108.08941096285359,101.66015698164857
2026-06-28,2026_06.csv,111.51522365308082,113.81388565390036,112.61359396249773,108.08941096285359,101.66015698164857
2026-06-29,2026_06.csv,111.51522365308082,113.81388565390036,112.61359396249773,108.08941096285359,101.66015698164857
2026-06-30,2026_06.csv,111.51522365308082,113.81388565390036,112.61359396249773,108.08941096285359,101.66015698164857
2026-07-01,2026_07.csv,111.51522365308082,113.81388565390036,112.61359396249773,108.08941096285359,101.66015698164857
2026-07-02,2026_07.csv,111.51522365308082,113.81388565390036,112.61359396249773,108.08941096285359,101.66015698164857
2026-07-03,2026_07.csv,111.51522365308082,113.81388565390036,112.61359396249773,108.08941096285359,101.66015698164857
2026-07-04,2026_07.csv,111.51522365308082,113.81388565390036,112.61359396249773,108.08941096285359,101.66015698164857
2026-07-05,2026_07.csv,111.51522365308082,113.81388565390036,112.61359396249773,108.08941096285359,101.66015698164857
2026-07-06,2026_07.csv,111.51522365308082,113.81388565390036,112.61359396249773,108.08941096285359,101.66015698164857
2026-07-07,2026_07.csv,111.51522365308082,113.81388565390036,112.61359396249773,108.08941096285359,101.66015698164857
2026-07-08,2026_07.csv,111.51522365308082,113.81388565390036,112.61359396249773,108.08941096285359,101.66015698164857
2026-07-09,2026_07.csv,111.3781300415491,113.68102253022663,112.61359396249773,107.73370033614606,101.66015698164857
2026-07-10,2026_07.csv,111.5326723735495,113.90290554217489,113.45100105299971,107.52709667052477,101.66015698164857
2026-07-11,2026_07.csv,111.5326723735495,113.90290554217489,113.45100105299971,107.52709667052477,101.66015698164857
2026-07-12,2026_07.csv,111.5326723735495,113.90290554217489,113.45100105299971,107.52709667052477,101.66015698164857
2026-07-13,2026_07.csv,111.5326723735495,113.90290554217489,113.45100105299971,107.52709667052477,101.66015698164857
2026-07-14,2026_07.csv,111.5326723735495,113.90290554217489,113.45100105299971,107.52709667052477,101.66015698164857
2026-07-15,2026_07.csv,111.5326723735495,113.90290554217489,113.45100105299971,107.52709667052477,101.66015698164857
2026-07-16,2026_07.csv,111.56237080081885,113.91492321190917,113.45100105299971,107.71723023075359,101.66015698164857
2026-07-17,2026_07.csv,111.56237080081885,113.91492321190917,113.45100105299971,107.71723023075359,101.66015698164857
2026-07-18,2026_07.csv,111.56237080081885,113.91492321190917,113.45100105299971,107.71723023075359,101.66015698164857
2026-07-19,2026_07.csv,111.56237080081885,113.91492321190917,113.45100105299971,107.71723023075359,101.66015698164857
2026-07-20,2026_07.csv,111.56237080081885,113.91492321190917,113.45100105299971,107.71723023075359,101.66015698164857
2026-07-21,2026_07.csv,111.58895240372819,113.91492321190917,113.45100105299971,107.95996223626774,101.66015698164857
2026-07-22,2026_07.csv,111.58895240372819,113.91492321190917,113.45100105299971,107.95996223626774,101.66015698164857
2026-07-23,2026_07.csv,111.58895240372819,113.91492321190917,113.45100105299971,107.95996223626774,101.66015698164857
