Date,Alimentos y Bebidas No Alcohólicas,Bienes y Servicios Diversos,"Muebles, Bienes y Servicios Domésticos",Bebidas Alcohólicas y Tabaco
07/29/24,19431,7184,5532,2446
07/30/24,19223,7130,5504,2436
07/31/24,19344,7153,5516,2437
08/01/24,19234,7131,5501,2433
08/02/24,19118,7112,5484,2430
08/03/24,19154,7117,5484,2429
08/04/24,19151,7114,5483,2429
08/05/24,18596,7015,5404,2402
08/06/24,18779,6950,5378,2386
08/07/24,18959,6970,5399,2397
08/08/24,18959,6970,5399,2397
08/09/24,18781,6933,5359,2387
08/10/24,18847,6986,5413,2402
08/11/24,18906,7026,5450,2393
08/12/24,18921,7026,5446,2399
08/13/24,18843,6985,5423,2408
08/14/24,18891,7014,5525,2415
08/15/24,18946,7016,5524,2413
08/16/24,19154,7052,5522,2426
08/17/24,19239,7061,5527,2426
08/18/24,19259,7101,5535,2426
08/19/24,19216,7123,5535,2425
08/20/24,19064,7112,5703,2423
08/21/24,19008,7091,5682,2411
08/22/24,19074,7041,5656,2414
08/23/24,19127,7069,5681,2419
08/24/24,19202,7071,5692,2425
08/25/24,19064,7012,5624,2409
08/26/24,19221,7116,5683,2423
08/27/24,19144,7114,5682,2427
08/28/24,19195,7118,5676,2425
08/29/24,19247,7123,5680,2423
08/30/24,19258,7102,5668,2428
08/31/24,19227,7096,5662,2424
09/01/24,19198,7073,5638,2415
09/02/24,19035,7035,5603,2405
09/03/24,19062,7040,5602,2401
09/04/24,18770,6957,5570,2390
09/05/24,18881,6960,5550,2390
09/06/24,18895,6933,5500,2388
09/07/24,18944,7036,5590,2390
09/08/24,19070,7058,5602,2398
09/09/24,19064,7064,5585,2397
09/10/24,18901,7031,5559,2390
09/11/24,18832,6951,5472,2386
09/12/24,18876,6981,5473,2390
09/13/24,18981,7042,5523,2397
09/14/24,19078,7087,5574,2398
09/15/24,19155,7139,5587,2407
09/16/24,19069,7117,5568,2401
09/17/24,18891,7088,5544,2401
09/18/24,18942,7073,5549,2404
09/19/24,19109,7086,5558,2419
09/20/24,19237,7135,5592,2414
09/21/24,19305,7165,5602,2420
09/22/24,19310,7178,5610,2421
09/23/24,19307,7204,5608,2412
09/24/24,19206,7185,5601,2408
09/25/24,19252,7171,5592,2410
09/26/24,19302,7168,5596,2415
09/27/24,19338,7232,5609,2415
09/28/24,19363,7268,5618,2411
09/29/24,19364,7269,5611,2406
09/30/24,19375,7278,5616,2412
10/01/24,19206,7234,5582,2399
10/02/24,19148,7216,5572,2399
10/03/24,19189,7238,5576,2401
10/04/24,18878,7188,5535,2387
10/05/24,19245,7234,5552,2396
10/06/24,19313,7268,5561,2401
10/07/24,19315,7262,5575,2390
10/08/24,19199,7238,5559,2394
10/09/24,19238,7215,5537,2388
10/10/24,19298,7197,5524,2395
10/11/24,19380,7228,5563,2396
10/12/24,19420,7270,5598,2395
10/13/24,19490,7277,5616,2397
10/14/24,19432,7273,5621,2382
10/15/24,19292,7259,5612,2378
10/16/24,19278,7246,5603,2377
10/17/24,19306,7245,5608,2384
10/18/24,19328,7281,5642,2383
10/19/24,19371,7294,5682,2386
10/20/24,19379,7323,5707,2392
10/21/24,19340,7315,5705,2385
10/22/24,19225,7306,5697,2384
10/23/24,19154,7287,5681,2380
10/24/24,19223,7321,5688,2392
10/25/24,19208,7365,5713,2401
10/26/24,19260,7385,5714,2408
10/27/24,19286,7420,5714,2409
10/28/24,19242,7433,5707,2405
10/29/24,19115,7415,5692,2406
10/30/24,19086,7396,5682,2400
10/31/24,19022,7389,5672,2398
11/01/24,18828,7366,5659,2391
11/02/24,18740,7344,5649,2386
11/03/24,18751,7347,5648,2387
11/04/24,18327,7291,5601,2352
11/05/24,18076,7258,5570,2355
11/06/24,18192,7185,5540,2352
11/07/24,18174,7174,5514,2354
11/08/24,17962,7122,5442,2297
11/09/24,18018,7148,5445,2299
11/10/24,18018,7148,5454,2299
11/11/24,18067,7195,5483,2312
11/12/24,17957,7223,5479,2323
11/13/24,18126,7222,5481,2334
11/14/24,18340,7256,5470,2341
11/15/24,18513,7282,5486,2344
11/16/24,18608,7326,5529,2358
11/17/24,18679,7342,5550,2372
11/18/24,18644,7322,5534,2366
11/19/24,18501,7299,5522,2364
11/20/24,18552,7300,5513,2365
11/21/24,18671,7316,5517,2375
11/22/24,18759,7341,5540,2379
11/23/24,18821,7364,5543,2389
11/24/24,18898,7388,5551,2392
11/25/24,18897,7382,5549,2392
11/26/24,18802,7367,5533,2397
11/27/24,18899,7367,5549,2397
11/28/24,18983,7376,5554,2401
11/29/24,18971,7377,5543,2398
11/30/24,18963,7348,5528,2397
12/01/24,18924,7320,5514,2393
12/02/24,18846,7281,5500,2391
12/03/24,18859,7287,5504,2386
12/04/24,18862,7286,5506,2384
12/05/24,18346,7178,5431,2371
12/06/24,18700,7257,5475,2392
12/07/24,18779,7297,5520,2396
12/08/24,18867,7329,5578,2396
12/09/24,18930,7321,5572,2390
12/10/24,18880,7290,5560,2381
12/11/24,18873,7284,5532,2377
12/12/24,18965,7273,5549,2377
12/13/24,19050,7305,5576,2383
12/14/24,19112,7358,5603,208
12/15/24,19167,7390,5621,208
12/16/24,19055,7385,5632,209
12/17/24,19080,7387,5635,209
12/18/24,19117,7333,5615,2301
12/19/24,19192,7372,5622,2317
12/20/24,19245,7393,5634,2323
12/21/24,19233,7409,5636,2322
12/22/24,19330,7414,5634,2328
12/23/24,19286,7398,5655,2348
12/24/24,19158,7363,5639,2349
12/25/24,19132,7348,5622,2348
12/26/24,19151,7348,5616,2326
12/27/24,19080,7346,5616,2339
12/28/24,19063,7320,5601,2337
12/29/24,19071,7287,5589,2326
12/30/24,18934,7252,5555,2326
12/31/24,18805,7210,5509,2324
01/01/25,18862,7180,5467,2320
01/02/25,18741,7130,5434,2277
01/03/25,18762,7137,5441,2281
01/04/25,18760,7137,5444,2281
01/05/25,18758,7134,5445,2281
01/06/25,18754,7134,5445,2281
01/07/25,18740,7129,5445,2281
01/08/25,18753,7129,5445,2281
01/09/25,18677,7128,5443,2281
01/10/25,18669,7128,5442,2281
01/11/25,16647,6674,5042,2221
01/12/25,18491,7110,5387,2289
01/13/25,18615,7162,5424,2285
01/14/25,18460,7107,5391,2277
01/15/25,18475,7072,5366,2272
01/16/25,18603,7085,5357,2274
01/17/25,18695,7108,5393,2299
01/18/25,18749,7269,5447,2298
01/19/25,18860,7309,5472,2309
01/20/25,18840,7286,5473,2312
01/21/25,18717,7259,5459,2312
01/22/25,18690,7245,5445,2312
01/23/25,18856,7246,5467,2316
01/24/25,18784,7208,5447,2315
01/25/25,18874,7195,5455,2313
01/26/25,18961,7219,5455,2316
01/27/25,18904,7237,5470,2315
01/28/25,18817,7227,5447,2311
01/29/25,18820,7208,5424,2311
01/30/25,18871,7180,5365,2307
01/31/25,18840,7161,5369,2300
02/01/25,18795,7128,5344,2287
02/02/25,18616,7041,5282,2278
02/03/25,18633,7041,5284,2279
02/04/25,18627,7041,5282,2278
02/05/25,18012,6880,5134,2257
02/06/25,18361,6904,5146,2266
02/07/25,18420,6921,5173,2272
02/08/25,18530,7050,5276,2283
02/09/25,18618,7103,5332,2279
02/10/25,18662,7111,5307,2271
02/11/25,18500,7070,5275,2272
02/12/25,18549,7049,5265,2272
02/13/25,18671,7060,5265,2281
02/14/25,18791,7084,5296,2291
02/15/25,18820,7103,5342,2299
02/16/25,18855,7102,5351,2301
02/17/25,18782,7088,5348,2302
02/18/25,18690,7066,5328,2304
02/19/25,18765,7045,5320,2312
02/20/25,18829,7047,5318,2309
02/21/25,18846,7056,5322,2316
02/22/25,18912,7106,5322,2305
02/23/25,18989,7133,5347,2316
02/24/25,19020,7140,5377,2318
02/25/25,18844,7098,5337,2320
02/26/25,18868,7105,5328,2320
02/27/25,18940,7119,5349,2328
02/28/25,18982,7146,5360,2347
03/01/25,18981,7136,5345,2349
03/02/25,18959,7117,5329,2353
03/03/25,18828,7085,5302,2346
03/04/25,18712,7067,5285,2335
03/05/25,18523,7027,5255,2325
03/06/25,18425,6983,5232,2321
03/07/25,18486,6960,5203,2321
03/08/25,18584,6974,5210,2313
03/09/25,18542,7029,5265,2317
03/10/25,18484,7061,5272,2310
03/11/25,18271,7052,5238,2310
03/12/25,18080,6973,5173,2238
03/13/25,18208,7046,5193,2307
03/14/25,18321,7071,5194,2312
03/15/25,18264,7078,5200,2314
03/16/25,18274,6987,5119,2311
03/17/25,18219,6954,5093,2311
03/18/25,18062,6916,5052,2305
03/19/25,18162,6898,5024,2310
03/20/25,18248,6936,5022,2315
03/21/25,18215,6995,5021,2309
03/22/25,18278,7057,5064,2314
03/23/25,18421,7128,5080,2322
03/24/25,18436,7117,5092,2324
03/25/25,18293,7084,5077,2328
03/26/25,18382,7091,5068,2328
03/27/25,18500,7110,5119,2328
03/28/25,18514,7122,5122,2332
03/29/25,18513,7115,5104,2330
03/30/25,18502,7104,5100,2333
03/31/25,18400,7062,5081,2336
04/01/25,18244,7034,5047,2326
04/02/25,18189,7000,5018,2324
04/03/25,18197,7001,5034,2323
04/04/25,17864,6937,4968,2313
04/05/25,18318,7028,5089,2330
04/06/25,18463,7109,5150,2339
04/07/25,18460,7112,5157,2333
04/08/25,18349,7092,5137,2333
04/09/25,18382,7078,5122,2332
04/10/25,18420,7087,5149,2337
04/11/25,18444,7124,5188,2341
04/12/25,18448,7132,5210,2343
04/13/25,18466,7154,5214,2344
04/14/25,18425,7145,5204,2343
04/15/25,18265,7113,5188,2348
04/16/25,18369,7106,5197,2344
04/17/25,18433,7101,5219,2347
04/18/25,18491,7124,5248,1561
04/19/25,18594,7152,5263,1565
04/20/25,18528,7154,5250,1569
04/21/25,18477,7161,5244,1617
04/22/25,18319,7147,5248,2327
04/23/25,18358,7132,5227,2332
04/24/25,18446,7141,5238,2336
04/25/25,18514,7160,5264,2341
04/26/25,18577,7183,5276,2348
04/27/25,18651,7226,5301,2353
04/28/25,18657,7221,5297,2353
04/29/25,18547,7216,5276,2350
04/30/25,18602,7208,5273,2349
05/01/25,18519,7193,5261,2349
05/02/25,18475,7170,5242,2349
05/03/25,18477,7169,5242,2351
05/04/25,18482,7167,5239,2348
05/05/25,18474,7163,5237,2348
05/06/25,18469,7161,5236,2346
05/07/25,17580,6972,5077,2310
05/08/25,18039,6978,5076,2316
05/09/25,18088,6987,5084,2321
05/10/25,18088,6987,5084,2321
05/11/25,18278,7040,5161,2320
05/12/25,18388,7056,5172,2324
05/13/25,18258,7027,5147,2321
05/14/25,18269,7028,5137,2316
05/15/25,18375,7079,5139,2323
05/16/25,18448,7121,5187,2337
05/17/25,18459,7159,5217,2339
05/18/25,18469,7189,5232,2345
05/19/25,18413,7173,5232,2342
05/20/25,18246,7148,5204,2334
05/21/25,18297,7131,5189,2337
05/22/25,18322,7168,5199,2343
05/23/25,18408,7186,5223,2346
05/24/25,18454,7213,5235,2348
05/25/25,18482,7221,5237,2353
05/26/25,18452,7219,5227,2358
05/27/25,18305,7201,5202,2357
05/28/25,18334,7188,5196,2356
05/29/25,18404,7151,5182,2350
05/30/25,18379,7126,5156,2349
05/31/25,18377,7113,5126,2342
06/01/25,18382,7121,5131,2345
06/02/25,17962,6977,4996,2321
06/03/25,17972,6975,5009,2324
06/11/25,17350,6902,4952,2294
06/12/25,17541,7001,5003,2310
06/13/25,17536,7003,4999,2321
06/14/25,17525,7019,5004,2320
06/15/25,17551,7020,5031,2319
06/16/25,17419,7000,5050,2316
06/17/25,17210,6967,5025,2313
06/18/25,17181,6947,5001,2309
06/19/25,17169,6943,4997,2304
06/20/25,17252,6956,5011,2304
06/21/25,17102,6933,4995,2297
06/22/25,17317,6951,5007,2290
06/23/25,17138,6929,4983,2275
06/24/25,16932,6893,4964,2274
06/25/25,16989,6883,4955,2270
06/26/25,17152,6945,4972,2267
06/27/25,17320,7019,5014,2267
06/28/25,17375,7027,5014,2267
06/29/25,17379,7011,4997,2259
06/30/25,17365,6997,4979,2249
07/01/25,17253,6973,4958,2243
07/02/25,17273,6943,4945,2237
07/03/25,17270,6939,4948,2237
07/04/25,17272,6932,4962,2236
07/05/25,16771,6855,4867,2223
07/06/25,17500,7065,5026,2250
07/07/25,17565,7095,5028,2245
07/08/25,17405,7077,5003,2239
07/09/25,17432,7063,4996,2186
07/10/25,17383,6983,4950,2185
07/11/25,17325,6975,4938,2225
07/12/25,17459,6989,5001,2237
07/13/25,17504,7030,5029,2253
07/14/25,17481,7060,5034,2254
07/15/25,17375,7049,5020,2253
07/16/25,17403,7048,4993,2261
07/17/25,17438,7045,4984,2266
07/18/25,17400,7098,5017,2263
07/19/25,17474,7114,5045,2273
07/20/25,17652,7159,5080,2268
07/21/25,17669,7162,5082,2261
07/22/25,17581,7155,5060,2257
07/23/25,17645,7168,5037,2249
07/24/25,17793,7171,5054,2253
07/25/25,17870,7237,5076,2265
07/26/25,17947,7247,5087,2264
07/27/25,18044,7325,5120,2266
07/28/25,17985,7340,5119,2258
07/29/25,17850,7323,5108,2253
07/30/25,17921,7314,5102,2256
07/31/25,17796,7282,5071,2248
08/01/25,17828,7291,5080,2250
08/02/25,17760,7271,5054,2245
08/03/25,17763,7267,5062,2246
08/04/25,17763,7267,5062,2246
08/05/25,17753,7258,5059,2246
08/06/25,17582,7246,5043,2247
08/07/25,17723,7303,5072,2257
08/08/25,17571,7270,5067,2245
08/09/25,17467,7256,5049,2242
08/10/25,17579,7277,5085,2235
08/11/25,17678,7313,5094,2243
08/12/25,17494,7261,5062,2237
08/13/25,17527,7246,5051,2236
08/14/25,17602,7278,5089,2248
08/15/25,17683,7294,5112,183
08/16/25,17750,7332,5160,184
08/17/25,17792,7350,5178,184
08/18/25,17792,7350,5178,184
08/19/25,17571,7334,5166,184
08/20/25,17669,7372,5168,2172
08/21/25,17773,7390,5174,2193
08/22/25,17879,7445,5189,2207
08/23/25,17913,7460,5193,2211
08/24/25,17913,7460,5193,2211
08/25/25,17972,7455,5194,2207
08/26/25,17988,7472,5211,2215
08/27/25,18073,7463,5212,2215
08/28/25,18172,7448,5217,2213
08/29/25,18242,7444,5215,2208
08/30/25,18191,7417,5194,2199
08/31/25,18221,7425,5205,2200
09/01/25,18070,7416,5185,2194
09/02/25,17889,7395,5168,2189
09/03/25,17885,7394,5178,2189
09/04/25,17875,7387,5179,2189
09/05/25,17328,7310,5103,2183
09/06/25,17936,7329,5121,2201
09/07/25,18037,7344,5140,919
09/08/25,17910,7310,5115,916
09/09/25,17892,7309,5111,2200
09/10/25,17903,7271,5100,2207
09/11/25,18068,7224,5112,2210
09/12/25,18141,7254,5127,2221
09/13/25,18190,7284,5138,2224
09/14/25,18305,7304,5184,2232
09/15/25,18288,7316,5186,2236
09/16/25,18195,7286,5172,2236
09/17/25,18115,7254,5159,2230
09/18/25,18195,7232,5165,2231
09/19/25,18278,7238,5170,2241
09/20/25,18281,7253,5173,2246
09/21/25,18381,7287,5214,2253
09/22/25,18346,7313,5208,2244
09/23/25,18184,7302,5192,2246
09/24/25,18233,7291,5183,2247
09/25/25,18279,7302,5183,2248
09/26/25,18265,7312,5186,2254
09/27/25,18395,7300,5184,2261
09/28/25,18465,7323,5189,2278
09/29/25,18313,7214,5118,2263
09/30/25,18264,7172,5090,2262
10/01/25,18281,7180,5094,2265
10/02/25,18174,7131,5073,2261
10/03/25,18175,7125,5085,2260
10/04/25,18158,7082,5075,2259
10/05/25,17695,6961,4965,2244
10/06/25,18135,7086,5106,2255
10/07/25,18022,7041,5096,2262
10/08/25,18063,7089,5138,2266
10/09/25,18235,7094,5137,2268
10/10/25,18363,7219,5183,2282
10/11/25,18498,7227,5213,2301
10/12/25,18526,7303,5221,2301
10/13/25,18481,7286,5212,2296
10/14/25,18352,7271,5214,2291
10/15/25,18393,7254,5205,2298
10/16/25,18491,7261,5235,2308
10/17/25,18540,7268,5250,195
10/18/25,18587,7286,5288,194
10/19/25,18633,7293,5303,197
10/20/25,18531,7268,5307,200
10/21/25,18559,7272,5312,201
10/22/25,18540,7244,5302,2305
10/23/25,18557,7241,5314,2340
10/24/25,18655,7276,5344,2343
10/25/25,18767,7314,5369,2351
10/26/25,18827,7389,5413,2367
10/27/25,18846,7460,5455,2381
10/28/25,18771,7487,5457,2388
10/29/25,18786,7475,5454,2385
10/30/25,18815,7465,5462,2383
10/31/25,18775,7469,5474,2380
11/01/25,18778,7458,5464,2378
11/02/25,18742,7443,5461,2373
11/03/25,18746,7444,5465,2375
11/04/25,18740,7443,5462,2375
11/05/25,18191,7283,5367,2342
11/06/25,18304,7260,5333,2344
11/07/25,18195,7194,5296,2302
11/08/25,18389,7243,5306,2353
11/09/25,18413,7333,5310,2355
11/10/25,18568,7467,5403,2362
11/11/25,18438,7513,5403,2358
11/12/25,18526,7577,5429,2369
11/13/25,18618,7556,5424,2379
11/14/25,18696,7583,5433,2378
11/15/25,18651,7526,5410,2367
11/16/25,18627,7510,5422,2369
11/17/25,18646,7488,5418,2368
11/18/25,18516,7455,5409,2360
11/19/25,18521,7493,5433,2367
11/20/25,18653,7550,5456,2374
11/21/25,18764,7587,5471,2382
11/22/25,18809,7594,5501,2394
11/23/25,18963,7605,5515,2398
11/24/25,18960,7614,5522,2400
11/25/25,18885,7604,5519,2400
11/26/25,18934,7570,5519,2398
11/27/25,19020,7583,5525,2403
11/28/25,19007,7611,5545,2406
11/29/25,19003,7607,5546,2404
11/30/25,18998,7584,5528,2397
12/01/25,18957,7559,5521,2382
12/02/25,18839,7530,5502,2377
12/03/25,18881,7482,5501,2378
12/04/25,18892,7479,5501,2377
12/05/25,18376,7375,5418,2361
12/06/25,18911,7472,5504,2384
12/07/25,18990,7533,5520,2397
12/08/25,18932,7550,5573,2401
12/09/25,18827,7530,5551,2400
12/10/25,18864,7518,5535,2391
12/11/25,18937,7510,5551,2390
12/12/25,19018,7513,5562,2380
12/13/25,19083,7544,5596,2391
12/14/25,19146,7581,5597,2418
12/15/25,19137,7586,5594,2442
12/16/25,19083,7557,5571,2436
12/17/25,19089,7540,5555,2437
12/18/25,19124,7551,5548,2444
12/19/25,19204,7596,5575,2448
12/20/25,19200,7623,5592,2458
12/21/25,19168,7725,5586,2471
12/23/25,19084,7654,5548,2464
12/24/25,19048,7638,5560,2460
12/25/25,19080,7618,5554,2461
12/26/25,18999,7650,5557,2446
12/27/25,18913,7621,5543,2440
12/28/25,18782,7593,5519,2434
12/29/25,18801,7670,5583,2443
12/30/25,18726,7650,5558,2442
12/31/25,18691,7622,5539,2434
01/01/26,18684,7434,5499,2427
01/02/26,18500,7378,5479,2387
01/03/26,18494,7376,5480,2391
01/04/26,18492,7375,5480,2389
01/05/26,18485,7372,5479,2388
01/06/26,18479,7369,5478,2388
01/07/26,18469,7366,5477,2387
01/08/26,18459,7365,5475,2385
01/09/26,18456,7362,5473,2385
01/10/26,18447,7384,5475,2384
01/12/26,18421,7387,5471,2387
01/13/26,17442,7158,5277,2371
01/14/26,17965,7263,5417,2383
01/15/26,18216,7296,5417,2401
01/16/26,18197,7352,5402,2401
01/17/26,18290,7474,5445,2411
01/18/26,18412,7575,5489,2434
01/19/26,18412,7596,5491,2437
01/20/26,18297,7569,5475,2437
01/21/26,18382,7571,5464,2431
01/22/26,18409,7561,5489,2440
01/23/26,18512,7582,5503,2446
01/24/26,18565,7650,5560,2454
01/25/26,18470,7664,5557,2453
01/26/26,18568,7690,5548,2452
01/27/26,18454,7684,5535,2450
01/28/26,18459,7685,5536,2450
01/29/26,18513,7647,5510,2452
01/30/26,18566,7637,5501,2454
01/31/26,18576,7610,5488,2451
02/01/26,18417,7549,5425,2438
02/02/26,18350,7510,5408,2430
02/03/26,18356,7507,5406,2432
02/04/26,17796,7364,5317,2428
02/05/26,17811,7378,5323,2429
02/06/26,18201,7469,5414,2450
02/07/26,18369,7536,5407,2464
02/08/26,18566,7584,5430,2469
02/09/26,18562,7582,5444,2461
02/10/26,18425,7548,5421,2457
02/11/26,18440,7521,5413,2454
02/12/26,18558,7546,5433,2461
02/13/26,18603,7612,5491,2466
02/14/26,18776,7601,5495,2476
02/15/26,18854,7624,5482,2482
02/16/26,18885,7654,5491,2495
02/17/26,18838,7640,5493,2490
02/18/26,18748,7618,5480,2479
02/19/26,18615,7591,5462,2472
02/20/26,18713,7580,5445,2470
02/21/26,18772,7611,5452,2485
02/22/26,18829,7679,5485,2499
02/23/26,18823,7756,5491,2510
02/24/26,18664,7724,5482,2512
02/25/26,18715,7734,5487,2518
02/26/26,18905,7734,5500,2521
02/27/26,18969,7774,5517,2530
02/28/26,18973,7767,5514,2529
03/01/26,19130,7775,5501,2525
03/02/26,19068,7742,5476,2523
03/03/26,19051,7741,5483,2525
03/04/26,19049,7740,5482,2524
03/05/26,18640,7621,5393,2515
03/06/26,18872,7609,5375,2516
03/07/26,18919,7635,5430,2523
03/08/26,19005,7629,5424,2526
03/09/26,18938,7598,5419,2520
03/10/26,18774,7544,5382,2511
03/11/26,18736,7511,5338,2501
03/13/26,18923,7641,5415,2523
03/14/26,19073,7704,5442,2531
03/15/26,19118,7741,5454,2534
03/16/26,19085,7731,5493,2530
03/17/26,18949,7711,5478,2528
03/18/26,18665,7615,5432,2472
03/19/26,18983,7702,5482,2525
03/20/26,18954,7740,5507,216
03/21/26,18995,7736,5518,219
03/22/26,19031,7746,5522,220
03/23/26,18917,7716,5498,221
03/24/26,18929,7715,5498,2529
03/25/26,18912,7709,5486,2615
03/26/26,18985,7730,5494,2634
03/27/26,19025,7765,5490,2622
03/28/26,18998,7783,5509,2628
03/29/26,19016,7794,5507,2643
03/30/26,18996,7778,5511,2637
03/31/26,18857,7745,5500,2642
04/01/26,18793,7726,5461,2639
04/02/26,18807,7744,5472,2647
04/03/26,18791,7744,5472,215
04/04/26,18791,7744,5472,215
04/05/26,18220,7621,5386,547
04/06/26,18643,7677,5455,2622
04/07/26,18529,7658,5442,2625
04/08/26,18588,7714,5416,2622
04/09/26,18635,7729,5433,2631
04/10/26,18676,7761,5472,2643
04/11/26,18714,7789,5478,2651
04/12/26,18822,7805,5487,2653
04/13/26,18783,7812,5489,2648
04/14/26,18631,7779,5476,2645
04/15/26,18745,7757,5464,2650
04/16/26,18851,7747,5480,2672
04/17/26,18873,7787,5545,1781
04/18/26,18937,7840,5567,1787
04/19/26,19067,7863,5589,1780
04/20/26,19027,7856,5596,1774
04/21/26,18905,7840,5588,1770
04/22/26,18891,7814,5572,2663
04/23/26,18936,7829,5577,2661
04/24/26,19066,7863,5588,2666
04/25/26,19133,7906,5617,2688
04/26/26,19239,7971,5650,2690
05/01/26,19097,7955,5625,2682
05/02/26,19134,7945,5637,2693
05/03/26,19142,7953,5637,2694
05/04/26,18617,7836,5557,2666
05/05/26,18624,7843,5558,2673
05/06/26,18670,7809,5525,2672
05/07/26,18633,7785,5520,2678
05/08/26,18788,7807,5527,2672
05/09/26,18851,7852,5579,2678
05/10/26,18917,7895,5603,2689
05/11/26,18757,7847,5599,2682
05/12/26,18789,7820,5584,2685
05/13/26,18888,7814,5585,2694
05/14/26,18875,7827,5596,2702
05/15/26,18881,7893,5628,2703
05/16/26,18934,7910,5632,2705
05/17/26,18674,7729,5094,2706
05/18/26,18802,7870,5629,2692
05/19/26,18501,7823,5600,2684
05/20/26,18584,7946,5846,2697
05/21/26,18658,7970,5861,2708
05/22/26,18513,7976,5846,2706
05/23/26,18543,8024,5849,2714
05/24/26,18356,8009,5828,2709
05/25/26,18300,8045,6453,2729
05/26/26,18221,8037,6450,2727
05/27/26,18011,8041,6480,2727
05/28/26,17981,8024,6481,2729
05/29/26,17951,8004,6462,2724
05/30/26,17965,7547,5738,2724
05/31/26,17668,7928,6411,2708
06/01/26,17554,7911,6415,2697
06/02/26,17538,7897,6306,2696
06/03/26,17560,7896,6306,2696
06/04/26,16886,7766,6227,2678
06/05/26,16795,7770,6354,2675
06/06/26,16695,7781,6406,2678
06/07/26,16907,7828,6462,2675
06/08/26,16736,7826,6461,2673
06/09/26,16737,7803,6455,2676
06/10/26,16771,7811,6867,2667
06/11/26,16743,7823,6874,2668
06/12/26,16435,7828,6887,2681
06/13/26,16439,7831,6890,2683
06/14/26,16460,7831,6984,2683
06/15/26,16460,7831,6984,2683
06/16/26,16089,7726,6919,2661
06/17/26,16395,7707,6914,2673
06/18/26,16440,7700,6928,2672
06/19/26,15980,7701,6943,2676
06/20/26,16458,7700,6925,2683
06/21/26,16469,7699,6910,2679
06/22/26,16048,7653,6938,2652
06/23/26,16281,7656,6941,2652
06/24/26,16089,7623,6922,2646
06/25/26,16023,7627,6906,2644
06/26/26,16054,7636,6900,2648
06/27/26,16246,7715,6948,2649
06/28/26,16234,7770,6951,2651
06/29/26,16202,7832,7002,2641
06/30/26,16076,7798,6970,2636
07/01/26,16332,7778,6951,2647
07/02/26,16463,7769,6937,2649
07/03/26,16477,7771,6938,2649
07/04/26,16474,7771,6936,2648
07/05/26,16468,7773,6937,2648
07/06/26,15762,7624,6783,2619
07/07/26,15804,7609,6774,2622
07/08/26,16642,7708,6816,2663
07/09/26,17230,7768,6826,2680
07/10/26,17463,7811,6899,2689
07/11/26,17627,7894,7003,2696
07/12/26,17727,7933,7039,2702
07/13/26,17690,7944,7029,2690
07/14/26,17640,7916,7038,2686
07/15/26,17683,7877,7003,2690
07/16/26,17770,7862,7022,2695
07/17/26,17879,7905,7210,2701
07/18/26,17945,7936,7257,2710
07/19/26,18011,7983,7268,2711
07/20/26,18020,7997,7315,2719
07/21/26,17906,8076,7320,2712
07/22/26,17928,8063,7298,2710
07/23/26,18044,8053,7321,2709
07/24/26,18092,8057,7308,2710
07/25/26,18152,8029,7285,2719
07/26/26,18041,7975,7239,2713
07/27/26,18158,8049,7287,2721
07/28/26,18031,8017,7274,2718
07/29/26,18031,8018,7270,2717
07/30/26,18062,8028,7280,2715
07/31/26,18053,8042,7275,2716
08/01/26,18008,8022,7257,2714
08/02/26,17970,7986,7215,2704
08/03/26,17906,7955,7197,2700
08/04/26,17672,7897,7150,2687
08/05/26,17676,7864,7132,2681
08/06/26,17867,7925,7170,2683
08/07/26,18066,7976,7212,2686
08/08/26,18006,7947,7198,2680
08/09/26,17862,7919,7175,2668
08/10/26,18010,7934,7168,2676
08/11/26,17862,7899,7141,2674
08/12/26,17882,7887,7122,2681
08/13/26,17944,7901,7119,2677
08/14/26,18063,7931,7192,2684
08/15/26,18173,7976,7222,2692
08/16/26,18216,7938,7193,2700
08/17/26,18208,7941,7181,2692
08/18/26,18102,7901,7173,2689
08/19/26,18106,7902,7174,2689
08/20/26,17990,7861,7142,2679
08/21/26,18169,7899,7200,2690
08/22/26,18361,7968,7275,2705
08/23/26,18444,8027,7280,2712
08/24/26,18475,8052,7264,2719
08/25/26,18388,8046,7250,2712
08/26/26,18387,8042,7241,2711
08/27/26,18507,8045,7239,2711
08/28/26,18557,8099,7260,2718
08/29/26,18606,8101,7261,2719
08/30/26,18573,8080,7240,2708
08/31/26,18544,8058,7232,2698
09/01/26,18484,8020,7205,2692
09/02/26,18471,7996,7171,2689
09/03/26,18361,7956,7149,2680
09/04/26,18184,7930,7121,2674
09/05/26,17973,7890,7088,2668
09/06/26,18623,8081,7220,231
09/07/26,18685,8141,7223,1127
09/08/26,18621,8108,7211,2676
09/09/26,18646,8096,7186,2696
09/10/26,18710,8102,7180,2694
09/11/26,18783,8105,7207,2705
09/12/26,18837,8151,7233,2713
09/13/26,18941,8179,7246,2714
09/14/26,19008,8178,7233,2713
09/15/26,18997,8150,7213,2710
09/16/26,18926,8122,7184,2706
09/17/26,18951,8106,7187,2706
09/18/26,18999,8095,7186,2708
09/19/26,19062,8118,7194,2729
09/20/26,19044,8124,7129,2735
09/21/26,19175,8181,7183,2748
09/22/26,19037,8139,7147,2744
09/23/26,19034,8119,7130,2744
09/24/26,19079,8094,7139,2746
09/25/26,19170,8132,7177,2745
09/26/26,19240,8176,7198,2743
09/27/26,19254,8218,7228,2754
09/28/26,19271,8227,7227,2759
09/29/26,19196,8202,7226,2755
09/30/26,19232,8185,7200,2751
10/01/26,19112,8146,7171,2743
