Dependent,Lag_Days,Method,N,Intercept,Intercept_SE,Slope,Slope_SE,Slope_p,Residual_SE_or_Scale,R2,First_Obs,Last_Obs
Official_National_Inflation,0,OLS,24,0.685301,0.479127,0.694702,0.193371,0.001620,2.167375,0.369749,2024-09-01,2026-08-01
Official_National_Inflation,0,OLS (HC1 SEs),24,0.685301,0.506902,0.694702,0.191313,0.000282,2.167375,0.369749,2024-09-01,2026-08-01
Official_National_Inflation,0,Huber RLM,24,0.779328,0.436313,0.701292,0.176091,0.000068,1.566854,,2024-09-01,2026-08-01
Official_National_Inflation,15,OLS,23,0.803351,0.582660,0.516110,0.237188,0.041121,2.524222,0.183983,2024-10-01,2026-08-01
Official_National_Inflation,15,OLS (HC1 SEs),23,0.803351,0.567516,0.516110,0.345761,0.135521,2.524222,0.183983,2024-10-01,2026-08-01
Official_National_Inflation,15,Huber RLM,23,0.932975,0.578966,0.399204,0.235684,0.090301,1.859694,,2024-10-01,2026-08-01
Official_National_Inflation,20,OLS,23,0.895286,0.595784,0.430422,0.236580,0.083146,2.597137,0.136160,2024-10-01,2026-08-01
Official_National_Inflation,20,OLS (HC1 SEs),23,0.895286,0.566139,0.430422,0.320716,0.179575,2.597137,0.136160,2024-10-01,2026-08-01
Official_National_Inflation,20,Huber RLM,23,1.029586,0.544802,0.272303,0.216335,0.208135,1.880195,,2024-10-01,2026-08-01
Official_National_Overall_Inflation,0,OLS,24,0.731405,0.252957,0.410623,0.102091,0.000571,1.144273,0.423745,2024-09-01,2026-08-01
Official_National_Overall_Inflation,0,OLS (HC1 SEs),24,0.731405,0.259478,0.410623,0.107730,0.000138,1.144273,0.423745,2024-09-01,2026-08-01
Official_National_Overall_Inflation,0,Huber RLM,24,0.803802,0.243609,0.410483,0.098318,0.000030,0.911666,,2024-09-01,2026-08-01
Official_National_Overall_Inflation,15,OLS,23,0.809710,0.315756,0.306373,0.128537,0.026666,1.367931,0.212930,2024-10-01,2026-08-01
Official_National_Overall_Inflation,15,OLS (HC1 SEs),23,0.809710,0.296854,0.306373,0.191624,0.109860,1.367931,0.212930,2024-10-01,2026-08-01
Official_National_Overall_Inflation,15,Huber RLM,23,0.906319,0.259202,0.176524,0.105515,0.094334,0.852000,,2024-10-01,2026-08-01
Official_National_Overall_Inflation,20,OLS,23,0.860362,0.323755,0.259243,0.128559,0.056714,1.411307,0.162223,2024-10-01,2026-08-01
Official_National_Overall_Inflation,20,OLS (HC1 SEs),23,0.860362,0.296915,0.259243,0.178151,0.145618,1.411307,0.162223,2024-10-01,2026-08-01
Official_National_Overall_Inflation,20,Huber RLM,23,0.945341,0.275822,0.146756,0.109526,0.180270,0.949406,,2024-10-01,2026-08-01
