Date,DataSource,Synthetic_National,Synthetic_National_Inflation,Synthetic_LaPaz,Synthetic_LaPaz_Inflation,Synthetic_Cochabamba,Synthetic_Cochabamba_Inflation,Synthetic_SantaCruz,Synthetic_SantaCruz_Inflation,Official_National,Official_National_Inflation,Official_National_Overall,Official_National_Overall_Inflation,Official_LaPaz,Official_LaPaz_Inflation,Official_Cochabamba,Official_Cochabamba_Inflation,Official_SantaCruz,Official_SantaCruz_Inflation
2024-07-01,,,,,,,,,,100.000000,,100.000000,,100.000000,,100.000000,,100.000000,
2024-07-29,2024_07.csv,100.000000,,100.000000,,100.000000,,100.000000,,,,,,,,,,,
2024-07-30,2024_07.csv,100.130638,,100.118818,,100.104902,,100.153839,,,,,,,,,,,
2024-07-31,2024_07.csv,100.130638,,100.118818,,100.104902,,100.153839,,,,,,,,,,,
2024-08-01,2024_08.csv,100.490265,,100.730297,,100.732204,,100.150616,,102.286271,2.286271,101.582837,1.582837,102.796521,2.796521,102.677312,2.677312,102.158547,2.158547
2024-08-02,2024_08.csv,100.889796,,101.161407,,101.078278,,100.545421,,,,,,,,,,,
2024-08-03,2024_08.csv,100.781096,,100.929889,,100.849738,,100.608659,,,,,,,,,,,
2024-08-04,2024_08.csv,100.799402,,100.937814,,100.858266,,100.641332,,,,,,,,,,,
2024-08-05,2024_08.csv,100.799402,,100.937814,,100.858266,,100.641332,,,,,,,,,,,
2024-08-06,2024_08.csv,100.802708,,100.945585,,100.857665,,100.642259,,,,,,,,,,,
2024-08-07,2024_08.csv,101.157443,,101.273133,,101.130401,,101.061046,,,,,,,,,,,
2024-08-08,2024_08.csv,101.148308,,101.249769,,101.130401,,101.061046,,,,,,,,,,,
2024-08-09,2024_08.csv,101.609314,,101.910534,,101.708798,,101.278725,,,,,,,,,,,
2024-08-10,2024_08.csv,102.059293,,102.425684,,102.176076,,101.659158,,,,,,,,,,,
2024-08-11,2024_08.csv,102.477201,,102.985299,,102.759447,,101.865944,,,,,,,,,,,
2024-08-12,2024_08.csv,102.624285,,102.980264,,102.747679,,102.230868,,,,,,,,,,,
2024-08-13,2024_08.csv,102.642475,,103.025620,,102.813488,,102.201136,,,,,,,,,,,
2024-08-14,2024_08.csv,102.642475,,103.025620,,102.813488,,102.201136,,,,,,,,,,,
2024-08-15,2024_08.csv,102.658507,,103.022651,,102.821649,,102.238768,,,,,,,,,,,
2024-08-16,2024_08.csv,102.886893,,103.161679,,102.879940,,102.631094,,,,,,,,,,,
2024-08-17,2024_08.csv,102.903001,,103.105559,,102.915378,,102.706240,,,,,,,,,,,
2024-08-18,2024_08.csv,102.946766,,103.119277,,102.973872,,102.771431,,,,,,,,,,,
2024-08-19,2024_08.csv,103.034733,,103.106683,,102.972217,,102.996193,,,,,,,,,,,
2024-08-20,2024_08.csv,103.033294,,103.104127,,102.969954,,102.996193,,,,,,,,,,,
2024-08-21,2024_08.csv,103.157807,,103.200751,,103.083823,,103.151985,,,,,,,,,,,
2024-08-22,2024_08.csv,103.269372,,103.230737,,103.122475,,103.374622,,,,,,,,,,,
2024-08-23,2024_08.csv,103.344868,,103.336002,,103.253293,,103.396134,,,,,,,,,,,
2024-08-24,2024_08.csv,103.451208,,103.368150,,103.494855,,103.509062,,,,,,,,,,,
2024-08-25,2024_08.csv,103.474480,,103.391673,,103.498850,,103.541127,,,,,,,,,,,
2024-08-26,2024_08.csv,103.473238,,103.404300,,103.511708,,103.520205,,,,,,,,,,,
2024-08-27,2024_08.csv,103.470518,,103.399519,,103.507328,,103.520205,,,,,,,,,,,
2024-08-28,2024_08.csv,103.938436,3.938436,104.285377,4.285377,104.115091,4.115091,103.528586,3.528586,,,,,,,,,,
2024-08-29,2024_08.csv,104.010676,3.874976,104.343506,4.219674,104.163759,4.054604,103.625172,3.466000,,,,,,,,,,
2024-08-30,2024_08.csv,104.332503,4.196383,104.820186,4.695788,104.643892,4.534234,103.726839,3.567512,,,,,,,,,,
2024-08-31,2024_08.csv,104.671983,4.161316,105.215477,4.452662,105.019210,4.255844,103.996912,3.840512,,,,,,,,,,
2024-09-01,2024_09.csv,105.180700,4.253060,105.918722,4.702698,105.769490,4.641167,104.209052,3.643757,103.638088,1.321602,102.476330,0.879570,103.766254,0.943352,103.603092,0.901639,104.437689,2.230985
2024-09-02,2024_09.csv,105.322608,4.506313,105.975801,4.999423,105.758691,4.867591,104.502483,3.870267,,,,,,,,,,
2024-09-03,2024_09.csv,105.322608,4.487334,105.975801,4.991179,105.758691,4.858724,104.502483,3.836546,,,,,,,,,,
2024-09-04,2024_09.csv,105.471260,4.634808,106.147556,5.161338,105.891423,4.990326,104.636815,3.970022,,,,,,,,,,
2024-09-05,2024_09.csv,105.697909,4.856220,106.206651,5.211784,105.929391,5.028597,105.109831,4.439062,,,,,,,,,,
2024-09-06,2024_09.csv,105.827455,4.616578,106.270162,4.934210,105.966106,4.781653,105.345128,4.239104,,,,,,,,,,
2024-09-07,2024_09.csv,105.900596,4.698336,106.222815,4.911661,105.989392,4.804679,105.555217,4.446987,,,,,,,,,,
2024-09-08,2024_09.csv,105.921366,4.243757,106.251219,4.259310,106.039133,4.257581,105.555217,4.222498,,,,,,,,,,
2024-09-09,2024_09.csv,105.918649,3.781484,106.259583,3.743104,106.041009,3.782621,105.539900,3.817405,,,,,,,,,,
2024-09-10,2024_09.csv,105.918326,3.357942,106.259895,3.179673,106.038720,3.191213,105.539900,3.606658,,,,,,,,,,
2024-09-11,2024_09.csv,105.949756,3.240433,106.280410,3.204640,106.054739,3.218622,105.588842,3.284697,,,,,,,,,,
2024-09-12,2024_09.csv,105.947103,3.219552,106.233740,3.113905,106.014063,3.112991,105.645500,3.370182,,,,,,,,,,
2024-09-13,2024_09.csv,105.983941,3.255441,106.273727,3.152718,106.046316,3.144362,105.681517,3.405423,,,,,,,,,,
2024-09-14,2024_09.csv,105.925834,3.182715,106.083497,2.971042,105.895455,2.989454,105.791431,3.474868,,,,,,,,,,
2024-09-15,2024_09.csv,106.025893,3.050923,106.203279,2.948381,106.006666,3.039200,105.867669,3.153601,,,,,,,,,,
2024-09-16,2024_09.csv,106.067443,3.075170,106.197387,2.998702,106.004962,3.002063,105.974213,3.181864,,,,,,,,,,
2024-09-17,2024_09.csv,106.067443,3.031350,106.197387,2.984999,106.004962,2.943553,105.974213,3.116413,,,,,,,,,,
2024-09-18,2024_09.csv,106.147188,3.020782,106.282094,3.079733,106.079347,3.017446,106.051791,2.966709,,,,,,,,,,
2024-09-19,2024_09.csv,106.192211,3.065919,106.322170,3.121158,106.132661,3.071486,106.097593,3.011179,,,,,,,,,,
2024-09-20,2024_09.csv,106.212878,2.961552,106.347658,3.049306,106.155839,2.980114,106.112540,2.870090,,,,,,,,,,
2024-09-21,2024_09.csv,106.195089,2.833092,106.342756,3.014624,106.165609,2.950989,106.069687,2.607085,,,,,,,,,,
2024-09-22,2024_09.csv,106.177582,2.741030,106.341550,2.908520,106.141279,2.796992,106.040011,2.557037,,,,,,,,,,
2024-09-23,2024_09.csv,106.184026,2.641649,106.363500,2.897749,106.148261,2.563804,106.031584,2.437006,,,,,,,,,,
2024-09-24,2024_09.csv,106.184026,2.618565,106.363500,2.874338,106.148261,2.559845,106.031584,2.405282,,,,,,,,,,
2024-09-25,2024_09.csv,106.185783,2.621494,106.355960,2.854484,106.144550,2.543520,106.044668,2.438618,,,,,,,,,,
2024-09-26,2024_09.csv,106.192949,2.631118,106.357809,2.861029,106.178303,2.580470,106.044389,2.438348,,,,,,,,,,
2024-09-27,2024_09.csv,106.196891,2.172877,106.359279,1.988680,106.178476,1.981831,106.052426,2.437819,,,,,,,,,,
2024-09-28,2024_09.csv,106.263088,2.165558,106.380921,1.952603,106.228849,1.982541,106.168042,2.453912,,,,,,,,,,
2024-09-29,2024_09.csv,106.297328,1.883234,106.396112,1.503457,106.224196,1.510174,106.238465,2.421384,,,,,,,,,,
2024-09-30,2024_09.csv,106.510431,1.756389,106.640273,1.354170,106.447822,1.360334,106.417356,2.327419,,,,,,,,,,
2024-10-01,2024_10.csv,106.510009,1.263834,106.639195,0.680213,106.447822,0.641330,106.417356,2.119110,106.562734,2.821979,104.161677,1.644621,106.874371,2.995306,107.467163,3.729687,106.795879,2.257987
2024-10-02,2024_10.csv,107.162131,1.746560,107.373113,1.318520,107.190817,1.354145,106.949785,2.341860,,,,,,,,,,
2024-10-03,2024_10.csv,107.296293,1.873943,107.530618,1.467143,107.478155,1.625837,106.990173,2.380508,,,,,,,,,,
2024-10-04,2024_10.csv,107.410103,1.838267,107.661572,1.426332,107.631272,1.643050,107.069403,2.324792,,,,,,,,,,
2024-10-05,2024_10.csv,107.524322,1.727955,107.689537,1.396227,107.675312,1.648193,107.297819,2.081621,,,,,,,,,,
2024-10-06,2024_10.csv,107.572546,1.648996,107.691524,1.337499,107.679632,1.617051,107.410204,1.960296,,,,,,,,,,
2024-10-07,2024_10.csv,107.634303,1.637108,107.825610,1.508899,107.789280,1.698178,107.381333,1.730010,,,,,,,,,,
2024-10-08,2024_10.csv,107.630736,1.613810,107.819300,1.475824,107.783621,1.645137,107.381333,1.730010,,,,,,,,,,
2024-10-09,2024_10.csv,107.767053,1.745117,107.950686,1.591483,107.976900,1.825606,107.495610,1.853053,,,,,,,,,,
2024-10-10,2024_10.csv,107.782844,1.760336,107.969090,1.608504,107.979309,1.830076,107.515207,1.871622,,,,,,,,,,
2024-10-11,2024_10.csv,107.797447,1.743931,107.987675,1.606378,107.989515,1.824318,107.528116,1.836628,,,,,,,,,,
2024-10-12,2024_10.csv,107.620468,1.579435,107.761123,1.437757,107.770340,1.656646,107.417644,1.677444,,,,,,,,,,
2024-10-13,2024_10.csv,107.717196,1.635394,107.847349,1.480725,107.847633,1.698614,107.533379,1.752304,,,,,,,,,,
2024-10-14,2024_10.csv,107.706021,1.680598,107.817191,1.634273,107.833522,1.830170,107.541476,1.654242,,,,,,,,,,
2024-10-15,2024_10.csv,107.863581,1.733244,107.987533,1.680036,107.959563,1.842239,107.701753,1.732430,,,,,,,,,,
2024-10-16,2024_10.csv,107.866823,1.696449,107.987533,1.685678,107.966220,1.850156,107.706452,1.634586,,,,,,,,,,
2024-10-17,2024_10.csv,107.990144,1.812716,108.088514,1.780767,108.045706,1.925140,107.871372,1.790208,,,,,,,,,,
2024-10-18,2024_10.csv,108.005717,1.750898,108.093515,1.704352,108.060839,1.867933,107.897117,1.740024,,,,,,,,,,
2024-10-19,2024_10.csv,108.019523,1.720759,108.105673,1.677451,108.067739,1.823263,107.915713,1.713630,,,,,,,,,,
2024-10-20,2024_10.csv,108.001009,1.683535,108.090993,1.639279,108.080246,1.812813,107.879050,1.664752,,,,,,,,,,
2024-10-21,2024_10.csv,107.978887,1.679738,108.041209,1.597149,108.057544,1.782060,107.883280,1.709813,,,,,,,,,,
2024-10-22,2024_10.csv,107.978887,1.696502,108.041209,1.598302,108.057544,1.805390,107.883280,1.738277,,,,,,,,,,
2024-10-23,2024_10.csv,108.013440,1.722871,108.011940,1.549818,108.121895,1.859319,107.964037,1.822526,,,,,,,,,,
2024-10-24,2024_10.csv,108.028380,1.736941,108.026838,1.563825,108.137413,1.873938,107.978748,1.836400,,,,,,,,,,
2024-10-25,2024_10.csv,108.070288,1.774724,108.068925,1.610596,108.186288,1.923545,108.017221,1.860116,,,,,,,,,,
2024-10-26,2024_10.csv,108.076483,1.773690,108.083483,1.622517,108.187620,1.892399,108.017812,1.860941,,,,,,,,,,
2024-10-27,2024_10.csv,108.082443,1.775525,108.115608,1.651317,108.258014,1.958531,107.968913,1.807113,,,,,,,,,,
2024-10-28,2024_10.csv,108.089061,1.718351,108.119206,1.634020,108.259640,1.911714,107.980717,1.707363,,,,,,,,,,
2024-10-29,2024_10.csv,108.087220,1.683854,108.115991,1.616487,108.256639,1.913352,107.980717,1.639944,,,,,,,,,,
2024-10-30,2024_10.csv,108.285234,1.666319,108.317168,1.572479,108.446070,1.877210,108.179769,1.656133,,,,,,,,,,
2024-10-31,2024_10.csv,108.286979,1.668360,108.317168,1.573505,108.446070,1.877210,108.183977,1.660088,,,,,,,,,,
2024-11-01,2024_11.csv,108.399772,1.154924,108.367154,0.925782,108.473638,1.196763,108.395915,1.352158,108.786490,2.086805,105.670351,1.448397,109.686184,2.630952,109.881787,2.246848,107.396820,0.562701
2024-11-02,2024_11.csv,108.659584,1.270585,108.713421,1.099969,108.832853,1.260440,108.527645,1.437021,,,,,,,,,,
2024-11-03,2024_11.csv,108.824094,1.316441,108.989608,1.233528,109.098855,1.363528,108.539318,1.372862,,,,,,,,,,
2024-11-04,2024_11.csv,108.850411,1.233292,109.034462,1.248891,109.144041,1.364035,108.539318,1.157059,,,,,,,,,,
2024-11-05,2024_11.csv,108.850411,1.187910,109.034462,1.247023,109.144041,1.359969,108.539318,1.051216,,,,,,,,,,
2024-11-06,2024_11.csv,108.901498,1.177316,109.051733,1.137135,109.195388,1.304497,108.622163,1.155537,,,,,,,,,,
2024-11-07,2024_11.csv,108.883696,1.164129,109.018211,1.111963,109.169314,1.285624,108.623058,1.156370,,,,,,,,,,
2024-11-08,2024_11.csv,108.910210,1.060767,109.039367,1.008498,109.192040,1.125370,108.656399,1.079848,,,,,,,,,,
2024-11-09,2024_11.csv,108.704258,0.854881,108.668695,0.647968,108.855836,0.811755,108.666766,1.071066,,,,,,,,,,
2024-11-10,2024_11.csv,108.735328,0.870040,108.673993,0.635552,108.869009,0.814425,108.730518,1.118220,,,,,,,,,,
2024-11-11,2024_11.csv,108.742944,1.042995,108.682135,0.854679,108.865738,1.016419,108.742739,1.233591,,,,,,,,,,
2024-11-12,2024_11.csv,108.740560,0.950047,108.679323,0.771437,108.863244,0.941709,108.740808,1.122842,,,,,,,,,,
2024-11-13,2024_11.csv,108.790539,1.006924,108.702919,0.821509,108.878979,0.969510,108.831705,1.199750,,,,,,,,,,
2024-11-14,2024_11.csv,108.812882,0.880094,108.733854,0.691119,108.889225,0.861121,108.851615,1.067636,,,,,,,,,,
2024-11-15,2024_11.csv,108.799122,0.864305,108.717616,0.676081,108.888620,0.854341,108.834028,1.046897,,,,,,,,,,
2024-11-16,2024_11.csv,108.818811,0.767354,108.739646,0.602406,108.927640,0.816260,108.842452,0.900220,,,,,,,,,,
2024-11-17,2024_11.csv,108.799675,0.735108,108.738379,0.596580,108.925882,0.800515,108.798329,0.835251,,,,,,,,,,
2024-11-18,2024_11.csv,108.818793,0.739932,108.747386,0.593598,108.927999,0.796038,108.834945,0.851805,,,,,,,,,,
2024-11-19,2024_11.csv,108.805933,0.745293,108.724614,0.586192,108.907636,0.765534,108.834945,0.886080,,,,,,,,,,
2024-11-20,2024_11.csv,108.913639,0.865680,108.765219,0.670124,108.966992,0.841633,109.028566,1.061597,,,,,,,,,,
2024-11-21,2024_11.csv,108.998261,0.944049,108.861457,0.759200,109.094086,0.959251,109.082334,1.111437,,,,,,,,,,
2024-11-22,2024_11.csv,109.013178,0.925569,108.876599,0.800522,109.106752,0.910876,109.098096,1.050404,,,,,,,,,,
2024-11-23,2024_11.csv,108.803103,0.717148,108.465311,0.405892,108.824888,0.635742,109.111352,1.048914,,,,,,,,,,
2024-11-24,2024_11.csv,108.850037,0.721521,108.501467,0.400246,108.925268,0.683063,109.143405,1.042596,,,,,,,,,,
2024-11-25,2024_11.csv,108.838442,0.705018,108.508424,0.393161,108.930905,0.687034,109.106245,1.007642,,,,,,,,,,
2024-11-26,2024_11.csv,108.857272,0.716887,108.519966,0.374005,108.953693,0.642612,109.130091,1.075475,,,,,,,,,,
2024-11-27,2024_11.csv,108.893780,0.744497,108.535767,0.385279,108.997084,0.681181,109.182897,1.113329,,,,,,,,,,
2024-11-28,2024_11.csv,108.925720,0.775762,108.611957,0.458735,109.037907,0.721682,109.168956,1.100419,,,,,,,,,,
2024-11-29,2024_11.csv,109.020291,0.678815,108.783251,0.430294,109.151323,0.650326,109.182368,0.926789,,,,,,,,,,
2024-11-30,2024_11.csv,109.040978,0.696297,108.834873,0.477953,109.192903,0.688667,109.164101,0.905978,,,,,,,,,,
2024-12-01,2024_12.csv,108.850516,0.415816,108.488770,0.112226,108.846969,0.344167,109.193215,0.735545,110.275758,1.368982,106.792362,1.061803,110.518072,0.758425,110.663540,0.711449,110.406602,2.802487
2024-12-02,2024_12.csv,108.960960,0.277358,108.653214,-0.055381,108.991582,0.145846,109.236740,0.653378,,,,,,,,,,
2024-12-03,2024_12.csv,108.965873,0.130283,108.678967,-0.285019,108.994128,-0.095993,109.223118,0.630002,,,,,,,,,,
2024-12-04,2024_12.csv,109.283631,0.397996,109.329005,0.270138,109.460491,0.289938,109.157988,0.569997,,,,,,,,,,
2024-12-05,2024_12.csv,109.300346,0.413352,109.356422,0.295283,109.475096,0.303320,109.165602,0.577011,,,,,,,,,,
2024-12-06,2024_12.csv,109.365200,0.425799,109.420042,0.337738,109.564946,0.338437,109.219908,0.550297,,,,,,,,,,
2024-12-07,2024_12.csv,109.326933,0.407074,109.408783,0.358263,109.589825,0.385192,109.126593,0.463562,,,,,,,,,,
2024-12-08,2024_12.csv,109.342345,0.396781,109.400970,0.331627,109.558495,0.335606,109.185801,0.487226,,,,,,,,,,
2024-12-09,2024_12.csv,109.448145,0.684321,109.412368,0.684349,109.510907,0.601778,109.452467,0.723037,,,,,,,,,,
2024-12-10,2024_12.csv,109.446509,0.654048,109.408990,0.676332,109.507684,0.586646,109.453217,0.664670,,,,,,,,,,
2024-12-11,2024_12.csv,109.463276,0.662417,109.421334,0.680148,109.480509,0.564706,109.494743,0.691544,,,,,,,,,,
2024-12-12,2024_12.csv,109.432927,0.636715,109.287108,0.559247,109.377425,0.472318,109.596405,0.786822,,,,,,,,,,
2024-12-13,2024_12.csv,109.381559,0.543265,109.263830,0.516004,109.358476,0.440394,109.503365,0.617154,,,,,,,,,,
2024-12-14,2024_12.csv,109.472522,0.606215,109.358109,0.574112,109.433925,0.500233,109.598470,0.686122,,,,,,,,,,
2024-12-15,2024_12.csv,109.544894,0.685458,109.496013,0.715980,109.562758,0.619108,109.582607,0.687817,,,,,,,,,,
2024-12-16,2024_12.csv,109.573197,0.693250,109.534323,0.730806,109.630436,0.645195,109.583026,0.680410,,,,,,,,,,
2024-12-17,2024_12.csv,109.573197,0.710959,109.534323,0.731980,109.630436,0.646820,109.583026,0.721240,,,,,,,,,,
2024-12-18,2024_12.csv,109.603776,0.721367,109.581466,0.766988,109.672697,0.683661,109.592516,0.696073,,,,,,,,,,
2024-12-19,2024_12.csv,109.614796,0.743400,109.594448,0.800035,109.690390,0.718732,109.598561,0.701627,,,,,,,,,,
2024-12-20,2024_12.csv,109.614796,0.643773,109.594448,0.762403,109.690390,0.663869,109.598561,0.522794,,,,,,,,,,
2024-12-21,2024_12.csv,109.622168,0.572401,109.594448,0.673325,109.692779,0.548786,109.615217,0.488514,,,,,,,,,,
2024-12-22,2024_12.csv,109.624145,0.560452,109.602154,0.666401,109.695541,0.539645,109.611425,0.470520,,,,,,,,,,
2024-12-23,2024_12.csv,109.636778,0.766223,109.616147,1.061017,109.703388,0.807260,109.625018,0.470773,,,,,,,,,,
2024-12-24,2024_12.csv,109.636778,0.722775,109.616147,1.027341,109.703388,0.714361,109.625018,0.441267,,,,,,,,,,
2024-12-25,2024_12.csv,109.692917,0.785085,109.679811,1.079535,109.747478,0.749624,109.679708,0.525601,,,,,,,,,,
2024-12-26,2024_12.csv,109.695333,0.769872,109.681534,1.070373,109.752368,0.733041,109.681619,0.505386,,,,,,,,,,
2024-12-27,2024_12.csv,109.696169,0.736854,109.681534,1.055658,109.752368,0.692940,109.683634,0.458622,,,,,,,,,,
2024-12-28,2024_12.csv,109.710510,0.720482,109.680123,0.983470,109.756319,0.658865,109.717695,0.502650,,,,,,,,,,
2024-12-29,2024_12.csv,109.720628,0.642391,109.699455,0.842229,109.720507,0.521463,109.740645,0.511325,,,,,,,,,,
2024-12-30,2024_12.csv,109.756569,0.656259,109.694960,0.790268,109.723151,0.485607,109.830310,0.610282,,,,,,,,,,
2024-12-31,2024_12.csv,109.757204,0.832967,109.694960,1.111811,109.723151,0.804968,109.831840,0.584858,,,,,,,,,,
2025-01-01,2025_01.csv,110.012012,0.964614,109.694300,0.958173,109.725698,0.673554,110.445687,1.106721,113.000824,2.471138,108.878998,1.953919,112.663667,1.941398,112.942921,2.059740,114.094432,3.340226
2025-01-02,2025_01.csv,110.511046,1.418033,110.624439,1.790109,110.641070,1.511038,110.343222,1.025520,,,,,,,,,,
2025-01-03,2025_01.csv,110.523752,1.134773,110.646720,1.205275,110.661627,1.097324,110.343222,1.085797,,,,,,,,,,
2025-01-04,2025_01.csv,110.643726,1.229072,110.808797,1.328111,110.928044,1.327195,110.354891,1.089435,,,,,,,,,,
2025-01-05,2025_01.csv,110.824349,1.334199,111.134462,1.566824,111.161221,1.456921,110.374151,1.056806,,,,,,,,,,
2025-01-06,2025_01.csv,110.850703,1.393774,111.134462,1.577277,111.163745,1.436192,110.436515,1.200369,,,,,,,,,,
2025-01-07,2025_01.csv,111.163161,1.665243,111.510668,1.928409,111.496392,1.768824,110.679415,1.367956,,,,,,,,,,
2025-01-08,2025_01.csv,111.163161,1.566967,111.510668,1.917791,111.496392,1.813048,110.679415,1.120987,,,,,,,,,,
2025-01-09,2025_01.csv,111.202552,1.604476,111.567041,1.972462,111.588376,1.900042,110.678152,1.119140,,,,,,,,,,
2025-01-10,2025_01.csv,111.191267,1.578604,111.541120,1.937269,111.585656,1.922851,110.676654,1.079423,,,,,,,,,,
2025-01-11,2025_01.csv,111.191458,1.606948,111.541607,2.062914,111.585656,2.018910,110.676654,0.985662,,,,,,,,,,
2025-01-12,2025_01.csv,111.213783,1.675075,111.593698,2.132332,111.698600,2.139865,110.628459,1.027451,,,,,,,,,,
2025-01-13,2025_01.csv,111.168597,1.549316,111.508377,1.966264,111.647716,2.022947,110.623781,0.935515,,,,,,,,,,
2025-01-14,2025_01.csv,110.957897,1.289885,111.198631,1.554960,111.302290,1.587704,110.569581,0.900667,,,,,,,,,,
2025-01-15,2025_01.csv,111.020010,1.320408,111.230947,1.548943,111.324010,1.544803,110.678711,0.999867,,,,,,,,,,
2025-01-16,2025_01.csv,111.053807,1.351252,111.226392,1.544785,111.327203,1.547716,110.763003,1.076788,,,,,,,,,,
2025-01-17,2025_01.csv,111.092479,1.358259,111.241113,1.514533,111.358982,1.537561,110.827485,1.126873,,,,,,,,,,
2025-01-18,2025_01.csv,111.134217,1.386146,111.313308,1.568382,111.424535,1.580945,110.829352,1.122999,,,,,,,,,,
2025-01-19,2025_01.csv,111.146444,1.397300,111.303991,1.559881,111.428012,1.584115,110.865989,1.156428,,,,,,,,,,
2025-01-20,2025_01.csv,111.170163,1.412119,111.324158,1.578282,111.439251,1.592148,110.898905,1.171086,,,,,,,,,,
2025-01-21,2025_01.csv,111.171489,1.411499,111.324158,1.571140,111.446073,1.595810,110.898905,1.174586,,,,,,,,,,
2025-01-22,2025_01.csv,111.248965,1.470480,111.371005,1.600913,111.516885,1.653092,111.008379,1.261902,,,,,,,,,,
2025-01-23,2025_01.csv,111.251184,1.472504,111.372654,1.602416,111.498146,1.636010,111.020955,1.273375,,,,,,,,,,
2025-01-24,2025_01.csv,111.252186,1.421486,111.372654,1.543441,111.498146,1.595178,111.023373,1.225081,,,,,,,,,,
2025-01-25,2025_01.csv,111.282267,1.446674,111.388485,1.556279,111.517483,1.608271,111.071922,1.267581,,,,,,,,,,
2025-01-26,2025_01.csv,111.308420,1.469742,111.400806,1.567513,111.529963,1.619642,111.117519,1.307292,,,,,,,,,,
2025-01-27,2025_01.csv,111.320651,1.467627,111.410639,1.577785,111.524546,1.611048,111.140280,1.296587,,,,,,,,,,
2025-01-28,2025_01.csv,111.318958,1.456728,111.407652,1.557161,111.521846,1.641752,111.140280,1.275403,,,,,,,,,,
2025-01-29,2025_01.csv,111.456373,1.548703,111.596256,1.733258,111.742166,1.840099,111.190591,1.238530,,,,,,,,,,
2025-01-30,2025_01.csv,111.506457,1.593747,111.649705,1.781982,111.742948,1.840812,111.260603,1.300864,,,,,,,,,,
2025-01-31,2025_01.csv,111.479032,1.333509,111.716127,1.843147,111.735515,1.831674,111.135337,0.624425,,,,,,,,,,
2025-02-01,2025_02.csv,111.588488,0.974964,111.772647,1.037934,111.908024,1.145103,111.265156,0.835514,114.838318,1.626090,110.254179,1.263036,114.217210,1.378921,114.690939,1.547700,116.059029,1.721905
2025-02-02,2025_02.csv,111.957469,1.297203,112.277585,1.473939,112.357392,1.532387,111.468296,1.019613,,,,,,,,,,
2025-02-03,2025_02.csv,112.075644,1.294170,112.440921,1.472919,112.534212,1.447937,111.516421,1.052541,,,,,,,,,,
2025-02-04,2025_02.csv,112.075268,1.128740,112.439764,1.174526,112.534600,1.235484,111.516421,1.034907,,,,,,,,,,
2025-02-05,2025_02.csv,112.101281,1.128164,112.469754,1.201511,112.542870,1.240625,111.546999,1.005540,,,,,,,,,,
2025-02-06,2025_02.csv,112.151275,0.888886,112.474758,0.864572,112.550903,0.945781,111.659067,0.885125,,,,,,,,,,
2025-02-07,2025_02.csv,112.178250,0.913152,112.505944,0.892538,112.561948,0.955686,111.689536,0.912655,,,,,,,,,,
2025-02-08,2025_02.csv,112.075979,0.785438,112.370707,0.720343,112.399449,0.726844,111.646564,0.874980,,,,,,,,,,
2025-02-09,2025_02.csv,112.116391,0.832012,112.355819,0.730403,112.420914,0.748535,111.747988,0.967985,,,,,,,,,,
2025-02-10,2025_02.csv,112.082317,0.801194,112.287255,0.668492,112.389864,0.720709,111.745013,0.965298,,,,,,,,,,
2025-02-11,2025_02.csv,112.105634,0.801926,112.330206,0.659990,112.377957,0.608206,111.766324,1.028547,,,,,,,,,,
2025-02-12,2025_02.csv,112.105848,0.843090,112.329564,0.736435,112.380188,0.656056,111.766399,1.032887,,,,,,,,,,
2025-02-13,2025_02.csv,112.150527,1.074849,112.356021,1.040831,112.422681,1.006620,111.829281,1.139282,,,,,,,,,,
2025-02-14,2025_02.csv,112.149144,1.017055,112.308555,0.968803,112.425385,0.989341,111.869428,1.075832,,,,,,,,,,
2025-02-15,2025_02.csv,111.886876,0.750149,111.859355,0.569076,111.980649,0.586960,111.868884,0.998421,,,,,,,,,,
2025-02-16,2025_02.csv,111.902190,0.728862,111.888642,0.582095,111.999049,0.574779,111.869579,0.940285,,,,,,,,,,
2025-02-17,2025_02.csv,111.914690,0.702279,111.893656,0.521364,112.009449,0.524941,111.890121,0.957119,,,,,,,,,,
2025-02-18,2025_02.csv,111.915617,0.692036,111.893656,0.529779,112.009421,0.521781,111.892370,0.925785,,,,,,,,,,
2025-02-19,2025_02.csv,111.961712,0.712015,111.919152,0.534470,112.028636,0.528885,111.970478,0.966261,,,,,,,,,,
2025-02-20,2025_02.csv,111.960992,0.710166,111.856860,0.478514,111.951940,0.453912,112.063403,1.050053,,,,,,,,,,
2025-02-21,2025_02.csv,111.892122,0.578124,111.748826,0.339245,111.950186,0.388552,112.000010,0.893294,,,,,,,,,,
2025-02-22,2025_02.csv,111.893372,0.577241,111.732121,0.322761,111.933971,0.390881,112.026369,0.905607,,,,,,,,,,
2025-02-23,2025_02.csv,111.949533,0.626816,111.814135,0.396401,112.031376,0.478241,112.038833,0.914636,,,,,,,,,,
2025-02-24,2025_02.csv,111.941245,0.592168,111.777173,0.348948,112.037946,0.466709,112.050616,0.881136,,,,,,,,,,
2025-02-25,2025_02.csv,111.936650,0.564405,111.767911,0.329535,112.035077,0.452895,112.049613,0.838836,,,,,,,,,,
2025-02-26,2025_02.csv,111.986328,0.597981,111.848757,0.393246,112.053238,0.474058,112.084672,0.849730,,,,,,,,,,
2025-02-27,2025_02.csv,112.027952,0.636903,111.885012,0.428480,112.106675,0.524407,112.125824,0.886757,,,,,,,,,,
2025-02-28,2025_02.csv,112.047419,0.530293,111.889536,0.262804,112.096872,0.317432,112.173093,0.883619,,,,,,,,,,
2025-03-01,2025_03.csv,112.056857,0.493604,111.849129,0.178616,112.125446,0.342302,112.220556,0.862797,118.076236,2.819544,112.137109,1.707808,117.741895,3.085949,117.917833,2.813557,119.266896,2.763996
2025-03-02,2025_03.csv,112.158414,0.609425,111.904302,0.168440,112.167446,0.386565,112.393748,1.132322,,,,,,,,,,
2025-03-03,2025_03.csv,112.159473,0.511688,111.905028,0.118437,112.167800,0.232133,112.395450,1.015857,,,,,,,,,,
2025-03-04,2025_03.csv,112.159473,0.180429,111.905028,-0.331818,112.167800,-0.168740,112.395450,0.831765,,,,,,,,,,
2025-03-05,2025_03.csv,112.159473,0.074796,111.905028,-0.476599,112.167800,-0.325600,112.395450,0.788251,,,,,,,,,,
2025-03-06,2025_03.csv,112.159690,0.075326,111.905028,-0.475576,112.168916,-0.324953,112.395450,0.788251,,,,,,,,,,
2025-03-07,2025_03.csv,112.357509,0.228568,112.140477,-0.292770,112.405680,-0.121900,112.539548,0.889804,,,,,,,,,,
2025-03-08,2025_03.csv,112.419475,0.239141,112.161645,-0.278386,112.418832,-0.117343,112.662846,0.898968,,,,,,,,,,
2025-03-09,2025_03.csv,112.452598,0.244564,112.217582,-0.256308,112.471419,-0.080426,112.665341,0.873676,,,,,,,,,,
2025-03-10,2025_03.csv,112.390255,0.280413,112.085611,-0.253710,112.382084,-0.015449,112.681288,0.926786,,,,,,,,,,
2025-03-11,2025_03.csv,112.535737,0.374027,112.303566,-0.046507,112.673101,0.224324,112.690256,0.843208,,,,,,,,,,
2025-03-12,2025_03.csv,112.548640,0.416054,112.362098,0.066654,112.686124,0.263600,112.660086,0.818894,,,,,,,,,,
2025-03-13,2025_03.csv,112.583790,0.426522,112.405932,0.067414,112.724782,0.308623,112.685406,0.822324,,,,,,,,,,
2025-03-14,2025_03.csv,112.598271,0.439248,112.409834,0.071460,112.738362,0.318716,112.710283,0.844514,,,,,,,,,,
2025-03-15,2025_03.csv,112.610432,0.410078,112.434889,0.070194,112.777936,0.315999,112.697444,0.776329,,,,,,,,,,
2025-03-16,2025_03.csv,112.567496,0.373032,112.464131,0.138525,112.641515,0.192244,112.630263,0.680111,,,,,,,,,,
2025-03-17,2025_03.csv,112.561214,0.602696,112.449080,0.527203,112.646044,0.594205,112.627182,0.677845,,,,,,,,,,
2025-03-18,2025_03.csv,112.561844,0.589492,112.450693,0.502331,112.646044,0.577679,112.627182,0.677219,,,,,,,,,,
2025-03-19,2025_03.csv,112.597679,0.610276,112.482501,0.526255,112.680381,0.598996,112.667513,0.694781,,,,,,,,,,
2025-03-20,2025_03.csv,112.619725,0.629142,112.508115,0.549146,112.739332,0.651651,112.668905,0.694002,,,,,,,,,,
2025-03-21,2025_03.csv,112.672048,0.634446,112.584036,0.594075,112.759384,0.652286,112.714102,0.664125,,,,,,,,,,
2025-03-22,2025_03.csv,112.690456,0.651535,112.587393,0.653097,112.746583,0.709807,112.761322,0.622789,,,,,,,,,,
2025-03-23,2025_03.csv,112.730443,0.749222,112.629011,0.787646,112.782284,0.743275,112.801779,0.715865,,,,,,,,,,
2025-03-24,2025_03.csv,112.754180,0.769312,112.641776,0.814139,112.781708,0.757354,112.847252,0.732759,,,,,,,,,,
2025-03-25,2025_03.csv,112.747884,0.713135,112.631147,0.730687,112.770690,0.659917,112.847252,0.721553,,,,,,,,,,
2025-03-26,2025_03.csv,112.776731,0.746361,112.636460,0.768750,112.808661,0.687906,112.894011,0.752691,,,,,,,,,,
2025-03-27,2025_03.csv,112.840765,0.807702,112.632658,0.773699,112.754378,0.642032,113.077434,0.917291,,,,,,,,,,
2025-03-28,2025_03.csv,112.982087,0.889180,112.810375,0.859748,112.915885,0.769855,113.174988,0.972760,,,,,,,,,,
2025-03-29,2025_03.csv,113.178090,1.026653,113.004789,1.000829,113.165040,0.944070,113.347584,1.089633,,,,,,,,,,
2025-03-30,2025_03.csv,113.316903,1.132988,113.106425,1.087581,113.277687,1.053389,113.533706,1.212959,,,,,,,,,,
2025-03-31,2025_03.csv,113.500494,1.288308,113.379236,1.368009,113.602953,1.317727,113.566805,1.199645,,,,,,,,,,
2025-04-01,2025_04.csv,113.495154,1.191832,113.379236,1.318032,113.575472,1.255290,113.566805,1.043703,119.423105,1.140678,113.141465,0.895649,118.605540,0.733507,119.026947,0.940582,121.046045,1.491737
2025-04-02,2025_04.csv,114.391584,1.990123,114.621209,2.427220,114.726584,2.281211,114.018142,1.443734,,,,,,,,,,
2025-04-03,2025_04.csv,114.586301,2.163730,114.907301,2.682876,114.941730,2.473018,114.117142,1.531817,,,,,,,,,,
2025-04-04,2025_04.csv,114.693888,2.259654,115.037736,2.799435,115.145248,2.654459,114.158243,1.568384,,,,,,,,,,
2025-04-05,2025_04.csv,114.841380,2.390957,115.103211,2.857944,115.228220,2.727408,114.413286,1.795300,,,,,,,,,,
2025-04-06,2025_04.csv,114.917251,2.278211,114.995587,2.546012,115.146226,2.438085,114.736115,1.951818,,,,,,,,,,
2025-04-07,2025_04.csv,114.983438,2.280711,115.000324,2.530882,115.169230,2.446563,114.880466,1.968369,,,,,,,,,,
2025-04-08,2025_04.csv,114.890103,2.167584,114.835165,2.332595,115.021211,2.267058,114.880466,1.966111,,,,,,,,,,
2025-04-09,2025_04.csv,114.969661,2.295044,114.881214,2.494168,115.063600,2.386070,115.009030,2.065775,,,,,,,,,,
2025-04-10,2025_04.csv,114.980349,2.172299,114.883660,2.297429,115.066637,2.124319,115.031073,2.077214,,,,,,,,,,
2025-04-11,2025_04.csv,115.015712,2.192005,114.901479,2.259998,115.078455,2.123005,115.094008,2.160412,,,,,,,,,,
2025-04-12,2025_04.csv,115.202000,2.325566,115.222022,2.505286,115.347767,2.326893,115.114827,2.155933,,,,,,,,,,
2025-04-13,2025_04.csv,115.368093,2.459915,115.390158,2.651302,115.480064,2.431916,115.294827,2.293087,,,,,,,,,,
2025-04-14,2025_04.csv,115.369522,2.450120,115.392297,2.630330,115.483119,2.398682,115.294827,2.304740,,,,,,,,,,
2025-04-15,2025_04.csv,115.371863,2.491276,115.394577,2.605672,115.483119,2.522697,115.298321,2.368864,,,,,,,,,,
2025-04-16,2025_04.csv,115.589151,2.690036,115.494357,2.708138,115.569998,2.595700,115.687493,2.717205,,,,,,,,,,
2025-04-17,2025_04.csv,115.908513,2.973183,115.821679,2.997746,115.893862,2.883207,115.997241,2.992226,,,,,,,,,,
2025-04-18,2025_04.csv,116.130063,3.137174,116.122566,3.236117,116.141741,3.071840,116.131659,3.074663,,,,,,,,,,
2025-04-19,2025_04.csv,116.089921,3.081339,116.145416,3.232923,116.245685,3.110142,115.964620,2.925133,,,,,,,,,,
2025-04-20,2025_04.csv,116.089921,3.033470,116.145416,3.163308,116.245685,3.091806,115.964620,2.883861,,,,,,,,,,
2025-04-21,2025_04.csv,116.127667,3.050135,116.149988,3.164293,116.246090,3.103870,116.051137,2.917503,,,,,,,,,,
2025-04-22,2025_04.csv,116.154739,3.037597,116.183941,3.156319,116.284723,3.105487,116.066306,2.894039,,,,,,,,,,
2025-04-23,2025_04.csv,116.223220,3.076639,116.294664,3.242925,116.300805,3.120273,116.119513,2.899725,,,,,,,,,,
2025-04-24,2025_04.csv,116.256254,3.111695,116.317710,3.273129,116.349069,3.173147,116.154827,2.931020,,,,,,,,,,
2025-04-25,2025_04.csv,116.285455,3.111213,116.341447,3.289331,116.356729,3.145209,116.199273,2.927757,,,,,,,,,,
2025-04-26,2025_04.csv,116.329971,3.092151,116.355237,3.305061,116.477945,3.302370,116.236820,2.794002,,,,,,,,,,
2025-04-27,2025_04.csv,116.416698,3.039961,116.405479,3.186855,116.539921,3.209501,116.369540,2.822667,,,,,,,,,,
2025-04-28,2025_04.csv,116.434642,2.877370,116.438254,3.038336,116.554749,2.995367,116.374962,2.670880,,,,,,,,,,
2025-04-29,2025_04.csv,116.434642,2.751345,116.438254,2.945747,116.554749,2.892945,116.374962,2.502566,,,,,,,,,,
2025-04-30,2025_04.csv,116.686168,2.806749,116.749405,2.972475,116.832798,2.843099,116.557848,2.633730,,,,,,,,,,
2025-05-01,2025_05.csv,117.119117,3.193055,117.372110,3.521698,117.437749,3.400626,116.731314,2.786474,126.130590,5.616572,117.271053,3.649933,125.649337,5.938843,126.693428,6.440963,127.550717,5.373718
2025-05-02,2025_05.csv,118.327086,3.440378,118.943264,3.770728,119.041696,3.761214,117.411357,2.976031,,,,,,,,,,
2025-05-03,2025_05.csv,118.327086,3.264601,118.943264,3.512364,119.041696,3.566995,117.411357,2.886696,,,,,,,,,,
2025-05-04,2025_05.csv,119.023882,3.775261,119.926683,4.249864,119.590639,3.860681,117.907213,3.284012,,,,,,,,,,
2025-05-05,2025_05.csv,119.064633,3.677466,119.927380,4.191168,119.595956,3.790509,118.002325,3.136908,,,,,,,,,,
2025-05-06,2025_05.csv,119.064633,3.609016,119.927380,4.288681,119.595956,3.864417,118.002325,2.846715,,,,,,,,,,
2025-05-07,2025_05.csv,119.418053,3.856743,120.410266,4.704284,120.393859,4.536480,118.025434,2.737600,,,,,,,,,,
2025-05-08,2025_05.csv,120.372814,4.772135,121.696579,5.975012,121.485298,5.619909,118.603581,3.240860,,,,,,,,,,
2025-05-09,2025_05.csv,120.910239,5.167083,121.886501,6.097853,121.672446,5.743646,119.632736,4.020298,,,,,,,,,,
2025-05-10,2025_05.csv,120.921653,5.167234,121.671407,5.908366,121.574042,5.655336,119.909146,4.240656,,,,,,,,,,
2025-05-11,2025_05.csv,121.104283,5.293686,121.580696,5.812995,121.664738,5.723298,120.392545,4.603660,,,,,,,,,,
2025-05-12,2025_05.csv,121.211292,5.216308,121.666584,5.593169,121.721717,5.525855,120.542906,4.715360,,,,,,,,,,
2025-05-13,2025_05.csv,121.208946,5.062798,121.666584,5.439308,121.721717,5.404962,120.537250,4.546971,,,,,,,,,,
2025-05-14,2025_05.csv,121.739574,5.521434,122.126912,5.836278,122.238683,5.849828,121.140556,5.070244,,,,,,,,,,
2025-05-15,2025_05.csv,121.963041,5.712985,122.116383,5.825062,122.258307,5.866821,121.680132,5.535043,,,,,,,,,,
2025-05-16,2025_05.csv,122.238597,5.752655,122.256828,5.855240,122.388582,5.899960,122.151134,5.587157,,,,,,,,,,
2025-05-17,2025_05.csv,122.327512,5.537988,122.278803,5.575056,122.436156,5.645073,122.322529,5.452964,,,,,,,,,,
2025-05-18,2025_05.csv,123.219190,6.104471,123.040446,5.957394,123.181706,6.061529,123.405264,6.263240,,,,,,,,,,
2025-05-19,2025_05.csv,123.390961,6.289125,123.198766,6.072862,123.445398,6.193531,123.546648,6.538225,,,,,,,,,,
2025-05-20,2025_05.csv,123.390961,6.289125,123.198766,6.072862,123.445398,6.193531,123.546648,6.538225,,,,,,,,,,
2025-05-21,2025_05.csv,123.930128,6.718865,123.868166,6.645009,124.000566,6.670741,123.955540,6.811138,,,,,,,,,,
2025-05-22,2025_05.csv,124.381165,7.082299,124.471759,7.133359,124.755725,7.284707,124.120260,6.939098,,,,,,,,,,
2025-05-23,2025_05.csv,124.806347,7.385036,124.719599,7.244472,125.019550,7.496720,124.788233,7.465343,,,,,,,,,,
2025-05-24,2025_05.csv,125.032777,7.549292,124.893818,7.373003,125.236781,7.638834,125.068198,7.673698,,,,,,,,,,
2025-05-25,2025_05.csv,125.220506,7.683722,125.005670,7.447237,125.332032,7.713609,125.370790,7.892921,,,,,,,,,,
2025-05-26,2025_05.csv,125.493348,7.877056,125.212598,7.612344,125.554331,7.792364,125.729453,8.166632,,,,,,,,,,
2025-05-27,2025_05.csv,125.501295,7.803517,125.218726,7.571162,125.582900,7.759554,125.729453,8.043267,,,,,,,,,,
2025-05-28,2025_05.csv,125.985630,8.202875,125.480129,7.765382,125.946103,8.057462,126.480713,8.683785,,,,,,,,,,
2025-05-29,2025_05.csv,126.219724,8.403927,125.690586,7.946127,126.625411,8.640285,126.528491,8.724840,,,,,,,,,,
2025-05-30,2025_05.csv,127.187574,8.999701,127.282326,9.021820,127.786503,9.375540,126.817622,8.802301,,,,,,,,,,
2025-05-31,2025_05.csv,127.340975,8.727745,127.450781,8.586939,127.810364,8.832437,127.017528,8.811871,,,,,,,,,,
2025-06-01,2025_06.csv,128.938059,8.967492,128.517738,8.049614,129.435967,8.731622,129.101028,9.956167,136.431013,8.166475,123.377372,5.207013,138.171143,9.965676,138.458522,9.286270,133.716530,4.834008
2025-06-02,2025_06.csv,129.112147,9.114617,128.946692,8.410252,129.447316,8.741156,129.111090,9.964737,,,,,,,,,,
2025-06-03,2025_06.csv,129.985697,9.209761,129.974299,8.378132,130.752249,9.333181,129.637282,9.948559,,,,,,,,,,
2025-06-04,Forward Fill,129.985697,9.172384,129.974299,8.377501,130.752249,9.328320,129.637282,9.859939,,,,,,,,,,
2025-06-05,Forward Fill,129.985697,9.172384,129.974299,8.377501,130.752249,9.328320,129.637282,9.859939,,,,,,,,,,
2025-06-06,Forward Fill,129.985697,8.849285,129.974299,7.942871,130.752249,8.603753,129.637282,9.838428,,,,,,,,,,
2025-06-07,Forward Fill,129.985697,7.985926,129.974299,6.801933,130.752249,7.628043,129.637282,9.303008,,,,,,,,,,
2025-06-08,Forward Fill,129.985697,7.505947,129.974299,6.635515,130.752249,7.462498,129.637282,8.362716,,,,,,,,,,
2025-06-09,Forward Fill,129.985697,7.495800,129.974299,6.824028,130.752249,7.549479,129.637282,8.112923,,,,,,,,,,
2025-06-10,Forward Fill,129.985697,7.333691,129.974299,6.903729,130.752249,7.469306,129.637282,7.678828,,,,,,,,,,
2025-06-11,2025_06.csv,131.615634,8.583641,130.813259,7.517820,131.731502,8.223499,132.317788,9.768208,,,,,,,,,,
2025-06-12,2025_06.csv,131.615634,8.585743,130.813259,7.517820,131.731502,8.223499,132.317788,9.773359,,,,,,,,,,
2025-06-13,2025_06.csv,131.865235,8.317477,131.147591,7.386316,131.976971,7.966617,132.489445,9.368365,,,,,,,,,,
2025-06-14,2025_06.csv,131.896679,8.144794,131.184835,7.426074,131.999706,7.967883,132.519501,8.908084,,,,,,,,,,
2025-06-15,2025_06.csv,132.146575,8.105442,131.271365,7.373442,132.210807,8.025443,132.941589,8.833691,,,,,,,,,,
2025-06-16,2025_06.csv,132.182021,8.055840,131.310649,7.386273,132.287870,8.046410,132.953917,8.691275,,,,,,,,,,
2025-06-17,2025_06.csv,132.186357,7.277411,131.317469,6.727075,132.291839,7.395686,132.956082,7.739393,,,,,,,,,,
2025-06-18,2025_06.csv,132.371830,7.278384,131.501343,6.739172,132.557478,7.381466,133.105502,7.737040,,,,,,,,,,
2025-06-19,2025_06.csv,132.552020,7.424416,131.696426,6.897520,132.823776,7.597187,133.231306,7.838867,,,,,,,,,,
2025-06-20,2025_06.csv,132.755207,7.121012,132.003000,6.567333,133.074856,7.317943,133.314586,7.550325,,,,,,,,,,
2025-06-21,2025_06.csv,132.756937,6.733955,132.003000,6.050562,133.079944,6.672415,133.316371,7.409033,,,,,,,,,,
2025-06-22,2025_06.csv,132.845379,6.441205,132.115115,5.929714,133.200164,6.543468,133.367607,6.875146,,,,,,,,,,
2025-06-23,2025_06.csv,132.850020,6.252155,132.123018,5.788277,133.200164,6.358661,133.371349,6.638899,,,,,,,,,,
2025-06-24,2025_06.csv,132.846214,6.089823,132.119998,5.691204,133.201718,6.279070,133.364288,6.375886,,,,,,,,,,
2025-06-25,2025_06.csv,133.275163,6.200978,132.857621,6.105634,133.786524,6.556678,133.429209,6.124068,,,,,,,,,,
2025-06-26,2025_06.csv,133.387838,6.284033,132.944943,6.170177,133.879945,6.606827,133.574806,6.239869,,,,,,,,,,
2025-06-27,2025_06.csv,133.813485,6.213292,133.630051,6.494990,134.328902,6.655863,133.744924,5.743335,,,,,,,,,,
2025-06-28,2025_06.csv,133.874261,6.064454,133.654434,6.336073,134.409413,6.147267,133.830763,5.771248,,,,,,,,,,
2025-06-29,2025_06.csv,134.077970,5.417508,133.701282,5.043085,134.474504,5.233730,134.247302,5.858555,,,,,,,,,,
2025-06-30,2025_06.csv,134.102098,5.309463,133.707179,4.908874,134.568985,5.288007,134.255654,5.698525,,,,,,,,,,
2025-07-01,2025_07.csv,135.132254,4.804009,134.499623,4.654521,135.709736,4.847006,135.458096,4.924104,137.892123,1.070951,124.856645,1.198983,137.583051,-0.425626,138.479715,0.015306,136.787945,2.296960
2025-07-02,2025_07.csv,135.390239,4.862510,135.058352,4.739680,135.784086,4.895250,135.518593,4.962783,,,,,,,,,,
2025-07-03,2025_07.csv,135.951476,4.589565,135.962281,4.607051,136.813705,4.635833,135.537299,4.551172,,,,,,,,,,
2025-07-04,2025_07.csv,135.974157,4.607015,135.982775,4.622819,136.889197,4.693570,135.537299,4.551172,,,,,,,,,,
2025-07-05,2025_07.csv,135.974894,4.607581,135.986377,4.625591,136.892014,4.695724,135.534359,4.548905,,,,,,,,,,
2025-07-06,2025_07.csv,136.287225,4.847863,135.997387,4.634061,136.877855,4.684895,136.283738,5.126963,,,,,,,,,,
2025-07-07,2025_07.csv,136.289819,4.849858,135.989831,4.628248,136.903628,4.704607,136.285040,5.127967,,,,,,,,,,
2025-07-08,2025_07.csv,136.595796,5.085250,136.250382,4.828711,137.116218,4.867196,136.677597,5.430779,,,,,,,,,,
2025-07-09,2025_07.csv,136.615992,5.100788,136.263831,4.839059,137.117063,4.867842,136.713221,5.458259,,,,,,,,,,
2025-07-10,2025_07.csv,136.659286,5.134095,136.321553,4.883469,137.174560,4.911817,136.736259,5.476030,,,,,,,,,,
2025-07-11,2025_07.csv,136.895217,4.011365,136.355191,4.236521,137.476411,4.361075,137.132018,3.638384,,,,,,,,,,
2025-07-12,2025_07.csv,137.054714,4.132549,136.713234,4.510227,137.501728,4.380293,137.167201,3.664975,,,,,,,,,,
2025-07-13,2025_07.csv,137.079712,3.954399,136.766777,4.284627,137.589072,4.252334,137.136077,3.507172,,,,,,,,,,
2025-07-14,2025_07.csv,137.089004,3.936661,136.781853,4.266513,137.597682,4.240901,137.140236,3.486835,,,,,,,,,,
2025-07-15,2025_07.csv,137.073289,3.728219,136.795502,4.208182,137.416286,3.937257,137.174466,3.184013,,,,,,,,,,
2025-07-16,2025_07.csv,137.089678,3.712802,136.727662,4.125341,137.574419,3.996246,137.203850,3.196546,,,,,,,,,,
2025-07-17,2025_07.csv,137.132782,3.742009,136.903254,4.253650,137.576580,3.994760,137.141232,3.147769,,,,,,,,,,
2025-07-18,2025_07.csv,136.968258,3.472361,136.904419,4.108761,137.622353,3.820889,136.721971,2.716995,,,,,,,,,,
2025-07-19,2025_07.csv,137.030081,3.378343,136.917043,3.964129,137.752694,3.710871,136.798075,2.677126,,,,,,,,,,
2025-07-20,2025_07.csv,137.101710,3.274073,137.042046,3.817372,137.736544,3.503057,136.860513,2.659819,,,,,,,,,,
2025-07-21,2025_07.csv,137.119062,3.285799,137.065300,3.834988,137.779056,3.531044,136.860513,2.658444,,,,,,,,,,
2025-07-22,2025_07.csv,137.244415,3.311396,137.092795,3.767684,137.840266,3.483555,137.108173,2.804704,,,,,,,,,,
2025-07-23,2025_07.csv,137.303631,3.352360,137.183173,3.829881,137.897822,3.526766,137.138790,2.824776,,,,,,,,,,
2025-07-24,2025_07.csv,137.323520,3.370293,137.162895,3.816906,137.944045,3.560260,137.184209,2.864275,,,,,,,,,,
2025-07-25,2025_07.csv,137.355697,3.061736,137.200464,3.268795,137.984839,3.138070,137.207263,2.831504,,,,,,,,,,
2025-07-26,2025_07.csv,137.378805,2.992002,137.220381,3.215946,138.111228,3.160505,137.184988,2.702742,,,,,,,,,,
2025-07-27,2025_07.csv,137.430504,2.703030,137.339217,2.775697,138.121874,2.823645,137.192629,2.577821,,,,,,,,,,
2025-07-28,2025_07.csv,137.431018,2.656789,137.339217,2.756948,138.122188,2.762288,137.193721,2.512844,,,,,,,,,,
2025-07-29,2025_07.csv,137.487376,2.542853,137.419374,2.780895,138.290699,2.837858,137.175094,2.180894,,,,,,,,,,
2025-07-30,2025_07.csv,137.565740,2.582840,137.532419,2.860908,138.364447,2.820458,137.222927,2.210167,,,,,,,,,,
2025-07-31,2025_07.csv,137.655894,1.867534,137.632992,2.329648,138.444147,2.014897,137.308157,1.365781,,,,,,,,,,
2025-08-01,2025_08.csv,137.773950,1.760623,137.653900,1.921798,138.361926,1.898485,137.611636,1.544469,139.453689,1.132455,126.114475,1.007419,139.502756,1.395306,139.369307,0.642399,138.590470,1.317751
2025-08-02,2025_08.csv,137.851428,1.397522,137.653900,1.244183,138.753026,1.417491,137.615212,1.533094,,,,,,,,,,
2025-08-03,2025_08.csv,137.679604,1.254243,137.458840,1.085479,138.246092,0.991236,137.622308,1.538329,,,,,,,,,,
2025-08-04,2025_08.csv,137.679604,1.253695,137.458840,1.082801,138.246092,0.989157,137.622308,1.540531,,,,,,,,,,
2025-08-05,2025_08.csv,137.721128,1.052118,137.517287,1.117595,138.313698,1.048996,137.635657,0.991988,,,,,,,,,,
2025-08-06,2025_08.csv,137.698738,1.033766,137.479505,1.095430,138.291612,1.013840,137.627635,0.985137,,,,,,,,,,
2025-08-07,2025_08.csv,137.698738,0.807449,137.479505,0.902106,138.291612,0.857224,137.627635,0.695094,,,,,,,,,,
2025-08-08,2025_08.csv,137.700147,0.793578,137.479505,0.892147,138.291612,0.856603,137.631033,0.671341,,,,,,,,,,
2025-08-09,2025_08.csv,137.715008,0.772521,137.479505,0.849427,138.291612,0.814329,137.666867,0.680586,,,,,,,,,,
2025-08-10,2025_08.csv,137.721559,0.603630,137.474187,0.820648,138.256127,0.567164,137.704302,0.417324,,,,,,,,,,
2025-08-11,2025_08.csv,137.730675,0.493205,137.490147,0.568279,138.270930,0.559413,137.704302,0.391566,,,,,,,,,,
2025-08-12,2025_08.csv,137.729186,0.473793,137.486338,0.526123,138.270930,0.495576,137.704302,0.414351,,,,,,,,,,
2025-08-13,2025_08.csv,137.823642,0.535883,137.640772,0.627949,138.465908,0.630989,137.695114,0.404606,,,,,,,,,,
2025-08-14,2025_08.csv,137.543930,0.343350,137.361879,0.414032,138.320480,0.657996,137.351714,0.129213,,,,,,,,,,
2025-08-15,2025_08.csv,137.492340,0.293721,137.419941,0.506319,138.404844,0.603619,137.133048,-0.051604,,,,,,,,,,
2025-08-16,2025_08.csv,137.605140,0.344453,137.561055,0.480486,138.550150,0.707656,137.203924,0.045713,,,,,,,,,,
2025-08-17,2025_08.csv,137.538921,0.416639,137.462577,0.407699,138.402138,0.566612,137.206442,0.354348,,,,,,,,,,
2025-08-18,2025_08.csv,137.532843,0.366899,137.453854,0.392070,138.390306,0.462867,137.205554,0.297869,,,,,,,,,,
2025-08-19,2025_08.csv,137.553495,0.329525,137.466477,0.309708,138.375770,0.464093,137.250262,0.284778,,,,,,,,,,
2025-08-20,2025_08.csv,137.658791,0.393620,137.565576,0.364991,138.505413,0.527190,137.349992,0.357648,,,,,,,,,,
2025-08-21,2025_08.csv,137.713840,0.342036,137.573923,0.350950,138.531781,0.501679,137.462509,0.258435,,,,,,,,,,
2025-08-22,2025_08.csv,137.721179,0.304105,137.631814,0.327038,138.563807,0.482956,137.410621,0.198216,,,,,,,,,,
2025-08-23,2025_08.csv,137.956512,0.460950,137.930292,0.559478,138.877274,0.676527,137.549817,0.266509,,,,,,,,,,
2025-08-24,2025_08.csv,137.956512,0.437416,137.930292,0.531942,138.877274,0.646763,137.549817,0.249661,,,,,,,,,,
2025-08-25,2025_08.csv,138.000006,0.452181,137.977843,0.552004,138.935026,0.596475,137.582804,0.289985,,,,,,,,,,
2025-08-26,2025_08.csv,138.014026,0.424594,137.985171,0.470335,138.951176,0.600413,137.602135,0.298490,,,,,,,,,,
2025-08-27,2025_08.csv,138.043888,0.445948,137.996852,0.478840,138.983631,0.623681,137.647923,0.331066,,,,,,,,,,
2025-08-28,2025_08.csv,138.097802,0.443987,138.068335,0.472249,139.072059,0.565013,137.669102,0.360130,,,,,,,,,,
2025-08-29,2025_08.csv,138.099632,0.388099,138.053656,0.378992,139.020473,0.474129,137.711525,0.356061,,,,,,,,,,
2025-08-30,2025_08.csv,138.265258,0.442672,138.369838,0.535371,139.322381,0.634360,137.671359,0.264516,,,,,,,,,,
2025-08-31,2025_08.csv,138.265258,0.356605,138.369838,0.520100,139.322381,0.694161,137.671359,0.043400,,,,,,,,,,
2025-09-01,2025_09.csv,138.365764,0.373109,138.492708,0.609360,139.400259,0.466464,137.761384,0.106218,139.607880,0.110568,126.368700,0.201583,139.590715,0.063052,138.821577,-0.393006,138.881621,0.210081
2025-09-02,2025_09.csv,138.368198,0.500142,138.496799,0.755105,139.404551,0.837969,137.761384,0.101056,,,,,,,,,,
2025-09-03,2025_09.csv,138.440998,0.553019,138.559316,0.800586,139.417361,0.847235,137.871986,0.181423,,,,,,,,,,
2025-09-04,2025_09.csv,138.311450,0.428636,138.415242,0.652977,139.349551,0.748916,137.727206,0.066516,,,,,,,,,,
2025-09-05,2025_09.csv,138.308990,0.443179,138.395848,0.666531,139.349551,0.765006,137.739557,0.081323,,,,,,,,,,
2025-09-06,2025_09.csv,138.174327,0.345384,138.155267,0.491537,139.165238,0.631728,137.728014,0.072935,,,,,,,,,,
2025-09-07,2025_09.csv,138.217544,0.375742,138.228593,0.544873,139.327177,0.748828,137.687218,0.040823,,,,,,,,,,
2025-09-08,2025_09.csv,138.245981,0.385559,138.271902,0.576375,139.345176,0.761843,137.706525,0.028808,,,,,,,,,,
2025-09-09,2025_09.csv,138.249011,0.382984,138.274869,0.582423,139.350383,0.791470,137.708594,0.003117,,,,,,,,,,
2025-09-10,2025_09.csv,138.103221,0.270489,138.194408,0.512227,139.285089,0.733458,137.463498,-0.174870,,,,,,,,,,
2025-09-11,2025_09.csv,137.657274,-0.052213,137.460476,-0.018811,138.612818,0.247259,137.395093,-0.224545,,,,,,,,,,
2025-09-12,2025_09.csv,137.657274,-0.120711,137.460476,-0.130991,138.612818,0.106098,137.395093,-0.217888,,,,,,,,,,
2025-09-13,2025_09.csv,137.645672,0.073970,137.438833,0.056023,138.564602,0.176490,137.410113,0.042518,,,,,,,,,,
2025-09-14,2025_09.csv,137.617434,0.090983,137.435494,0.011318,138.555734,0.109021,137.349326,0.157714,,,,,,,,,,
2025-09-15,2025_09.csv,137.619672,0.010561,137.422303,-0.100866,138.546113,-0.002914,137.371666,0.122257,,,,,,,,,,
2025-09-16,2025_09.csv,137.619672,0.058711,137.422303,-0.029298,138.546113,0.104027,137.371666,0.120420,,,,,,,,,,
2025-09-17,2025_09.csv,137.552762,0.014483,137.475099,0.015457,138.585110,0.140764,137.142282,-0.046115,,,,,,,,,,
2025-09-18,2025_09.csv,137.512476,-0.029820,137.416198,-0.036575,138.521514,0.105325,137.130467,-0.087282,,,,,,,,,,
2025-09-19,2025_09.csv,137.358294,-0.218291,137.209887,-0.258560,138.341331,-0.118466,137.037611,-0.227435,,,,,,,,,,
2025-09-20,2025_09.csv,137.364732,-0.253503,137.204509,-0.268520,138.367144,-0.118844,137.046111,-0.302917,,,,,,,,,,
2025-09-21,2025_09.csv,137.335851,-0.279788,137.144280,-0.354231,138.340334,-0.161278,137.045813,-0.265487,,,,,,,,,,
2025-09-22,2025_09.csv,137.313404,-0.466168,137.133784,-0.577471,138.320866,-0.400648,137.010702,-0.391941,,,,,,,,,,
2025-09-23,2025_09.csv,137.313050,-0.466424,137.132879,-0.578127,138.320866,-0.400648,137.010702,-0.391941,,,,,,,,,,
2025-09-24,2025_09.csv,137.264207,-0.533188,137.031960,-0.685532,138.255530,-0.489075,137.018682,-0.410024,,,,,,,,,,
2025-09-25,2025_09.csv,137.262630,-0.544434,137.024319,-0.696344,138.247841,-0.506174,137.025686,-0.418924,,,,,,,,,,
2025-09-26,2025_09.csv,137.212231,-0.602459,136.960038,-0.751332,138.249822,-0.527982,136.963833,-0.496986,,,,,,,,,,
2025-09-27,2025_09.csv,137.248708,-0.614850,136.945831,-0.813006,138.233134,-0.603231,137.073002,-0.432995,,,,,,,,,,
2025-09-28,2025_09.csv,137.248708,-0.616167,136.945831,-0.802459,138.233134,-0.566348,137.073002,-0.463667,,,,,,,,,,
2025-09-29,2025_09.csv,137.283739,-0.709881,137.008498,-0.983842,138.282343,-0.746497,137.075336,-0.432932,,,,,,,,,,
2025-09-30,2025_09.csv,137.344653,-0.665826,137.106072,-0.913325,138.374291,-0.680501,137.087147,-0.424352,,,,,,,,,,
2025-10-01,2025_10.csv,137.344653,-0.737980,137.106072,-1.001234,138.374291,-0.735987,137.087147,-0.489423,141.113765,1.078653,127.319371,0.752299,140.377915,0.563934,140.377135,1.120545,141.040946,1.554795
2025-10-02,2025_10.csv,137.862695,-0.365331,137.814875,-0.492375,139.061177,-0.246315,137.346239,-0.301351,,,,,,,,,,
2025-10-03,2025_10.csv,137.791233,-0.469344,137.728894,-0.599326,138.877006,-0.387581,137.341273,-0.384931,,,,,,,,,,
2025-10-04,2025_10.csv,137.711749,-0.433588,137.711758,-0.508242,138.848933,-0.359253,137.178923,-0.398094,,,,,,,,,,
2025-10-05,2025_10.csv,137.704744,-0.436881,137.695587,-0.505984,138.854583,-0.355199,137.174629,-0.410142,,,,,,,,,,
2025-10-06,2025_10.csv,137.666584,-0.367466,137.701528,-0.328427,138.845053,-0.230076,137.081478,-0.469429,,,,,,,,,,
2025-10-07,2025_10.csv,137.648952,-0.411375,137.708503,-0.376254,138.870184,-0.328000,137.020611,-0.484145,,,,,,,,,,
2025-10-08,2025_10.csv,137.669153,-0.417248,137.769490,-0.363351,138.847405,-0.357222,137.022500,-0.496727,,,,,,,,,,
2025-10-09,2025_10.csv,137.690334,-0.404109,137.779388,-0.358330,138.841677,-0.365055,137.066925,-0.465962,,,,,,,,,,
2025-10-10,2025_10.csv,137.436643,-0.482666,137.464700,-0.528030,138.510170,-0.556355,136.907199,-0.404689,,,,,,,,,,
2025-10-11,2025_10.csv,137.146138,-0.371310,137.039828,-0.306014,138.132003,-0.346876,136.784443,-0.444448,,,,,,,,,,
2025-10-12,2025_10.csv,137.128354,-0.384229,137.034634,-0.309792,138.110702,-0.362243,136.756438,-0.464831,,,,,,,,,,
2025-10-13,2025_10.csv,137.049294,-0.433271,136.922874,-0.375410,137.961572,-0.435198,136.741037,-0.486919,,,,,,,,,,
2025-10-14,2025_10.csv,137.049488,-0.412699,136.922874,-0.372989,137.962570,-0.428105,136.741037,-0.442877,,,,,,,,,,
2025-10-15,2025_10.csv,137.096298,-0.380304,136.953817,-0.340909,138.005039,-0.390537,136.804839,-0.412623,,,,,,,,,,
2025-10-16,2025_10.csv,137.139563,-0.348866,137.019234,-0.293306,138.013767,-0.384237,136.843402,-0.384551,,,,,,,,,,
2025-10-17,2025_10.csv,137.090837,-0.335817,136.894617,-0.422245,137.979404,-0.437064,136.859493,-0.206201,,,,,,,,,,
2025-10-18,2025_10.csv,137.086393,-0.309851,136.877508,-0.392014,137.982701,-0.388974,136.863363,-0.194781,,,,,,,,,,
2025-10-19,2025_10.csv,137.068240,-0.211166,136.868683,-0.248673,138.031001,-0.224322,136.805281,-0.169537,,,,,,,,,,
2025-10-20,2025_10.csv,137.073504,-0.212011,136.873903,-0.240958,138.024773,-0.247437,136.815969,-0.167931,,,,,,,,,,
2025-10-21,2025_10.csv,137.071950,-0.192157,136.876844,-0.195004,137.977965,-0.261940,136.831381,-0.156467,,,,,,,,,,
2025-10-22,2025_10.csv,137.096205,-0.158177,136.909481,-0.163565,137.994363,-0.236047,136.851415,-0.116259,,,,,,,,,,
2025-10-23,2025_10.csv,137.097011,-0.157333,136.910677,-0.162034,137.994363,-0.236047,136.852231,-0.115664,,,,,,,,,,
2025-10-24,2025_10.csv,137.104169,-0.116591,136.908715,-0.089939,137.969531,-0.206863,136.882977,-0.099041,,,,,,,,,,
2025-10-25,2025_10.csv,137.055089,-0.151200,136.849946,-0.127257,137.833279,-0.299868,136.883875,-0.103492,,,,,,,,,,
2025-10-26,2025_10.csv,137.067565,-0.105432,136.858591,-0.074070,137.865955,-0.277662,136.890497,-0.053544,,,,,,,,,,
2025-10-27,2025_10.csv,137.070832,-0.129601,136.862356,-0.060955,137.865955,-0.265623,136.894826,-0.129987,,,,,,,,,,
2025-10-28,2025_10.csv,137.070832,-0.129601,136.862356,-0.060955,137.865955,-0.265623,136.894826,-0.129987,,,,,,,,,,
2025-10-29,2025_10.csv,137.095338,-0.137235,136.908917,-0.072683,137.903251,-0.274144,136.892546,-0.133350,,,,,,,,,,
2025-10-30,2025_10.csv,137.119338,-0.164050,136.921675,-0.134492,137.940068,-0.313803,136.921140,-0.121096,,,,,,,,,,
2025-10-31,2025_10.csv,137.129985,-0.156299,136.955316,-0.109956,137.957949,-0.300881,136.906719,-0.131616,,,,,,,,,,
2025-11-01,2025_11.csv,137.007480,-0.620338,136.730572,-0.786782,137.775845,-0.924292,136.908525,-0.318693,142.115865,0.710136,127.823706,0.396118,141.452896,0.765776,140.671127,0.209430,142.133311,0.774502
2025-11-02,2025_11.csv,137.536552,-0.184831,137.382661,-0.251387,138.529112,-0.250505,137.216577,-0.090793,,,,,,,,,,
2025-11-03,2025_11.csv,137.507762,-0.148126,137.330257,-0.277028,138.507892,-0.245620,137.206504,0.020106,,,,,,,,,,
2025-11-04,2025_11.csv,137.509005,-0.142144,137.331976,-0.264068,138.511846,-0.246832,137.206027,0.022889,,,,,,,,,,
2025-11-05,2025_11.csv,137.523594,-0.103867,137.326515,-0.272337,138.508547,-0.242361,137.247900,0.121403,,,,,,,,,,
2025-11-06,2025_11.csv,137.633218,-0.011431,137.477840,-0.167501,138.675312,-0.140327,137.291437,0.197653,,,,,,,,,,
2025-11-07,2025_11.csv,137.513446,-0.113102,137.458169,-0.225972,138.627682,-0.158248,137.043493,0.015321,,,,,,,,,,
2025-11-08,2025_11.csv,137.146088,-0.395268,136.992730,-0.570955,138.036787,-0.579718,136.873338,-0.141235,,,,,,,,,,
2025-11-09,2025_11.csv,137.115158,-0.233915,136.900806,-0.410210,138.052619,-0.330337,136.877999,-0.021329,,,,,,,,,,
2025-11-10,2025_11.csv,137.109712,-0.026560,136.883420,-0.114133,138.054844,-0.055858,136.880216,0.070018,,,,,,,,,,
2025-11-11,2025_11.csv,137.058012,-0.051296,136.887461,-0.107398,138.058742,-0.037622,136.749916,-0.004769,,,,,,,,,,
2025-11-12,2025_11.csv,136.964907,-0.061574,136.773904,-0.108798,137.956466,-0.003701,136.680388,-0.044353,,,,,,,,,,
2025-11-13,2025_11.csv,136.971305,-0.057048,136.787349,-0.098979,137.957379,-0.003763,136.682713,-0.042653,,,,,,,,,,
2025-11-14,2025_11.csv,136.955262,-0.102874,136.768098,-0.135607,137.919943,-0.061661,136.679718,-0.091459,,,,,,,,,,
2025-11-15,2025_11.csv,136.953684,-0.135540,136.786302,-0.170000,137.915848,-0.070949,136.660670,-0.133534,,,,,,,,,,
2025-11-16,2025_11.csv,136.956332,-0.098114,136.787642,-0.078145,137.915848,-0.046063,136.665793,-0.141532,,,,,,,,,,
2025-11-17,2025_11.csv,136.908362,-0.129867,136.693739,-0.134258,137.859508,-0.089282,136.665048,-0.144900,,,,,,,,,,
2025-11-18,2025_11.csv,136.909690,-0.115672,136.707035,-0.118104,137.864408,-0.120692,136.653419,-0.111006,,,,,,,,,,
2025-11-19,2025_11.csv,136.815204,-0.188439,136.645290,-0.167025,137.792375,-0.168374,136.517547,-0.218119,,,,,,,,,,
2025-11-20,2025_11.csv,136.693846,-0.275843,136.653322,-0.163301,137.667244,-0.225196,136.275973,-0.405907,,,,,,,,,,
2025-11-21,2025_11.csv,136.625131,-0.343609,136.478265,-0.314965,137.672235,-0.233436,136.272977,-0.422676,,,,,,,,,,
2025-11-22,2025_11.csv,136.612520,-0.353393,136.462194,-0.327573,137.633437,-0.261551,136.275899,-0.421135,,,,,,,,,,
2025-11-23,2025_11.csv,136.609455,-0.360831,136.450299,-0.334833,137.640787,-0.238273,136.276279,-0.443224,,,,,,,,,,
2025-11-24,2025_11.csv,136.550395,-0.368242,136.442834,-0.297488,137.631192,-0.146617,136.145400,-0.539490,,,,,,,,,,
2025-11-25,2025_11.csv,136.546433,-0.380201,136.438426,-0.307007,137.626938,-0.173369,136.141996,-0.546788,,,,,,,,,,
2025-11-26,2025_11.csv,136.274996,-0.580602,135.902899,-0.701038,137.284202,-0.421970,136.152939,-0.541939,,,,,,,,,,
2025-11-27,2025_11.csv,136.296919,-0.564608,135.894405,-0.707245,137.311341,-0.402285,136.201093,-0.506763,,,,,,,,,,
2025-11-28,2025_11.csv,136.265186,-0.605529,135.843068,-0.778510,137.307402,-0.432078,136.174819,-0.524299,,,,,,,,,,
2025-11-29,2025_11.csv,136.276045,-0.615007,135.842610,-0.788089,137.308684,-0.457723,136.200834,-0.526074,,,,,,,,,,
2025-11-30,2025_11.csv,136.283785,-0.617079,135.888646,-0.778846,137.345857,-0.443680,136.158679,-0.546387,,,,,,,,,,
2025-12-01,2025_12.csv,136.002994,-0.733161,135.461177,-0.928392,136.856709,-0.667124,136.113795,-0.580483,139.712645,-1.691029,128.577566,0.589765,140.977352,-0.336186,138.105625,-1.823758,137.225394,-3.453038
2025-12-02,2025_12.csv,136.089778,-1.051919,135.461177,-1.398636,136.853855,-1.209318,136.324393,-0.650201,,,,,,,,,,
2025-12-03,2025_12.csv,136.239998,-0.921958,135.757768,-1.145042,137.108421,-1.010391,136.287730,-0.669628,,,,,,,,,,
2025-12-04,2025_12.csv,136.506386,-0.729130,136.289236,-0.759285,137.469719,-0.752374,136.259743,-0.689681,,,,,,,,,,
2025-12-05,2025_12.csv,136.467946,-0.767612,136.396024,-0.677576,137.536882,-0.701520,136.034911,-0.883794,,,,,,,,,,
2025-12-06,2025_12.csv,136.427767,-0.875843,136.380839,-0.797947,137.529016,-0.826604,135.956027,-0.972682,,,,,,,,,,
2025-12-07,2025_12.csv,136.233164,-0.931023,136.191345,-0.921607,136.931237,-1.223742,135.945514,-0.801190,,,,,,,,,,
2025-12-08,2025_12.csv,136.095223,-0.766238,135.836274,-0.844173,136.936652,-0.796987,135.945104,-0.678171,,,,,,,,,,
2025-12-09,2025_12.csv,136.097082,-0.742497,135.840170,-0.774748,136.938381,-0.807111,135.945104,-0.681552,,,,,,,,,,
2025-12-10,2025_12.csv,135.906969,-0.877212,135.711065,-0.856462,136.800236,-0.908775,135.673125,-0.881860,,,,,,,,,,
2025-12-11,2025_12.csv,135.788773,-0.926060,135.699631,-0.867742,136.765976,-0.936388,135.414952,-0.976208,,,,,,,,,,
2025-12-12,2025_12.csv,135.729634,-0.901890,135.651051,-0.820956,136.724427,-0.893064,135.337618,-0.982416,,,,,,,,,,
2025-12-13,2025_12.csv,135.690549,-0.935054,135.622597,-0.851506,136.702582,-0.909554,135.280431,-1.025940,,,,,,,,,,
2025-12-14,2025_12.csv,135.686231,-0.926602,135.616956,-0.841675,136.704600,-0.881195,135.274393,-1.028189,,,,,,,,,,
2025-12-15,2025_12.csv,135.701004,-0.914674,135.634106,-0.842333,136.731579,-0.858689,135.281204,-1.009410,,,,,,,,,,
2025-12-16,2025_12.csv,135.684203,-0.928857,135.629493,-0.846676,136.724567,-0.863774,135.248328,-1.037176,,,,,,,,,,
2025-12-17,2025_12.csv,135.667096,-0.906640,135.622763,-0.783486,136.730904,-0.818662,135.210453,-1.064350,,,,,,,,,,
2025-12-18,2025_12.csv,135.358710,-1.132849,135.488592,-0.891280,136.568145,-0.940245,134.669592,-1.451721,,,,,,,,,,
2025-12-19,2025_12.csv,135.338183,-1.079574,135.454062,-0.871767,136.479447,-0.952831,134.694207,-1.335609,,,,,,,,,,
2025-12-20,2025_12.csv,135.286186,-1.029790,135.336259,-0.963799,136.481252,-0.861492,134.679041,-1.171836,,,,,,,,,,
2025-12-21,2025_12.csv,135.304103,-0.966899,135.344942,-0.830405,136.471712,-0.872016,134.718529,-1.140687,,,,,,,,,,
2025-12-22,Forward Fill,135.304103,-0.957758,135.344942,-0.818727,136.471712,-0.844072,134.718529,-1.142806,,,,,,,,,,
2025-12-23,2025_12.csv,135.304198,-0.955466,135.333433,-0.818515,136.470839,-0.850001,134.730016,-1.134653,,,,,,,,,,
2025-12-24,2025_12.csv,135.310266,-0.908184,135.350437,-0.800626,136.470839,-0.843089,134.728618,-1.040638,,,,,,,,,,
2025-12-25,2025_12.csv,135.318172,-0.899519,135.345332,-0.801163,136.472408,-0.838884,134.751760,-1.021166,,,,,,,,,,
2025-12-26,2025_12.csv,135.318895,-0.701597,135.343001,-0.411983,136.476943,-0.588020,134.753575,-1.027788,,,,,,,,,,
2025-12-27,2025_12.csv,135.327360,-0.711358,135.343001,-0.405759,136.478580,-0.606476,134.773221,-1.048356,,,,,,,,,,
2025-12-28,2025_12.csv,135.321866,-0.692268,135.342441,-0.368534,136.478580,-0.603625,134.760500,-1.038606,,,,,,,,,,
2025-12-29,2025_12.csv,135.309853,-0.708996,135.343503,-0.367415,136.392407,-0.667312,134.770907,-1.049867,,,,,,,,,,
2025-12-30,2025_12.csv,135.328368,-0.701049,135.352993,-0.394185,136.402892,-0.686563,134.801695,-0.996620,,,,,,,,,,
2025-12-31,2025_12.csv,135.275497,-0.534913,135.304195,-0.115887,136.400605,-0.333271,134.721280,-1.023052,,,,,,,,,,
2026-01-01,2026_01.csv,136.009807,-0.058763,136.395619,0.689823,137.621053,0.560596,134.891146,-1.051351,139.014454,-0.499733,130.259501,1.308110,141.644906,0.473519,137.234554,-0.630728,135.573937,-1.203463
2026-01-02,2026_01.csv,136.021141,-0.160641,136.403127,0.475375,137.621053,0.373888,134.911395,-1.009875,,,,,,,,,,
2026-01-03,2026_01.csv,136.009633,-0.363904,136.373695,0.061971,137.621053,0.110085,134.911395,-0.989542,,,,,,,,,,
2026-01-04,2026_01.csv,135.946632,-0.382005,136.375679,-0.014916,137.608471,0.052051,134.763504,-0.934619,,,,,,,,,,
2026-01-05,2026_01.csv,135.943529,-0.354941,136.373104,-0.005672,137.606068,0.056026,134.759576,-0.880028,,,,,,,,,,
2026-01-06,2026_01.csv,135.885042,-0.255534,136.397795,0.151589,137.543736,0.447304,134.624475,-0.971742,,,,,,,,,,
2026-01-07,2026_01.csv,135.844915,-0.183921,136.295160,0.337823,137.543736,0.443332,134.624475,-0.971443,,,,,,,,,,
2026-01-08,2026_01.csv,135.706376,-0.287079,136.187255,0.255510,137.335079,0.289691,134.489910,-1.070427,,,,,,,,,,
2026-01-09,2026_01.csv,135.687029,-0.161831,136.094762,0.282731,137.424182,0.456099,134.488708,-0.872993,,,,,,,,,,
2026-01-10,2026_01.csv,135.681260,-0.079177,136.115486,0.306453,137.424182,0.481264,134.455260,-0.708704,,,,,,,,,,
2026-01-11,Forward Fill,135.681260,-0.035640,136.115486,0.342375,137.424182,0.511800,134.455260,-0.651968,,,,,,,,,,
2026-01-12,2026_01.csv,135.263653,-0.314610,135.490959,-0.097062,136.776443,0.054030,134.340554,-0.694762,,,,,,,,,,
2026-01-13,2026_01.csv,135.279594,-0.299689,135.492188,-0.092000,136.768424,0.046688,134.381592,-0.659993,,,,,,,,,,
2026-01-14,2026_01.csv,135.423058,-0.204822,135.714317,0.059138,136.742192,0.007762,134.530402,-0.554993,,,,,,,,,,
2026-01-15,2026_01.csv,135.396442,-0.212081,135.698110,0.050591,136.749531,0.018259,134.478065,-0.569517,,,,,,,,,,
2026-01-16,2026_01.csv,135.383164,-0.209286,135.701313,0.057918,136.724010,-0.005042,134.454984,-0.558736,,,,,,,,,,
2026-01-17,2026_01.csv,135.375630,0.012500,135.698548,0.154962,136.697520,0.094733,134.451838,-0.161695,,,,,,,,,,
2026-01-18,2026_01.csv,135.293092,-0.033317,135.625557,0.126608,136.647114,0.122851,134.345243,-0.259079,,,,,,,,,,
2026-01-19,2026_01.csv,135.301845,0.011575,135.629026,0.216326,136.647114,0.121527,134.363079,-0.234604,,,,,,,,,,
2026-01-20,2026_01.csv,135.355942,0.038313,135.721887,0.278507,136.653953,0.133538,134.402773,-0.234382,,,,,,,,,,
2026-01-21,2026_01.csv,135.305777,0.001237,135.729229,0.283931,136.608926,0.100544,134.295986,-0.313649,,,,,,,,,,
2026-01-22,2026_01.csv,135.221223,-0.061325,135.639577,0.226215,136.554514,0.061313,134.202115,-0.391822,,,,,,,,,,
2026-01-23,2026_01.csv,135.210519,-0.073718,135.638929,0.213144,136.569048,0.071963,134.170106,-0.414546,,,,,,,,,,
2026-01-24,2026_01.csv,135.206404,-0.082597,135.628817,0.209453,136.571862,0.072875,134.168397,-0.432917,,,,,,,,,,
2026-01-25,2026_01.csv,135.203522,-0.085260,135.634681,0.215512,136.545233,0.050038,134.168397,-0.434258,,,,,,,,,,
2026-01-26,2026_01.csv,135.199950,-0.094150,135.628211,0.210731,136.538459,0.043874,134.169058,-0.448281,,,,,,,,,,
2026-01-27,2026_01.csv,135.199950,-0.090093,135.628211,0.211146,136.538459,0.043874,134.169058,-0.438884,,,,,,,,,,
2026-01-28,2026_01.csv,135.059793,-0.184806,135.561048,0.160736,136.342138,-0.036857,133.986399,-0.582105,,,,,,,,,,
2026-01-29,2026_01.csv,134.839568,-0.361196,135.217541,-0.100073,135.949062,-0.332713,133.963389,-0.621881,,,,,,,,,,
2026-01-30,2026_01.csv,134.840466,-0.321589,135.212626,-0.067677,135.958392,-0.324202,133.965815,-0.560761,,,,,,,,,,
2026-01-31,2026_01.csv,134.745327,-0.929698,135.278705,-0.818878,135.955978,-1.209898,133.675240,-0.901398,,,,,,,,,,
2026-02-01,2026_02.csv,135.222585,-0.587082,135.902133,-0.367289,136.556345,-0.773651,133.957016,-0.707412,137.181984,-1.318187,129.452259,-0.619719,138.718821,-2.065790,135.833275,-1.021083,134.031088,-1.138013
2026-02-02,2026_02.csv,135.220964,-0.579862,135.887159,-0.356766,136.545984,-0.781180,133.972079,-0.696247,,,,,,,,,,
2026-02-03,2026_02.csv,135.228461,-0.528274,135.904267,-0.345672,136.581659,-0.746184,133.957311,-0.598228,,,,,,,,,,
2026-02-04,2026_02.csv,135.182297,-0.559962,135.848465,-0.384708,136.516578,-0.791746,133.929097,-0.616267,,,,,,,,,,
2026-02-05,2026_02.csv,135.166064,-0.529108,135.845857,-0.404653,136.523388,-0.741835,133.889222,-0.546151,,,,,,,,,,
2026-02-06,2026_02.csv,134.911899,-0.686824,135.481720,-0.596823,136.150148,-1.013196,133.794526,-0.616492,,,,,,,,,,
2026-02-07,2026_02.csv,134.600571,-0.814851,135.078885,-0.813857,135.789802,-1.125187,133.592434,-0.667319,,,,,,,,,,
2026-02-08,2026_02.csv,134.547148,-0.840081,135.070647,-0.752501,135.733243,-1.230452,133.497881,-0.736737,,,,,,,,,,
2026-02-09,2026_02.csv,134.544926,-0.837503,135.065882,-0.771113,135.730886,-1.232167,133.498120,-0.711865,,,,,,,,,,
2026-02-10,2026_02.csv,134.487802,-0.879604,135.042672,-0.788165,135.716906,-1.242340,133.388809,-0.793165,,,,,,,,,,
2026-02-11,2026_02.csv,134.469206,-0.587332,134.984012,-0.374156,135.742276,-0.756100,133.387385,-0.709517,,,,,,,,,,
2026-02-12,2026_02.csv,134.336562,-0.697098,134.793536,-0.515640,135.563090,-0.881296,133.331069,-0.781746,,,,,,,,,,
2026-02-13,2026_02.csv,134.318567,-0.815586,134.787139,-0.683184,135.524837,-0.890255,133.311630,-0.905945,,,,,,,,,,
2026-02-14,2026_02.csv,134.183634,-0.895746,134.634604,-0.783730,135.383382,-0.999015,133.196348,-0.953105,,,,,,,,,,
2026-02-15,2026_02.csv,134.172712,-0.894093,134.633512,-0.786876,135.369161,-0.990937,133.177704,-0.949968,,,,,,,,,,
2026-02-16,2026_02.csv,134.172507,-0.888730,134.633512,-0.784855,135.372598,-0.969236,133.175598,-0.949217,,,,,,,,,,
2026-02-17,2026_02.csv,134.176032,-0.825660,134.633512,-0.731459,135.390740,-0.919429,133.175598,-0.870626,,,,,,,,,,
2026-02-18,2026_02.csv,134.179875,-0.829235,134.635660,-0.732414,135.406197,-0.908118,133.175598,-0.883785,,,,,,,,,,
2026-02-19,2026_02.csv,133.962989,-1.029104,134.316983,-1.035135,134.985560,-1.220889,133.150142,-0.931998,,,,,,,,,,
2026-02-20,2026_02.csv,133.928247,-1.018087,134.263614,-1.079808,134.928520,-1.230085,133.143408,-0.858237,,,,,,,,,,
2026-02-21,2026_02.csv,133.866683,-1.001721,134.165121,-1.087040,134.799311,-1.285349,133.148354,-0.785204,,,,,,,,,,
2026-02-22,2026_02.csv,133.833890,-1.018137,134.096022,-1.137510,134.772339,-1.315605,133.147062,-0.762498,,,,,,,,,,
2026-02-23,2026_02.csv,133.833723,-1.015248,134.096022,-1.130140,134.771479,-1.318268,133.147062,-0.761234,,,,,,,,,,
2026-02-24,2026_02.csv,133.808039,-1.032135,134.072236,-1.151951,134.745377,-1.318139,133.119785,-0.781564,,,,,,,,,,
2026-02-25,2026_02.csv,133.659506,-1.139382,134.056743,-1.158658,134.694704,-1.350356,132.799975,-1.020416,,,,,,,,,,
2026-02-26,2026_02.csv,133.664561,-1.135643,134.048563,-1.164690,134.697697,-1.348164,132.818474,-1.006628,,,,,,,,,,
2026-02-27,2026_02.csv,133.654441,-1.040540,134.032981,-1.127217,134.685618,-1.214973,132.814421,-0.874699,,,,,,,,,,
2026-02-28,2026_02.csv,133.611617,-0.910676,133.967069,-0.924785,134.646563,-0.958079,132.791599,-0.874710,,,,,,,,,,
2026-03-01,2026_03.csv,133.609426,-0.912960,133.961145,-0.925566,134.647205,-0.964403,132.791599,-0.876505,136.199449,-0.716227,129.012987,-0.339331,137.742941,-0.703495,135.219792,-0.451644,133.145399,-0.660809
2026-03-02,2026_03.csv,133.920620,-0.612048,134.287550,-0.732676,134.964106,-0.729554,133.085778,-0.440966,,,,,,,,,,
2026-03-03,2026_03.csv,133.965589,-0.929575,134.623961,-0.940509,135.278658,-0.935648,132.729678,-0.916217,,,,,,,,,,
2026-03-04,2026_03.csv,133.935162,-0.950890,134.509227,-1.014027,135.292322,-0.918124,132.758073,-0.906163,,,,,,,,,,
2026-03-05,2026_03.csv,133.882463,-0.995351,134.592112,-0.965499,135.269345,-0.960828,132.563624,-1.040396,,,,,,,,,,
2026-03-06,2026_03.csv,133.481568,-1.258100,133.928350,-1.413424,134.598152,-1.405269,132.537195,-1.039282,,,,,,,,,,
2026-03-07,2026_03.csv,133.251457,-1.416485,133.822274,-1.489617,134.486668,-1.491847,132.134568,-1.310527,,,,,,,,,,
2026-03-08,2026_03.csv,133.243869,-1.236385,133.819616,-1.226810,134.481944,-1.225267,132.120990,-1.250826,,,,,,,,,,
2026-03-09,2026_03.csv,133.242049,-1.009299,133.813087,-0.937080,134.477987,-0.966063,132.124611,-1.098732,,,,,,,,,,
2026-03-10,2026_03.csv,133.159672,-1.031219,133.808917,-0.934126,134.390254,-0.989433,131.971013,-1.143739,,,,,,,,,,
2026-03-11,2026_03.csv,133.142838,-1.042096,133.811994,-0.928352,134.360289,-1.009790,131.941562,-1.165977,,,,,,,,,,
2026-03-12,Forward Fill,133.142838,-1.000063,133.811994,-0.911325,134.360289,-0.999593,131.941562,-1.084984,,,,,,,,,,
2026-03-13,2026_03.csv,132.942930,-1.135038,133.798636,-0.878160,134.352730,-1.023665,131.475659,-1.433214,,,,,,,,,,
2026-03-14,2026_03.csv,132.768224,-1.167469,133.381800,-1.047332,134.301422,-0.930687,131.471404,-1.394772,,,,,,,,,,
2026-03-15,2026_03.csv,132.907771,-1.050335,133.714708,-0.795647,134.289091,-0.911822,131.499822,-1.359078,,,,,,,,,,
2026-03-16,2026_03.csv,132.830348,-1.008532,133.624478,-0.750272,134.068353,-0.971337,131.501622,-1.272352,,,,,,,,,,
2026-03-17,2026_03.csv,132.683322,-1.110054,133.299298,-0.990997,133.947225,-1.050414,131.510417,-1.251927,,,,,,,,,,
2026-03-18,2026_03.csv,132.617408,-1.159029,133.212567,-1.055417,133.952464,-1.049056,131.430789,-1.310157,,,,,,,,,,
2026-03-19,2026_03.csv,132.563815,-1.201568,133.145874,-1.104954,133.828395,-1.153953,131.422569,-1.316330,,,,,,,,,,
2026-03-20,2026_03.csv,132.508681,-1.245488,133.105848,-1.136260,133.769601,-1.208657,131.354905,-1.367137,,,,,,,,,,
2026-03-21,2026_03.csv,132.486572,-1.102108,133.116681,-0.893634,133.789448,-0.886104,131.282083,-1.402972,,,,,,,,,,
2026-03-22,2026_03.csv,132.484061,-1.078328,133.116681,-0.854240,133.790943,-0.843096,131.275326,-1.403060,,,,,,,,,,
2026-03-23,2026_03.csv,132.484683,-1.032370,133.120803,-0.778383,133.790943,-0.748051,131.272941,-1.408514,,,,,,,,,,
2026-03-24,2026_03.csv,132.455946,-1.029593,133.099670,-0.743014,133.765436,-0.747114,131.235520,-1.435662,,,,,,,,,,
2026-03-25,2026_03.csv,132.441712,-1.040105,133.077110,-0.759837,133.748576,-0.758990,131.230367,-1.439532,,,,,,,,,,
2026-03-26,2026_03.csv,132.399708,-1.052502,133.075370,-0.743529,133.744583,-0.742730,131.132593,-1.492784,,,,,,,,,,
2026-03-27,2026_03.csv,132.302959,-1.014927,133.055782,-0.746670,133.750108,-0.701287,130.915181,-1.419273,,,,,,,,,,
2026-03-28,2026_03.csv,132.303486,-1.018277,133.055782,-0.740613,133.752821,-0.701479,130.915181,-1.433003,,,,,,,,,,
2026-03-29,2026_03.csv,132.024228,-1.219723,132.611826,-1.060303,133.223110,-1.085868,130.908540,-1.434996,,,,,,,,,,
2026-03-30,2026_03.csv,132.026353,-1.186472,132.613244,-1.010565,133.226170,-1.054904,130.910893,-1.416284,,,,,,,,,,
2026-03-31,2026_03.csv,132.193714,-1.059590,132.583664,-1.028269,133.191475,-1.081144,131.358595,-1.079137,,,,,,,,,,
2026-04-01,2026_04.csv,132.371563,-1.156698,132.874452,-1.052293,133.491216,-1.091319,131.372857,-1.287080,136.394203,0.142992,129.188060,0.135702,137.959431,0.157170,134.746838,-0.349767,133.955888,0.608725
2026-04-02,2026_04.csv,132.376335,-1.186315,132.869472,-1.303252,133.522880,-1.297897,131.374223,-1.021215,,,,,,,,,,
2026-04-03,2026_04.csv,132.376335,-1.163867,132.869472,-1.219065,133.522880,-1.307866,131.374223,-1.042385,,,,,,,,,,
2026-04-04,2026_04.csv,132.382599,-1.120284,132.862001,-1.285448,133.498920,-1.308814,131.407597,-0.872055,,,,,,,,,,
2026-04-05,2026_04.csv,132.356132,-0.843140,132.795269,-0.846035,133.469864,-0.838265,131.420304,-0.842700,,,,,,,,,,
2026-04-06,2026_04.csv,132.524232,-0.545754,133.066641,-0.564654,133.765358,-0.536343,131.431354,-0.532195,,,,,,,,,,
2026-04-07,2026_04.csv,132.524232,-0.540090,133.066641,-0.562679,133.765358,-0.532849,131.431354,-0.521973,,,,,,,,,,
2026-04-08,2026_04.csv,132.415927,-0.620015,132.887911,-0.691395,133.669786,-0.600991,131.383478,-0.560935,,,,,,,,,,
2026-04-09,2026_04.csv,132.316724,-0.633035,132.803951,-0.751046,133.589306,-0.595986,131.261130,-0.537908,,,,,,,,,,
2026-04-10,2026_04.csv,131.901406,-0.932407,132.139547,-1.249848,132.997109,-1.014571,131.163514,-0.589692,,,,,,,,,,
2026-04-11,2026_04.csv,131.819937,-0.993596,132.156095,-1.237482,132.968765,-1.035666,130.964748,-0.740338,,,,,,,,,,
2026-04-12,2026_04.csv,131.814482,-0.848821,132.171683,-1.215971,132.948628,-1.045086,130.946334,-0.402602,,,,,,,,,,
2026-04-13,2026_04.csv,131.812017,-0.720208,132.166119,-0.911430,132.946687,-1.008728,130.946545,-0.399219,,,,,,,,,,
2026-04-14,2026_04.csv,131.677265,-0.925835,132.054345,-1.241721,132.849239,-1.072204,130.772653,-0.552981,,,,,,,,,,
2026-04-15,2026_04.csv,131.561205,-0.955462,131.955361,-1.249110,132.733081,-0.995964,130.640541,-0.654806,,,,,,,,,,
2026-04-16,2026_04.csv,131.548276,-0.855455,131.965050,-1.000941,132.742600,-0.899328,130.595771,-0.695493,,,,,,,,,,
2026-04-17,2026_04.csv,131.501934,-0.841122,131.960410,-0.939970,132.737029,-0.907363,130.491009,-0.715038,,,,,,,,,,
2026-04-18,2026_04.csv,131.468995,-0.825882,131.880890,-0.950074,132.732754,-0.818691,130.488554,-0.710696,,,,,,,,,,
2026-04-19,2026_04.csv,131.444472,-0.803124,131.870250,-0.928283,132.724851,-0.781007,130.443158,-0.694110,,,,,,,,,,
2026-04-20,2026_04.csv,131.444472,-0.786570,131.870250,-0.936345,132.724851,-0.795726,130.443158,-0.639025,,,,,,,,,,
2026-04-21,2026_04.csv,131.422514,-0.801264,131.841936,-0.957614,132.710894,-0.807266,130.423442,-0.648929,,,,,,,,,,
2026-04-22,2026_04.csv,131.402382,-0.816926,131.788696,-1.000675,132.693833,-0.820018,130.433083,-0.639780,,,,,,,,,,
2026-04-23,2026_04.csv,131.373504,-0.817209,131.750400,-1.013729,132.670725,-0.818381,130.410382,-0.628746,,,,,,,,,,
2026-04-24,2026_04.csv,131.355298,-0.820296,131.761329,-0.988736,132.659686,-0.814132,130.361351,-0.662207,,,,,,,,,,
2026-04-25,2026_04.csv,131.342854,-0.798229,131.751358,-0.994933,132.697473,-0.782918,130.323040,-0.617355,,,,,,,,,,
2026-04-26,2026_04.csv,131.310261,-0.750321,131.748718,-0.982343,132.728619,-0.763730,130.232345,-0.521587,,,,,,,,,,
2026-04-27,Forward Fill,131.310261,-0.750717,131.748718,-0.982343,132.728619,-0.765743,130.232345,-0.521587,,,,,,,,,,
2026-04-28,Forward Fill,131.310261,-0.540784,131.748718,-0.650853,132.728619,-0.371175,130.232345,-0.516540,,,,,,,,,,
2026-04-29,Forward Fill,131.310261,-0.542385,131.748718,-0.651916,132.728619,-0.373464,130.232345,-0.518328,,,,,,,,,,
2026-04-30,Forward Fill,131.310261,-0.668302,131.748718,-0.629750,132.728619,-0.347512,130.232345,-0.857386,,,,,,,,,,
2026-05-01,2026_05.csv,131.676311,-0.525228,132.413549,-0.346871,133.313307,-0.133274,130.214275,-0.881904,141.817556,3.976234,131.939888,2.130095,151.744494,9.992113,136.852281,1.562518,133.461040,-0.369411
2026-05-02,2026_05.csv,131.666306,-0.536372,132.412246,-0.344117,133.301681,-0.165664,130.196825,-0.896217,,,,,,,,,,
2026-05-03,2026_05.csv,131.657275,-0.543193,132.411527,-0.344658,133.300429,-0.166602,130.176314,-0.911829,,,,,,,,,,
2026-05-04,2026_05.csv,131.657275,-0.547899,132.411527,-0.339054,133.300429,-0.148684,130.176314,-0.936995,,,,,,,,,,
2026-05-05,2026_05.csv,131.657275,-0.528012,132.411527,-0.288972,133.300429,-0.126946,130.176314,-0.946573,,,,,,,,,,
2026-05-06,2026_05.csv,131.486720,-0.782885,132.191884,-0.657383,133.120757,-0.481890,130.056308,-1.046208,,,,,,,,,,
2026-05-07,2026_05.csv,131.160272,-1.029216,131.698793,-1.027942,132.610337,-0.863468,129.973162,-1.109470,,,,,,,,,,
2026-05-08,2026_05.csv,130.796597,-1.222912,131.077904,-1.362055,131.972376,-1.269854,129.980492,-1.067856,,,,,,,,,,
2026-05-09,2026_05.csv,130.740730,-1.191077,131.023778,-1.340451,131.933810,-1.239243,129.914877,-1.025630,,,,,,,,,,
2026-05-10,2026_05.csv,130.631703,-0.962615,131.059375,-0.817448,131.906691,-0.819881,129.631129,-1.168301,,,,,,,,,,
2026-05-11,2026_05.csv,130.629598,-0.903003,131.058764,-0.830329,131.905393,-0.799715,129.627237,-1.021275,,,,,,,,,,
2026-05-12,2026_05.csv,130.585558,-0.932313,131.006123,-0.881853,131.824685,-0.845397,129.608486,-1.021677,,,,,,,,,,
2026-05-13,2026_05.csv,130.583108,-0.932320,131.022146,-0.865557,131.799571,-0.862839,129.599239,-1.028898,,,,,,,,,,
2026-05-14,2026_05.csv,130.415825,-0.957979,130.797129,-0.952045,131.511902,-1.006657,129.542791,-0.940458,,,,,,,,,,
2026-05-15,2026_05.csv,130.416820,-0.869850,130.818022,-0.861912,131.527235,-0.908474,129.518309,-0.859022,,,,,,,,,,
2026-05-16,2026_05.csv,130.296024,-0.951933,130.647939,-0.998075,131.348978,-1.049868,129.470902,-0.861336,,,,,,,,,,
2026-05-17,2026_05.csv,130.297022,-0.916269,130.638914,-1.001433,131.316191,-1.070416,129.497178,-0.761609,,,,,,,,,,
2026-05-18,2026_05.csv,130.237576,-0.936661,130.559790,-1.001737,131.186292,-1.165095,129.489294,-0.765784,,,,,,,,,,
2026-05-19,2026_05.csv,130.198649,-0.947794,130.512684,-1.029471,131.093798,-1.228898,129.483178,-0.735937,,,,,,,,,,
2026-05-20,2026_05.csv,130.176772,-0.964438,130.472154,-1.060205,131.054927,-1.258184,129.486847,-0.733124,,,,,,,,,,
2026-05-21,2026_05.csv,130.250718,-0.891625,130.608279,-0.935709,131.136921,-1.186017,129.498403,-0.709258,,,,,,,,,,
2026-05-22,2026_05.csv,130.265056,-0.865529,130.679313,-0.841789,131.144174,-1.167846,129.462611,-0.744038,,,,,,,,,,
2026-05-23,2026_05.csv,130.269347,-0.840472,130.714884,-0.785968,131.143690,-1.150996,129.439649,-0.744368,,,,,,,,,,
2026-05-24,2026_05.csv,130.286083,-0.813988,130.742823,-0.772993,131.161539,-1.129316,129.445300,-0.702701,,,,,,,,,,
2026-05-25,2026_05.csv,130.273624,-0.814076,130.720913,-0.782114,131.135912,-1.176782,129.447922,-0.671499,,,,,,,,,,
2026-05-26,2026_05.csv,130.256779,-0.802285,130.712753,-0.786319,131.148590,-1.190420,129.409057,-0.632169,,,,,,,,,,
2026-05-27,2026_05.csv,130.218647,-0.831324,130.655787,-0.829557,131.077274,-1.244151,129.404229,-0.635876,,,,,,,,,,
2026-05-28,2026_05.csv,130.178221,-0.862111,130.624558,-0.853261,131.115000,-1.215728,129.318514,-0.701693,,,,,,,,,,
2026-05-29,2026_05.csv,130.196545,-0.848157,130.616193,-0.859609,131.125094,-1.208122,129.365854,-0.665342,,,,,,,,,,
2026-05-30,2026_05.csv,130.208365,-0.839155,130.641988,-0.840031,131.169034,-1.175017,129.349450,-0.677938,,,,,,,,,,
2026-05-31,2026_05.csv,130.464387,-0.920382,131.035433,-1.040767,131.498615,-1.361223,129.441450,-0.593502,,,,,,,,,,
2026-06-01,2026_06.csv,130.464387,-0.912853,131.035433,-1.039793,131.498615,-1.352621,129.441450,-0.580179,146.581697,3.359345,134.771041,2.145790,158.408446,4.391561,145.081854,6.013472,133.148262,-0.234359
2026-06-02,2026_06.csv,130.655109,-0.761193,131.306149,-0.834805,131.832114,-1.101508,129.489862,-0.527325,,,,,,,,,,
2026-06-03,2026_06.csv,130.680539,-0.741878,131.351602,-0.800478,131.852348,-1.086329,129.498850,-0.520420,,,,,,,,,,
2026-06-04,2026_06.csv,130.651505,-0.763931,131.350234,-0.801511,131.840483,-1.095230,129.435688,-0.568941,,,,,,,,,,
2026-06-05,2026_06.csv,130.649572,-0.636679,131.335669,-0.647706,131.839059,-0.962809,129.445426,-0.469705,,,,,,,,,,
2026-06-06,2026_06.csv,130.665743,-0.377041,131.346877,-0.267213,131.899730,-0.535861,129.445426,-0.406034,,,,,,,,,,
2026-06-07,2026_06.csv,130.650905,-0.111388,131.311307,0.178065,131.910207,-0.047107,129.438272,-0.417154,,,,,,,,,,
2026-06-08,2026_06.csv,130.651117,-0.068542,131.311307,0.219448,131.910207,-0.017890,129.438784,-0.366465,,,,,,,,,,
2026-06-09,2026_06.csv,130.649970,0.013983,131.306677,0.188695,131.913579,0.005222,129.438801,-0.148365,,,,,,,,,,
2026-06-10,2026_06.csv,130.545563,-0.064331,131.150731,0.070172,131.830492,-0.056784,129.372995,-0.196133,,,,,,,,,,
2026-06-11,2026_06.csv,130.376995,-0.159714,130.888699,-0.089633,131.617530,-0.157144,129.313341,-0.227721,,,,,,,,,,
2026-06-12,2026_06.csv,130.046997,-0.410551,130.427178,-0.454097,131.229012,-0.432899,129.134756,-0.358399,,,,,,,,,,
2026-06-13,2026_06.csv,130.046997,-0.282809,130.427178,-0.282843,131.229012,-0.215106,129.134756,-0.314981,,,,,,,,,,
2026-06-14,2026_06.csv,130.046997,-0.283570,130.427178,-0.298769,131.229012,-0.226739,129.134756,-0.296138,,,,,,,,,,
2026-06-15,2026_06.csv,130.046997,-0.191124,130.427178,-0.168974,131.229012,-0.091333,129.134756,-0.259630,,,,,,,,,,
2026-06-16,2026_06.csv,129.750991,-0.419067,129.974982,-0.508219,130.876508,-0.334828,129.012470,-0.374301,,,,,,,,,,
2026-06-17,2026_06.csv,129.730993,-0.388968,129.976989,-0.446386,130.895624,-0.221569,128.953400,-0.413852,,,,,,,,,,
2026-06-18,2026_06.csv,129.702918,-0.380750,129.971760,-0.414461,130.890366,-0.155180,128.893097,-0.455720,,,,,,,,,,
2026-06-19,2026_06.csv,129.652168,-0.402994,129.961343,-0.391510,130.860411,-0.148423,128.794580,-0.534624,,,,,,,,,,
2026-06-20,2026_06.csv,129.657747,-0.455254,129.963481,-0.493689,130.860411,-0.210856,128.806015,-0.534669,,,,,,,,,,
2026-06-21,2026_06.csv,129.604605,-0.507006,129.892609,-0.602011,130.766540,-0.287953,128.788672,-0.520567,,,,,,,,,,
2026-06-22,2026_06.csv,129.567263,-0.538948,129.856161,-0.656944,130.699416,-0.338769,128.764443,-0.521638,,,,,,,,,,
2026-06-23,2026_06.csv,129.567263,-0.551724,129.856161,-0.678173,130.699416,-0.352331,128.764443,-0.525981,,,,,,,,,,
2026-06-24,2026_06.csv,129.577151,-0.534623,129.845898,-0.669377,130.703061,-0.330079,128.796253,-0.503422,,,,,,,,,,
2026-06-25,2026_06.csv,129.573127,-0.524849,129.837032,-0.669958,130.608670,-0.411686,128.839134,-0.440404,,,,,,,,,,
2026-06-26,2026_06.csv,129.542080,-0.519563,129.784557,-0.666813,130.611651,-0.355228,128.812345,-0.457392,,,,,,,,,,
2026-06-27,2026_06.csv,129.518933,-0.506450,129.698886,-0.708650,130.570549,-0.415247,128.856555,-0.357226,,,,,,,,,,
2026-06-28,2026_06.csv,129.505230,-0.530977,129.688790,-0.710022,130.556640,-0.433521,128.839550,-0.406834,,,,,,,,,,
2026-06-29,2026_06.csv,129.508698,-0.537344,129.702951,-0.718786,130.591932,-0.439968,128.818025,-0.410845,,,,,,,,,,
2026-06-30,2026_06.csv,129.508698,-0.732528,129.702951,-1.016887,130.591932,-0.689500,128.818025,-0.481628,,,,,,,,,,
2026-07-01,2026_07.csv,129.470446,-0.761848,129.655395,-1.053179,130.410366,-0.827574,128.855691,-0.452528,137.746179,-6.027709,131.010282,-2.790480,139.926307,-11.667395,134.968528,-6.970773,133.608834,0.345909
2026-07-02,2026_07.csv,129.954098,-0.536535,130.161265,-0.871920,130.934078,-0.681197,129.299630,-0.146908,,,,,,,,,,
2026-07-03,2026_07.csv,129.888034,-0.606445,130.111089,-0.944421,130.875485,-0.740877,129.215085,-0.219126,,,,,,,,,,
2026-07-04,2026_07.csv,129.836475,-0.623820,130.148765,-0.914707,130.910090,-0.705696,129.039030,-0.306452,,,,,,,,,,
2026-07-05,2026_07.csv,129.836475,-0.622349,130.148765,-0.903718,130.910090,-0.704624,129.039030,-0.313952,,,,,,,,,,
2026-07-06,2026_07.csv,129.807933,-0.656492,130.099412,-0.949749,130.897757,-0.759648,129.022511,-0.326713,,,,,,,,,,
2026-07-07,2026_07.csv,129.813481,-0.640963,130.099412,-0.922918,130.897757,-0.767530,129.035891,-0.310868,,,,,,,,,,
2026-07-08,2026_07.csv,129.805462,-0.647262,130.079973,-0.937721,130.923229,-0.748220,129.022944,-0.321263,,,,,,,,,,
2026-07-09,2026_07.csv,129.791613,-0.656990,130.051634,-0.955810,130.977544,-0.709582,128.990817,-0.346097,,,,,,,,,,
2026-07-10,2026_07.csv,129.745169,-0.613115,130.046839,-0.841698,130.978600,-0.646202,128.882855,-0.378858,,,,,,,,,,
2026-07-11,2026_07.csv,129.726666,-0.498807,130.033452,-0.653415,130.948569,-0.508262,128.864929,-0.346764,,,,,,,,,,
2026-07-12,2026_07.csv,129.726666,-0.246320,130.033452,-0.301874,130.948569,-0.213705,128.864929,-0.208950,,,,,,,,,,
2026-07-13,2026_07.csv,129.721400,-0.250369,130.050063,-0.289139,131.011122,-0.166039,128.807264,-0.253605,,,,,,,,,,
2026-07-14,2026_07.csv,129.727030,-0.246040,130.056578,-0.284143,131.026982,-0.153952,128.807264,-0.253605,,,,,,,,,,
2026-07-15,2026_07.csv,129.682269,-0.280459,130.017933,-0.313773,130.997656,-0.176300,128.749507,-0.298331,,,,,,,,,,
2026-07-16,2026_07.csv,129.616358,-0.103762,129.891902,-0.063920,130.880277,0.002880,128.764389,-0.192292,,,,,,,,,,
2026-07-17,2026_07.csv,129.619907,-0.085628,129.893654,-0.064115,130.897175,0.001185,128.763378,-0.147358,,,,,,,,,,
2026-07-18,2026_07.csv,129.631042,-0.055416,129.905191,-0.051218,130.898031,0.005856,128.778950,-0.088559,,,,,,,,,,
2026-07-19,2026_07.csv,129.579452,-0.056086,129.839337,-0.093879,130.850233,-0.007778,128.739030,-0.043130,,,,,,,,,,
2026-07-20,2026_07.csv,129.586507,-0.054944,129.843649,-0.092204,130.844808,-0.011924,128.754519,-0.039980,,,,,,,,,,
2026-07-21,2026_07.csv,129.589336,-0.011781,129.840032,-0.040478,130.866647,0.076554,128.754519,-0.026518,,,,,,,,,,
2026-07-22,2026_07.csv,129.608459,0.031795,129.857649,0.001146,130.881434,0.139264,128.777092,0.009823,,,,,,,,,,
2026-07-23,2026_07.csv,129.613438,0.035637,129.856189,0.000021,130.884278,0.141441,128.789141,0.019181,,,,,,,,,,
2026-07-24,2026_07.csv,129.549595,-0.021266,129.759091,-0.066854,130.752702,0.037980,128.788386,-0.006108,,,,,,,,,,
2026-07-25,2026_07.csv,129.549528,-0.018213,129.755638,-0.062689,130.751866,0.109637,128.791870,-0.036685,,,,,,,,,,
2026-07-26,2026_07.csv,129.558366,0.012572,129.783856,-0.000540,130.724400,0.086324,128.799449,-0.010012,,,,,,,,,,
2026-07-27,2026_07.csv,129.560215,0.031874,129.783856,0.065513,130.725460,0.118641,128.803411,-0.041242,,,,,,,,,,
2026-07-28,2026_07.csv,129.564787,0.045988,129.784580,0.073862,130.747529,0.146212,128.803411,-0.028049,,,,,,,,,,
2026-07-29,2026_07.csv,129.541852,0.025600,129.710764,0.006024,130.677455,0.065488,128.850533,0.025236,,,,,,,,,,
2026-07-30,2026_07.csv,129.572173,0.049012,129.744487,0.032024,130.675623,0.064085,128.892711,0.057978,,,,,,,,,,
2026-07-31,2026_07.csv,129.748503,0.214765,129.871834,0.166934,130.797290,0.296697,129.140831,0.221286,,,,,,,,,,
2026-08-01,2026_08.csv,129.986769,0.025140,129.954678,-0.158716,130.830884,-0.078814,129.621522,0.248950,139.865227,1.538372,132.451143,1.099808,142.038696,1.509644,137.773424,2.078185,136.324701,2.032700
2026-08-02,2026_08.csv,130.217028,0.253291,129.966377,-0.111222,130.953373,0.059513,130.108322,0.691279,,,,,,,,,,
2026-08-03,2026_08.csv,130.155118,0.245418,129.884019,-0.203418,130.816099,-0.071798,130.101001,0.822984,,,,,,,,,,
2026-08-04,2026_08.csv,130.155210,0.245490,129.884019,-0.203418,130.816575,-0.071434,130.101001,0.822984,,,,,,,,,,
2026-08-05,2026_08.csv,130.171672,0.280213,130.110306,0.008374,131.094630,0.150402,129.797080,0.600337,,,,,,,,,,
2026-08-06,2026_08.csv,130.194497,0.293510,130.147556,0.037006,131.063951,0.126965,129.831375,0.616483,,,,,,,,,,
2026-08-07,2026_08.csv,130.241303,0.335765,130.141692,0.047446,131.065334,0.108541,129.949120,0.717838,,,,,,,,,,
2026-08-08,2026_08.csv,130.240600,0.345929,130.141692,0.069247,131.065334,0.067027,129.947424,0.741608,,,,,,,,,,
2026-08-09,2026_08.csv,130.239147,0.380729,130.137975,0.070079,131.065334,0.066220,129.947424,0.825997,,,,,,,,,,
2026-08-10,2026_08.csv,130.281180,0.427448,130.206734,0.133260,131.146307,0.151005,129.946016,0.838930,,,,,,,,,,
2026-08-11,2026_08.csv,130.279842,0.426416,130.204502,0.131543,131.143912,0.149175,129.946016,0.838930,,,,,,,,,,
2026-08-12,2026_08.csv,130.319042,0.460712,130.240925,0.146761,131.155640,0.110310,130.000705,0.926532,,,,,,,,,,
2026-08-13,2026_08.csv,130.499561,0.595505,130.403625,0.266843,131.292723,0.202814,130.218375,1.095521,,,,,,,,,,
2026-08-14,2026_08.csv,130.497127,0.628350,130.429754,0.316742,131.308925,0.237615,130.180282,1.111286,,,,,,,,,,
2026-08-15,2026_08.csv,130.498534,0.680606,130.411434,0.399973,131.313262,0.330825,130.198914,1.114070,,,,,,,,,,
2026-08-16,2026_08.csv,130.540644,0.710336,130.329156,0.335276,131.602891,0.539138,130.242319,1.148573,,,,,,,,,,
2026-08-17,2026_08.csv,130.498965,0.669533,130.294267,0.299507,131.500601,0.460335,130.222638,1.121059,,,,,,,,,,
2026-08-18,2026_08.csv,130.498965,0.709614,130.294267,0.350379,131.500601,0.497032,130.222638,1.152415,,,,,,,,,,
2026-08-19,2026_08.csv,130.493705,0.700071,130.223915,0.292864,131.283703,0.335432,130.377903,1.260837,,,,,,,,,,
2026-08-20,2026_08.csv,130.507510,0.708526,130.244916,0.311833,131.292419,0.325348,130.387310,1.268143,,,,,,,,,,
2026-08-21,2026_08.csv,130.542802,0.720897,130.257169,0.307660,131.345655,0.354689,130.435915,1.288136,,,,,,,,,,
2026-08-22,2026_08.csv,130.591287,0.754435,130.289471,0.333664,131.424072,0.412421,130.485631,1.317261,,,,,,,,,,
2026-08-23,2026_08.csv,130.713777,0.898638,130.505781,0.575443,131.563297,0.619945,130.511832,1.338200,,,,,,,,,,
2026-08-24,2026_08.csv,130.691805,0.881730,130.439721,0.527208,131.564693,0.621656,130.520474,1.342169,,,,,,,,,,
2026-08-25,2026_08.csv,130.688965,0.872656,130.434815,0.501572,131.559948,0.639167,130.520474,1.336206,,,,,,,,,,
2026-08-26,2026_08.csv,130.691751,0.873367,130.454313,0.516595,131.572442,0.647909,130.502958,1.319489,,,,,,,,,,
2026-08-27,2026_08.csv,130.672632,0.855051,130.447611,0.510870,131.564447,0.624806,130.466918,1.291508,,,,,,,,,,
2026-08-28,2026_08.csv,130.659080,0.862445,130.443676,0.565035,131.516060,0.641736,130.460623,1.249580,,,,,,,,,,
2026-08-29,2026_08.csv,130.659080,0.838843,130.443676,0.538896,131.516060,0.643147,130.460623,1.216448,,,,,,,,,,
2026-08-30,2026_08.csv,130.635462,0.683599,130.441332,0.438508,131.521056,0.553349,130.403541,0.977777,,,,,,,,,,
2026-08-31,2026_08.csv,130.673284,0.528142,130.487612,0.410093,131.554915,0.553410,130.435246,0.627769,,,,,,,,,,
2026-09-01,2026_09.csv,130.670296,0.348087,130.484503,0.398661,131.551947,0.457089,130.432364,0.249055,141.115154,0.893665,133.570626,0.845204,143.424487,0.975643,140.614348,2.062026,136.074653,-0.183421
2026-09-02,2026_09.csv,131.283890,0.867251,131.189807,1.005350,132.251944,1.097606,130.919014,0.628752,,,,,,,,,,
2026-09-03,2026_09.csv,131.250922,0.841850,131.193085,1.007874,132.309619,1.141326,130.809405,0.544504,,,,,,,,,,
2026-09-04,2026_09.csv,131.274788,0.847432,131.195901,0.834365,132.308590,0.926018,130.864780,0.822591,,,,,,,,,,
2026-09-05,2026_09.csv,131.289718,0.841219,131.207088,0.814100,132.330152,0.966094,130.880131,0.807783,,,,,,,,,,
2026-09-06,2026_09.csv,131.352116,0.852888,131.206924,0.818517,132.356427,0.985076,131.018435,0.822872,,,,,,,,,,
2026-09-07,2026_09.csv,131.358621,0.858428,131.207330,0.818829,132.366779,0.992974,131.028889,0.832233,,,,,,,,,,
2026-09-08,2026_09.csv,131.358886,0.859756,131.207685,0.821982,132.367423,0.993466,131.028889,0.832233,,,,,,,,,,
2026-09-09,2026_09.csv,131.287598,0.772497,131.092860,0.680553,132.233926,0.829317,131.027793,0.832482,,,,,,,,,,
2026-09-10,2026_09.csv,131.289525,0.775011,131.115805,0.699902,132.229233,0.827581,131.013007,0.821104,,,,,,,,,,
2026-09-11,2026_09.csv,131.270159,0.729838,131.121420,0.676051,132.224369,0.814856,130.963296,0.740451,,,,,,,,,,
2026-09-12,2026_09.csv,130.985069,0.372038,130.663342,0.199164,131.802842,0.388535,130.905219,0.527455,,,,,,,,,,
2026-09-13,2026_09.csv,131.057497,0.429411,130.728440,0.229001,131.864161,0.422847,130.989761,0.621814,,,,,,,,,,
2026-09-14,2026_09.csv,131.119141,0.475566,130.737267,0.249850,131.865994,0.420926,131.129223,0.714529,,,,,,,,,,
2026-09-15,2026_09.csv,131.119261,0.443246,130.737267,0.313138,131.866610,0.200390,131.129223,0.680965,,,,,,,,,,
2026-09-16,2026_09.csv,131.105082,0.464461,130.711324,0.320089,131.877934,0.286945,131.114185,0.684633,,,,,,,,,,
2026-09-17,2026_09.csv,131.113706,0.471069,130.708337,0.317796,131.872249,0.282621,131.140461,0.704810,,,,,,,,,,
2026-09-18,2026_09.csv,131.038269,0.417311,130.597731,0.287057,131.896773,0.466981,131.051344,0.516530,,,,,,,,,,
2026-09-19,2026_09.csv,131.067960,0.429438,130.660410,0.319010,131.923964,0.481021,131.051105,0.509095,,,,,,,,,,
2026-09-20,2026_09.csv,131.124191,0.445362,130.719017,0.354566,131.966681,0.472818,131.111429,0.517889,,,,,,,,,,
2026-09-21,2026_09.csv,131.124540,0.408337,130.719909,0.330370,131.966681,0.412869,131.111429,0.479591,,,,,,,,,,
2026-09-22,2026_09.csv,131.127559,0.316555,130.727631,0.169993,131.966681,0.306608,131.111429,0.459420,,,,,,,,,,
2026-09-23,2026_09.csv,131.199952,0.388813,130.799754,0.276015,132.076692,0.389162,131.166451,0.494924,,,,,,,,,,
2026-09-24,2026_09.csv,131.220002,0.406337,130.832863,0.305170,132.126216,0.430427,131.160380,0.490272,,,,,,,,,,
2026-09-25,2026_09.csv,131.233839,0.414783,130.850604,0.303778,132.139685,0.431126,131.170709,0.511675,,,,,,,,,,
2026-09-26,2026_09.csv,131.233360,0.429109,130.856019,0.313082,132.126326,0.427075,131.170709,0.539440,,,,,,,,,,
2026-09-27,2026_09.csv,131.286353,0.480084,130.999084,0.425784,132.111400,0.452675,131.170608,0.544214,,,,,,,,,,
2026-09-28,2026_09.csv,131.296475,0.487831,131.015856,0.438641,132.095748,0.440774,131.186538,0.556425,,,,,,,,,,
2026-09-29,2026_09.csv,131.287604,0.499207,131.002493,0.430202,132.093944,0.435586,131.178589,0.594345,,,,,,,,,,
2026-09-30,2026_09.csv,131.318646,0.493875,130.984281,0.380625,132.117902,0.427949,131.259385,0.631838,,,,,,,,,,
2026-10-01,2026_10.csv,132.007158,1.023081,131.822958,1.025758,132.846088,0.983749,131.787741,1.039142,,,,,,,,,,
2026-10-02,2026_10.csv,132.146563,0.657105,131.987133,0.607765,132.992847,0.560221,131.900346,0.749572,,,,,,,,,,
2026-10-03,2026_10.csv,132.132811,0.671910,132.001667,0.616330,133.019580,0.536591,131.840959,0.788593,,,,,,,,,,
2026-10-04,2026_10.csv,132.208701,0.711418,132.164806,0.738518,133.286464,0.739086,131.745105,0.672698,,,,,,,,,,
2026-10-05,2026_10.csv,132.208701,0.699965,132.164806,0.729929,133.286464,0.722671,131.745105,0.660891,,,,,,,,,,
2026-10-06,2026_10.csv,132.318998,0.736099,132.229106,0.779061,133.292767,0.707438,131.947492,0.709104,,,,,,,,,,
2026-10-07,2026_10.csv,132.318998,0.731110,132.229106,0.778749,133.292767,0.699562,131.947492,0.701069,,,,,,,,,,
2026-10-08,2026_10.csv,132.284230,0.704440,132.204195,0.759490,133.257526,0.672448,131.903653,0.667612,,,,,,,,,,
