date,data_source,cpi,Alimentos y Bebidas No Alcohólicas,Bebidas Alcohólicas y Tabaco,"Muebles, Bienes y Servicios Domésticos",Bienes y Servicios Diversos,Prendas de Vestir y Calzado
2024-07-28,2024_07.csv,100.0,100.0,100.0,100.0,100.0,100.0
2024-07-29,2024_07.csv,100.0,100.0,100.0,100.0,100.0,100.0
2024-07-30,2024_07.csv,100.10249432260206,100.11358994960433,100.00220530224739,100.01436854433878,100.22751213521946,100.0
2024-07-31,2024_07.csv,100.10249432260206,100.11358994960433,100.00220530224739,100.01436854433878,100.22751213521946,100.0
2024-08-01,2024_08.csv,100.6413500889847,100.7146006143146,100.66408986104081,100.37367164270339,101.09857877546506,100.0
2024-08-02,2024_08.csv,101.0057475901011,101.09407962035608,101.23435306077616,100.35601028313056,102.02961318382232,100.0
2024-08-03,2024_08.csv,100.78350719415322,100.78094443488664,100.91289849584604,100.2727860748363,101.97817384385901,100.0
2024-08-04,2024_08.csv,100.78486564142086,100.76361246788277,100.94206435189244,100.32279934211486,102.0399921487726,100.0
2024-08-05,2024_08.csv,100.78486564142086,100.76361246788277,100.94206435189244,100.32279934211486,102.0399921487726,100.0
2024-08-06,2024_08.csv,100.78153874123116,100.7584951583493,100.94206435189244,100.32279934211486,102.0399921487726,100.0
2024-08-07,2024_08.csv,101.15028056577788,101.03333382476171,101.16116361328747,100.952950969106,102.1847749735369,100.9089763245675
2024-08-08,2024_08.csv,101.15028056577788,101.03333382476171,101.16116361328747,100.952950969106,102.1847749735369,100.9089763245675
2024-08-09,2024_08.csv,102.24252300649913,101.49179692280984,101.1965269489971,102.58086472072782,102.75027231511787,105.65748707000678
2024-08-10,2024_08.csv,102.61772215177837,101.6781602103867,101.20727274947458,103.02603918950507,104.51301226029699,105.65748707000678
2024-08-11,2024_08.csv,103.17680838195653,102.53803848150062,101.20727274947458,103.02603918950507,104.51348265781442,105.65748707000678
2024-08-12,2024_08.csv,103.17215670501356,102.54912802625724,101.20727274947458,102.91038411252194,104.50751879768525,105.65748707000678
2024-08-13,2024_08.csv,103.20878157507838,102.58276929551195,101.20558233070876,103.01819044951276,104.54416692896513,105.65748707000678
2024-08-14,2024_08.csv,103.20878157507838,102.58276929551195,101.20558233070876,103.01819044951276,104.54416692896513,105.65748707000678
2024-08-15,2024_08.csv,103.20274043680612,102.57216952873654,101.20558233070876,103.0270097641913,104.54416692896513,105.65748707000678
2024-08-16,2024_08.csv,103.26803975772444,102.66894665784613,101.20558233070876,103.0401030907269,104.55352370689977,105.65748707000678
2024-08-17,2024_08.csv,103.26195137526706,102.65958174281538,101.20558233070876,103.0401030907269,104.55352370689977,105.65748707000678
2024-08-18,2024_08.csv,103.27012885813748,102.65797154847479,101.21035100350214,103.05834992588856,104.61534258100997,105.65748707000678
2024-08-19,2024_08.csv,103.25947554802907,102.65071731897868,101.21035100350214,103.07687167585976,104.55082243666212,105.65748707000678
2024-08-20,2024_08.csv,103.25773292285238,102.65071731897868,101.21035100350214,103.05879193965151,104.55082243666212,105.65748707000678
2024-08-21,2024_08.csv,103.3665431684965,102.83906385405541,101.21035100350214,103.07142287375724,104.42669830585035,105.65748707000678
2024-08-22,2024_08.csv,103.38080631216208,102.85874734396072,101.21035100350214,103.07142287375724,104.43894985305683,105.65748707000678
2024-08-23,2024_08.csv,103.45804923798869,102.9015249768352,101.21035100350214,103.161394427238,104.77949899104293,105.65748707000678
2024-08-24,2024_08.csv,103.4826423714658,102.93935318604603,101.21035100350214,103.161394427238,104.77949899104293,105.65748707000678
2024-08-25,2024_08.csv,103.49095178233404,102.94813912846126,101.21035100350214,103.161394427238,104.80120046642315,105.65748707000678
2024-08-26,2024_08.csv,103.50273804717368,102.96360307708277,101.21035100350214,103.1793715741321,104.80120046642315,105.65748707000678
2024-08-27,2024_08.csv,103.49947803341652,102.96360307708277,101.21035100350214,103.14554893140172,104.80120046642315,105.65748707000678
2024-08-28,2024_08.csv,104.21683654445715,103.50711961485754,102.17669938004579,103.73075136907676,107.07943986723576,105.8363543707662
2024-08-29,2024_08.csv,104.2684356386238,103.57382787802875,102.16243012375199,103.79843749478268,107.09535911076252,105.8363543707662
2024-08-30,2024_08.csv,104.6788324233099,104.01268375991972,103.07617554212196,104.24491776514999,107.67438605773637,105.8363543707662
2024-08-31,2024_08.csv,105.04271822988919,104.49061476942832,103.45797138117601,104.38758910637426,107.95922630754599,105.8363543707662
2024-09-01,2024_09.csv,106.2322228958895,105.07068061750066,103.49417914690696,105.0988131895728,109.04342372206729,110.9558858737461
2024-09-02,2024_09.csv,106.28930697462161,105.15922995670725,103.49417914690696,105.09378938785528,109.04342372206729,110.9558858737461
2024-09-03,2024_09.csv,106.28930697462161,105.15922995670725,103.49417914690696,105.09378938785528,109.04342372206729,110.9558858737461
2024-09-04,2024_09.csv,106.41971805822976,105.2843842585878,103.84519172231359,105.145484655743,109.37064954177144,110.9558858737461
2024-09-05,2024_09.csv,106.48023900835614,105.3641166448162,104.00568184596364,105.23360045214176,109.35354504161609,110.9558858737461
2024-09-06,2024_09.csv,106.48687570808242,105.37431646447745,104.00568184596364,105.23010527830202,109.35640584577158,110.9558858737461
2024-09-07,2024_09.csv,106.43392744473987,105.29129717563455,104.05866558889555,105.21279488619923,109.37273247808982,110.9558858737461
2024-09-08,2024_09.csv,106.44839513150035,105.3078225571673,104.05866558889555,105.23432405939525,109.38650975109131,110.9558858737461
2024-09-09,2024_09.csv,106.44839513150035,105.3078225571673,104.05866558889555,105.23432405939525,109.38650975109131,110.9558858737461
2024-09-10,2024_09.csv,106.44618902184524,105.30442920439862,104.05866558889555,105.23432405939525,109.38650975109131,110.9558858737461
2024-09-11,2024_09.csv,106.4662537781566,105.33754484307622,104.05866558889555,105.21912874458472,109.38650975109131,110.9558858737461
2024-09-12,2024_09.csv,106.43050927806262,105.3439901521746,104.05866558889555,104.79149140917215,109.39723157986684,110.9558858737461
2024-09-13,2024_09.csv,106.45286935373723,105.34620063815183,104.05866558889555,104.95076454642832,109.4437800393517,110.9558858737461
2024-09-14,2024_09.csv,106.3022785792973,105.24364360923389,103.53379409497761,104.67565123794859,109.02539242802179,110.9558858737461
2024-09-15,2024_09.csv,106.41143232335578,105.3711084497982,103.4969808400004,104.93671601495161,109.03906221396448,110.9558858737461
2024-09-16,2024_09.csv,106.40481116867399,105.36092404508405,103.4969808400004,104.93671601495161,109.03906221396448,110.9558858737461
2024-09-17,2024_09.csv,106.40481116867399,105.36092404508405,103.4969808400004,104.93671601495161,109.03906221396448,110.9558858737461
2024-09-18,2024_09.csv,106.47041496365958,105.45906896758373,103.4969808400004,104.9543635840238,109.03986577635136,110.9558858737461
2024-09-19,2024_09.csv,106.4921926486513,105.47234007773467,103.4969808400004,105.09079255474526,109.03986577635136,110.9558858737461
2024-09-20,2024_09.csv,106.50551445271236,105.49160594325829,103.55407885710184,105.09079255474526,109.03986577635136,110.9558858737461
2024-09-21,2024_09.csv,106.49981483061889,105.48049598158937,103.55407885710184,105.09348856498059,109.05042148816011,110.9558858737461
2024-09-22,2024_09.csv,106.48634797913529,105.45804454326418,103.58304739771123,105.10101359432163,109.05042148816011,110.9558858737461
2024-09-23,2024_09.csv,106.50189569494906,105.48130587617074,103.58304739771123,105.10101359432163,109.05397150816471,110.9558858737461
2024-09-24,2024_09.csv,106.50189569494906,105.48130587617074,103.58304739771123,105.10101359432163,109.05397150816471,110.9558858737461
2024-09-25,2024_09.csv,106.50044699215972,105.49532940323573,103.59147787530966,105.10101359432163,108.96471219198277,110.9558858737461
2024-09-26,2024_09.csv,106.50057494093578,105.49578254610351,103.57953198870257,105.10101359432163,108.96471219198277,110.9558858737461
2024-09-27,2024_09.csv,106.49657972218169,105.48963725473537,103.57953198870257,105.10101359432163,108.96471219198277,110.9558858737461
2024-09-28,2024_09.csv,106.51388594055427,105.50812972503417,103.57953198870257,105.15335630056575,108.96670641635698,110.9558858737461
2024-09-29,2024_09.csv,106.53060153447515,105.5391564663676,103.57953198870257,105.11750317596791,108.96670641635698,110.9558858737461
2024-09-30,2024_09.csv,106.77572744317254,105.90747507957484,103.62447857063833,105.11750317596791,109.00885780720436,110.9558858737461
2024-10-01,2024_10.csv,106.77426884071994,105.90523151354923,103.62447857063833,105.11750317596791,109.00885780720436,110.9558858737461
2024-10-02,2024_10.csv,107.43379778525525,106.68938628159965,104.27899138163765,105.43971482103846,109.92407379499664,110.9558858737461
2024-10-03,2024_10.csv,107.5313078616984,106.67027255215073,104.48553409932465,105.71479145470404,110.59699646287514,110.9558858737461
2024-10-04,2024_10.csv,107.63374495593554,106.74315556879772,104.63094227444603,106.06774820409011,110.75578628557858,110.9558858737461
2024-10-05,2024_10.csv,107.65573745408186,106.77748722465914,104.63094227444603,106.04502835423993,110.77134685025183,110.9558858737461
2024-10-06,2024_10.csv,107.65001475171012,106.76758494575147,104.63094227444603,106.04502835423993,110.77732094195967,110.9558858737461
2024-10-07,2024_10.csv,107.73633074532054,106.77638796156465,104.63094227444603,106.04502835423993,111.45067209407182,110.9558858737461
2024-10-08,2024_10.csv,107.73207351143446,106.77638796156465,104.63094227444603,106.0008595526717,111.45067209407182,110.9558858737461
2024-10-09,2024_10.csv,107.86100741785624,106.97304153788637,104.69524811688584,106.0008595526717,111.45223481073221,110.9558858737461
2024-10-10,2024_10.csv,107.87390245521054,106.99287618690634,104.69524811688584,106.0008595526717,111.45223481073221,110.9558858737461
2024-10-11,2024_10.csv,107.87390245521054,106.99287618690634,104.69524811688584,106.0008595526717,111.45223481073221,110.9558858737461
2024-10-12,2024_10.csv,107.6714891933412,106.70064394403748,104.54659509835473,106.35951328823057,111.07692562734728,110.9558858737461
2024-10-13,2024_10.csv,107.72487709161634,106.72335647319262,104.54659509835473,106.74670354716007,111.08780655824151,110.9558858737461
2024-10-14,2024_10.csv,107.70831499657592,106.73484649819156,104.54659509835473,106.74670354716007,110.88701942177062,110.9558858737461
2024-10-15,2024_10.csv,107.87459027941243,106.98401741888901,104.54659509835473,106.82027346767234,110.86355455644744,110.9558858737461
2024-10-16,2024_10.csv,107.87459027941243,106.98401741888901,104.54659509835473,106.82027346767234,110.86355455644744,110.9558858737461
2024-10-17,2024_10.csv,107.93361393144933,107.04495194510746,104.54659509835473,106.88948880081341,110.96997281138408,110.9558858737461
2024-10-18,2024_10.csv,107.93986798451243,107.06388430831342,104.58645017698733,106.86322422264232,110.93589408532142,110.9558858737461
2024-10-19,2024_10.csv,107.94108213396056,107.06509456825052,104.5708582892182,106.86303359547512,110.94143523255072,110.9558858737461
2024-10-20,2024_10.csv,107.9264875605136,107.07963046576246,104.5708582892182,106.62539892527992,110.93190886762196,110.9558858737461
2024-10-21,2024_10.csv,107.89499210117614,107.08309486737065,104.5708582892182,106.62539892527992,110.64994745239557,110.9558858737461
2024-10-22,2024_10.csv,107.89499210117614,107.08309486737065,104.5708582892182,106.62539892527992,110.64994745239557,110.9558858737461
2024-10-23,2024_10.csv,107.89567445902225,107.09695895078131,104.5708582892182,106.62539892527992,110.58034176660244,110.9558858737461
2024-10-24,2024_10.csv,107.90900110054588,107.117457476685,104.5708582892182,106.62539892527992,110.58034176660244,110.9558858737461
2024-10-25,2024_10.csv,107.93835013923287,107.13022146043379,104.5708582892182,106.62539892527992,110.75622075823647,110.9558858737461
2024-10-26,2024_10.csv,107.95159831262862,107.15059928969016,104.5708582892182,106.62539892527992,110.75622075823647,110.9558858737461
2024-10-27,2024_10.csv,107.971063568941,107.19748970343046,104.60376553536658,106.50745462741693,110.75529830195734,110.9558858737461
2024-10-28,2024_10.csv,107.97462434533146,107.2029667523139,104.60376553536658,106.50745462741693,110.75529830195734,110.9558858737461
2024-10-29,2024_10.csv,107.97257039722386,107.2029667523139,104.60376553536658,106.50745462741693,110.73813763352983,110.9558858737461
2024-10-30,2024_10.csv,108.14140062986728,107.37706350476718,105.12435947879291,106.76141211510853,110.93786201255742,110.9558858737461
2024-10-31,2024_10.csv,108.14140062986728,107.37706350476718,105.12435947879291,106.76141211510853,110.93786201255742,110.9558858737461
2024-11-01,2024_11.csv,108.19007376613662,107.44930914243304,105.24960323485708,106.76096693909818,110.93786201255742,110.9558858737461
2024-11-02,2024_11.csv,108.50545627553187,107.83730465787878,105.4387700921526,107.13042777476383,111.14578835546543,110.9558858737461
2024-11-03,2024_11.csv,108.70873696975475,107.9394153407452,105.69167007931883,107.77007750936043,111.74496248952809,110.9558858737461
2024-11-04,2024_11.csv,108.73797934845308,107.9394153407452,105.69167007931883,108.05868266558004,111.75686843634591,110.9558858737461
2024-11-05,2024_11.csv,108.73797934845308,107.9394153407452,105.69167007931883,108.05868266558004,111.75686843634591,110.9558858737461
2024-11-06,2024_11.csv,108.75223680325752,107.94355830824013,105.69167007931883,108.16405212803782,111.7686314589096,110.9558858737461
2024-11-07,2024_11.csv,108.73253178507319,107.9687611422073,105.707901685088,108.13789890038449,111.48626947784898,110.9558858737461
2024-11-08,2024_11.csv,108.74705017889316,107.99723824267511,105.8672914936479,108.07337774256334,111.48626947784898,110.9558858737461
2024-11-09,2024_11.csv,108.41867178443485,107.61310099533887,105.30361573657686,107.74202086173499,111.1617719801652,110.9558858737461
2024-11-10,2024_11.csv,108.42789019905503,107.63818404424647,105.30361573657686,107.75650457612059,111.09088201659897,110.9558858737461
2024-11-11,2024_11.csv,108.4300748173965,107.64154433990558,105.30361573657686,107.75650457612059,111.09088201659897,110.9558858737461
2024-11-12,2024_11.csv,108.42818270689322,107.64154433990558,105.30361573657686,107.73687392964918,111.09088201659897,110.9558858737461
2024-11-13,2024_11.csv,108.44984108168097,107.68114288048957,105.28706580977303,107.72080086988089,111.0716187412665,110.9558858737461
2024-11-14,2024_11.csv,108.4729307745501,107.71474978844128,105.28706580977303,107.71710539749922,111.08496271519569,110.9558858737461
2024-11-15,2024_11.csv,108.46168530226421,107.72206221813786,105.28706580977303,107.70635744239443,110.95994290504828,110.9558858737461
2024-11-16,2024_11.csv,108.47713542107675,107.74998677620309,105.28706580977303,107.70635744239443,110.9373478545106,110.9558858737461
2024-11-17,2024_11.csv,108.45261144014908,107.75598583762697,105.28706580977303,107.73379903872512,110.6777665125766,110.9558858737461
2024-11-18,2024_11.csv,108.4612690852157,107.76856175788195,105.28706580977303,107.73379903872512,110.6817911167018,110.9558858737461
2024-11-19,2024_11.csv,108.44632327553849,107.76856175788195,105.28706580977303,107.5787362633239,110.6817911167018,110.9558858737461
2024-11-20,2024_11.csv,108.4849800851617,107.8241600968126,105.30216709517049,107.60260049693176,110.6817911167018,110.9558858737461
2024-11-21,2024_11.csv,108.55785077401066,107.88220183109323,105.30216709517049,107.60260049693176,110.97535290872099,110.9558858737461
2024-11-22,2024_11.csv,108.57369552227789,107.89758000406674,105.32018779296705,107.67155033025827,110.9665786896968,110.9558858737461
2024-11-23,2024_11.csv,108.31554179173975,107.92538354566304,105.32018779296705,107.64659969720655,108.67878256860332,110.9558858737461
2024-11-24,2024_11.csv,108.36380232073313,107.99501888863817,105.32018779296705,107.66005826604726,108.6929151056816,110.9558858737461
2024-11-25,2024_11.csv,108.36702002577634,107.99781035424091,105.32018779296705,107.67378342307583,108.69358343349938,110.9558858737461
2024-11-26,2024_11.csv,108.37459943366716,107.99781035424091,105.32018779296705,107.75241977994298,108.69358343349938,110.9558858737461
2024-11-27,2024_11.csv,108.38796022894175,108.01723655889708,105.32453182003229,107.75937826171173,108.69358343349938,110.9558858737461
2024-11-28,2024_11.csv,108.45453568496319,108.10667193598552,105.32453182003229,107.7884809980418,108.74058877317471,110.9558858737461
2024-11-29,2024_11.csv,108.62196594230241,108.36163440881755,105.4444063906192,107.7884809980418,108.74058877317471,110.9558858737461
2024-11-30,2024_11.csv,108.67521002210893,108.48466829831636,105.55050156275755,107.49566076685205,108.74058877317471,110.9558858737461
2024-12-01,2024_12.csv,108.338890097099,107.98110627142076,104.49270098721304,107.5375118069687,108.75547990376191,110.9558858737461
2024-12-02,2024_12.csv,108.45616539022998,108.03246313863454,104.49270098721304,107.806015418873,109.24012605023704,110.9558858737461
2024-12-03,2024_12.csv,108.45781833253373,108.03246313863454,104.49270098721304,107.806015418873,109.25393632845167,110.9558858737461
2024-12-04,2024_12.csv,108.91883992237088,108.1876825025761,104.49270098721304,108.08172806206831,112.04060691137313,110.9558858737461
2024-12-05,2024_12.csv,108.94251372057157,108.21430751222724,104.53593382013804,108.07951008344088,112.09052637651031,110.9558858737461
2024-12-06,2024_12.csv,108.98834231860347,108.25372847087392,104.27670812825748,108.32504558345154,112.09178163724441,110.9558858737461
2024-12-07,2024_12.csv,108.74680968731076,108.23454256380187,104.27670812825748,105.99864617428564,112.05144310410675,110.9558858737461
2024-12-08,2024_12.csv,108.701541650555,108.21620807347355,104.27670812825748,105.69262553155991,112.01925703756133,110.9558858737461
2024-12-09,2024_12.csv,108.701541650555,108.21620807347355,104.27670812825748,105.69262553155991,112.01925703756133,110.9558858737461
2024-12-10,2024_12.csv,108.6989925839129,108.21451816821441,104.27670812825748,105.69262553155991,112.00713887741472,110.9558858737461
2024-12-11,2024_12.csv,108.71903525736279,108.22571953308922,104.26290672039099,105.82701189778143,112.00713887741472,110.9558858737461
2024-12-12,2024_12.csv,108.63125163104644,108.23039310506263,104.26290672039099,105.53818805297949,111.48091300214718,110.9558858737461
2024-12-13,2024_12.csv,108.61106672282338,108.22013866253134,104.26290672039099,105.39793651967328,111.48091300214718,110.9558858737461
2024-12-14,2024_12.csv,108.65832519468836,108.2148664233219,104.26290672039099,105.90545719768578,111.49568826213475,110.9558858737461
2024-12-15,2024_12.csv,108.77591406513177,108.43549717798562,104.26290672039099,105.81905954698452,111.34929573433001,110.9558858737461
2024-12-16,2024_12.csv,108.76683518035321,108.43669331035615,104.26290672039099,105.47021086201748,111.43314085126877,111.07046522974687
2024-12-17,2024_12.csv,108.76683518035321,108.43669331035615,104.26290672039099,105.47021086201748,111.43314085126877,111.07046522974687
2024-12-18,2024_12.csv,108.81055263775114,108.50321055175833,104.26290672039099,105.46995765363108,111.43729510951336,111.07046522974687
2024-12-19,2024_12.csv,108.81957935624658,108.5170951019337,104.26290672039099,105.46995765363108,111.43729510951336,111.07046522974687
2024-12-20,2024_12.csv,108.81957935624658,108.5170951019337,104.26290672039099,105.46995765363108,111.43729510951336,111.07046522974687
2024-12-21,2024_12.csv,108.81957935624658,108.5170951019337,104.26290672039099,105.46995765363108,111.43729510951336,111.07046522974687
2024-12-22,2024_12.csv,108.81957935624658,108.5170951019337,104.26290672039099,105.46995765363108,111.43729510951336,111.07046522974687
2024-12-23,2024_12.csv,108.8301506848094,108.53038042506522,104.26290672039099,105.4801432084436,111.44525274273968,111.07046522974687
2024-12-24,2024_12.csv,108.8301506848094,108.53038042506522,104.26290672039099,105.4801432084436,111.44525274273968,111.07046522974687
2024-12-25,2024_12.csv,108.87853499781127,108.5867864660384,104.31286746019437,105.440305375929,111.56937450360188,111.07046522974687
2024-12-26,2024_12.csv,108.87730911348382,108.5849008580556,104.31286746019437,105.440305375929,111.56937450360188,111.07046522974687
2024-12-27,2024_12.csv,108.87730911348382,108.5849008580556,104.31286746019437,105.440305375929,111.56937450360188,111.07046522974687
2024-12-28,2024_12.csv,108.87309574585076,108.5784200184971,104.31286746019437,105.440305375929,111.56937450360188,111.07046522974687
2024-12-29,2024_12.csv,108.89225541593294,108.60789068391492,104.31286746019437,105.440305375929,111.56937450360188,111.07046522974687
2024-12-30,2024_12.csv,108.88780550458594,108.60104600194053,104.31286746019437,105.440305375929,111.56937450360188,111.07046522974687
2024-12-31,2024_12.csv,108.88780550458594,108.60104600194053,104.31286746019437,105.440305375929,111.56937450360188,111.07046522974687
2025-01-01,2025_01.csv,108.88612000667402,108.59773207769761,104.31286746019437,105.44517097213262,111.56937450360188,111.07046522974687
2025-01-02,2025_01.csv,109.73549366355475,109.57373225139942,105.75484971072297,105.97094645617533,112.77295911672508,111.07046522974687
2025-01-03,2025_01.csv,109.73549366355475,109.57373225139942,105.75484971072297,105.97094645617533,112.77295911672508,111.07046522974687
2025-01-04,2025_01.csv,109.91681515407366,109.84209182787039,105.99276283960978,106.00586480971926,112.77437186479025,111.07046522974687
2025-01-05,2025_01.csv,110.13527363131622,109.94931503047702,106.13288705538749,106.70907662946104,113.43454405441265,111.07046522974687
2025-01-06,2025_01.csv,110.13527363131622,109.94931503047702,106.13288705538749,106.70907662946104,113.43454405441265,111.07046522974687
2025-01-07,2025_01.csv,110.4012870055303,110.05582465598386,106.14765554214284,107.02980869920997,114.81853301480598,111.07046522974687
2025-01-08,2025_01.csv,110.4012870055303,110.05582465598386,106.14765554214284,107.02980869920997,114.81853301480598,111.07046522974687
2025-01-09,2025_01.csv,110.44777381838378,110.10135459643874,106.13382332910156,107.0292225986669,114.96170402613326,111.07046522974687
2025-01-10,2025_01.csv,110.42218879689494,110.06200070335129,106.13382332910156,107.0292225986669,114.96170402613326,111.07046522974687
2025-01-11,2025_01.csv,110.42218879689494,110.06200070335129,106.13382332910156,107.0292225986669,114.96170402613326,111.07046522974687
2025-01-12,2025_01.csv,110.43347842502041,110.0804431123254,106.1208720154329,106.98412664619286,114.99367847609318,111.07046522974687
2025-01-13,2025_01.csv,110.34248583579672,109.94048182170775,106.1208720154329,106.98412664619286,114.99367847609318,111.07046522974687
2025-01-14,2025_01.csv,110.08521032020055,109.68644626910388,105.9702432863506,106.7314955832789,114.44501736782655,111.07046522974687
2025-01-15,2025_01.csv,110.11840732711322,109.73734702049151,105.97777440185551,106.7314955832789,114.44501736782655,111.07046522974687
2025-01-16,2025_01.csv,110.12250866460256,109.7503287004524,105.97777440185551,106.71576974027072,114.4214341624121,111.07046522974687
2025-01-17,2025_01.csv,110.13069995352404,109.76292822508465,105.97777440185551,106.71576974027072,114.4214341624121,111.07046522974687
2025-01-18,2025_01.csv,110.18381777957023,109.80140883988386,106.99773451002548,106.81418145025006,114.45807977330122,111.07046522974687
2025-01-19,2025_01.csv,110.18707008231449,109.8016709675903,106.99773451002548,106.84761136773278,114.4569077867545,111.07046522974687
2025-01-20,2025_01.csv,110.20413688515845,109.82792246535664,106.99773451002548,106.84761136773278,114.4569077867545,111.07046522974687
2025-01-21,2025_01.csv,110.20413688515845,109.82792246535664,106.99773451002548,106.84761136773278,114.4569077867545,111.07046522974687
2025-01-22,2025_01.csv,110.24535943594773,109.87165703427966,106.99773451002548,106.9529040308047,114.47897195109574,111.07046522974687
2025-01-23,2025_01.csv,110.24535943594773,109.87165703427966,106.99773451002548,106.9529040308047,114.47897195109574,111.07046522974687
2025-01-24,2025_01.csv,110.24535943594773,109.87165703427966,106.99773451002548,106.9529040308047,114.47897195109574,111.07046522974687
2025-01-25,2025_01.csv,110.25506135927553,109.8854849364448,106.99773451002548,106.96029137549641,114.47897195109574,111.07046522974687
2025-01-26,2025_01.csv,110.25763363038244,109.88944150463362,106.99773451002548,106.96029137549641,114.47897195109574,111.07046522974687
2025-01-27,2025_01.csv,110.26827760924044,109.90581366231133,106.99773451002548,106.96029137549641,114.47897195109574,111.07046522974687
2025-01-28,2025_01.csv,110.26630294238339,109.90581366231133,106.99773451002548,106.93980420685438,114.47897195109574,111.07046522974687
2025-01-29,2025_01.csv,110.44943262969954,110.18087106976462,107.16510525753648,106.96026969014957,114.47897195109574,111.07046522974687
2025-01-30,2025_01.csv,110.49586348521223,110.2481209328034,107.23402918399434,106.97138961203926,114.48462483879734,111.07046522974687
2025-01-31,2025_01.csv,110.56083699758982,110.34345633246934,107.30233985112079,107.07437091746802,114.41874201712834,111.07046522974687
2025-02-01,2025_02.csv,110.63383285078451,110.42075871078552,107.3034228218105,107.09465870342699,114.59226587566329,111.07046522974687
2025-02-02,2025_02.csv,111.06377702972922,110.9524611597772,107.5490871540428,107.3532677209804,115.05944917839093,111.07046522974687
2025-02-03,2025_02.csv,111.18556607780101,111.02354355950304,107.91397461676677,107.56404375412048,115.4786206606324,111.07046522974687
2025-02-04,2025_02.csv,111.18428141837916,111.02112906254432,107.91397461676677,107.56700135345386,115.4786206606324,111.07046522974687
2025-02-05,2025_02.csv,111.21170319839823,111.06330818674823,107.91397461676677,107.56700135345386,115.4786206606324,111.07046522974687
2025-02-06,2025_02.csv,111.21136723664725,111.06403002092935,107.91397461676677,107.56318356153005,115.47496732127843,111.07046522974687
2025-02-07,2025_02.csv,111.2306184586574,111.08607180713038,107.91397461676677,107.59908358256673,115.48717411656226,111.07046522974687
2025-02-08,2025_02.csv,111.07500500479185,110.85530300055251,107.51367017122064,107.59908358256673,115.48717411656226,111.07046522974687
2025-02-09,2025_02.csv,111.06356086571986,110.82390915656934,107.51367017122064,107.59621464027924,115.5643937746016,111.07046522974687
2025-02-10,2025_02.csv,110.99542827025968,110.71911022651258,107.51367017122064,107.59621464027924,115.5643937746016,111.07046522974687
2025-02-11,2025_02.csv,111.03726087932458,110.78292055082858,107.51367017122064,107.59817979542036,115.5657171436555,111.07046522974687
2025-02-12,2025_02.csv,111.03726087932458,110.78292055082858,107.51367017122064,107.59817979542036,115.5657171436555,111.07046522974687
2025-02-13,2025_02.csv,111.05323790287525,110.79227363600491,107.50044318011942,107.69617752427087,115.57102498249701,111.07046522974687
2025-02-14,2025_02.csv,110.98885249756061,110.69323848927857,107.50044318011942,107.69617752427087,115.57102498249701,111.07046522974687
2025-02-15,2025_02.csv,110.8093503103014,110.35056655386082,107.12633009073677,107.35321376821234,114.77740695020663,112.54351197557432
2025-02-16,2025_02.csv,110.81612619686216,110.36118865648987,107.12633009073677,107.3518668102246,114.77740695020663,112.54351197557432
2025-02-17,2025_02.csv,110.87968443364565,110.36443842160425,107.12633009073677,107.3518668102246,114.78213776725275,113.05148327719657
2025-02-18,2025_02.csv,110.87968443364565,110.36443842160425,107.12633009073677,107.3518668102246,114.78213776725275,113.05148327719657
2025-02-19,2025_02.csv,110.90425765230178,110.40223599860568,107.12633009073677,107.3518668102246,114.78213776725275,113.05148327719657
2025-02-20,2025_02.csv,110.8626524368239,110.40020616770921,107.12633009073677,107.34817773672528,114.44852398441768,113.05148327719657
2025-02-21,2025_02.csv,110.80562348115818,110.31248642805073,107.12633009073677,107.34817773672528,114.44852398441768,113.05148327719657
2025-02-22,2025_02.csv,110.79015779477605,110.28869770586142,107.12633009073677,107.34817773672528,114.44852398441768,113.05148327719657
2025-02-23,2025_02.csv,110.86809848161163,110.40747771783234,107.12633009073677,107.34817773672528,114.45452798900838,113.05148327719657
2025-02-24,2025_02.csv,110.84319807692508,110.40512330846309,107.12633009073677,107.10571668419342,114.45452798900838,113.05148327719657
2025-02-25,2025_02.csv,110.84055971814824,110.40106508676978,107.12633009073677,107.10571668419342,114.45452798900838,113.05148327719657
2025-02-26,2025_02.csv,110.90465714245123,110.48838933560116,107.11621184341772,107.10571668419342,114.5169123781603,113.05148327719657
2025-02-27,2025_02.csv,110.92991914263575,110.526521435118,107.11621184341772,107.09290401164034,114.5311680893628,113.05148327719657
2025-02-28,2025_02.csv,110.93256511904508,110.53077407929952,107.10769735934598,107.09290401164034,114.5311680893628,113.05148327719657
2025-03-01,2025_03.csv,110.92851516719672,110.52051995313559,107.14635942388145,107.09290401164034,114.54852280917673,113.05148327719657
2025-03-02,2025_03.csv,110.9820195051632,110.5981498737644,107.22448377088733,107.09290401164034,114.5647746195837,113.05148327719657
2025-03-03,2025_03.csv,110.98248480571172,110.5981498737644,107.22448377088733,107.09290401164034,114.5686621902594,113.05148327719657
2025-03-04,2025_03.csv,110.98248480571172,110.5981498737644,107.22448377088733,107.09290401164034,114.5686621902594,113.05148327719657
2025-03-05,2025_03.csv,110.98248480571172,110.5981498737644,107.22448377088733,107.09290401164034,114.5686621902594,113.05148327719657
2025-03-06,2025_03.csv,110.98248480571172,110.5981498737644,107.22448377088733,107.09290401164034,114.5686621902594,113.05148327719657
2025-03-07,2025_03.csv,111.14479823273658,110.66720246310234,107.24909680188982,107.34188045224316,115.34633743023693,113.05148327719657
2025-03-08,2025_03.csv,111.16252040931532,110.69026928519375,107.24909680188982,107.34188045224316,115.36911153945792,113.05148327719657
2025-03-09,2025_03.csv,111.20289619281172,110.7174542894209,107.33446345444254,107.42301357456924,115.48350032907497,113.05148327719657
2025-03-10,2025_03.csv,111.11208108592845,110.69612980911585,107.33446345444254,107.32145107657551,114.92236125396445,113.05148327719657
2025-03-11,2025_03.csv,111.33502858359384,111.02714943988576,107.77431759908787,107.33811907782066,114.92236125396445,113.05148327719657
2025-03-12,2025_03.csv,111.38646085472729,111.09820647591799,107.8912668575609,107.33811907782066,114.95247824309834,113.05148327719657
2025-03-13,2025_03.csv,111.43233145662262,111.17087161888179,107.88788100291099,107.33811907782066,114.94141858835711,113.05148327719657
2025-03-14,2025_03.csv,111.43796940222602,111.17946837852628,107.88788100291099,107.33811907782066,114.94182766062747,113.05148327719657
2025-03-15,2025_03.csv,111.48849870762572,111.34628650898847,107.88788100291099,106.78935202365211,114.8997986200585,113.05148327719657
2025-03-16,2025_03.csv,111.36924838379161,111.4247932475831,108.05307422800087,106.4567130655662,114.69094084419774,112.08747259698627
2025-03-17,2025_03.csv,111.37628875944586,111.43646160396035,108.0139692294078,106.4567130655662,114.69094084419774,112.08747259698627
2025-03-18,2025_03.csv,111.37628875944586,111.43646160396035,108.0139692294078,106.4567130655662,114.69094084419774,112.08747259698627
2025-03-19,2025_03.csv,111.3998375272319,111.4726834101526,108.0139692294078,106.4567130655662,114.69094084419774,112.08747259698627
2025-03-20,2025_03.csv,111.45399947094687,111.56711155710089,108.0139692294078,106.4567130655662,114.63054840753433,112.08747259698627
2025-03-21,2025_03.csv,111.48159921489994,111.59715170530903,108.0139692294078,106.48196401760117,114.67763709391451,112.08747259698627
2025-03-22,2025_03.csv,111.47752892719834,111.59780749321523,108.0139692294078,106.47006626465371,114.64964911082457,112.08747259698627
2025-03-23,2025_03.csv,111.50175505567823,111.63872704976795,108.0139692294078,106.44540724660835,114.64964911082457,112.08747259698627
2025-03-24,2025_03.csv,111.50435778255091,111.63872704976795,108.0139692294078,106.47252449809103,114.64955733891911,112.08747259698627
2025-03-25,2025_03.csv,111.49384440461002,111.6225557773829,108.0139692294078,106.47252449809103,114.64955733891911,112.08747259698627
2025-03-26,2025_03.csv,111.49553560449198,111.62812434184228,108.03110432164299,106.47252449809103,114.63144279307896,112.08747259698627
2025-03-27,2025_03.csv,111.48045738731466,111.60493160983681,108.03110432164299,106.47252449809103,114.63144279307896,112.08747259698627
2025-03-28,2025_03.csv,111.65579090676647,111.87334553012863,108.09063106693068,106.47252449809103,114.63144279307896,112.08747259698627
2025-03-29,2025_03.csv,111.7984100601154,111.9523296154962,108.12309021704034,106.50221194494837,115.36630572332223,112.08747259698627
2025-03-30,2025_03.csv,111.86973520991674,111.99892751603855,108.1472788300871,106.58325366842223,115.64103299352423,112.08747259698627
2025-03-31,2025_03.csv,112.13606160261665,112.40005523899131,108.54457534510604,106.58325366842223,115.64103299352423,112.08747259698627
2025-04-01,2025_04.csv,112.13606160261665,112.40005523899131,108.54457534510604,106.58325366842223,115.64103299352423,112.08747259698627
2025-04-02,2025_04.csv,113.68420473811909,113.04226800796506,109.6068600487039,108.5766696586729,118.22297306349303,117.21595090964857
2025-04-03,2025_04.csv,113.86863659463425,113.05165659150553,109.64808363105985,108.60882595358261,119.68219805322235,117.21595090964857
2025-04-04,2025_04.csv,113.95671289968776,113.07717996626924,109.64808363105985,109.04408787660473,119.92891954087021,117.21595090964857
2025-04-05,2025_04.csv,113.98569298631762,113.11619057652477,109.81536211616455,109.0485493959491,119.93605962478097,117.21595090964857
2025-04-06,2025_04.csv,113.90452707920556,113.11408720702902,109.82304024589573,108.79301379639735,119.47423359213249,117.21595090964857
2025-04-07,2025_04.csv,113.90522462746864,113.11408720702902,109.82304024589573,108.80025085962696,119.47423359213249,117.21595090964857
2025-04-08,2025_04.csv,113.7271558252332,112.8155825097417,110.75172094034286,108.7979589545087,119.50149099117156,117.21595090964857
2025-04-09,2025_04.csv,113.76094397657941,112.81929658650634,110.75172094034286,109.07668296196098,119.53915990951478,117.21595090964857
2025-04-10,2025_04.csv,113.76373952303217,112.82359658821909,110.75172094034286,109.07668296196098,119.53915990951478,117.21595090964857
2025-04-11,2025_04.csv,113.76475337172349,112.82305946698334,110.75172094034286,109.07668296196098,119.55054811048531,117.21595090964857
2025-04-12,2025_04.csv,114.0762159402394,113.30062882037541,111.23469438758471,109.07668296196098,119.50245844237963,117.21595090964857
2025-04-13,2025_04.csv,114.2291815823329,113.5047866772045,111.27894599562747,109.28020632945234,119.5024843371175,117.21595090964857
2025-04-14,2025_04.csv,114.2291815823329,113.5047866772045,111.27894599562747,109.28020632945234,119.5024843371175,117.21595090964857
2025-04-15,2025_04.csv,114.2291815823329,113.5047866772045,111.27894599562747,109.28020632945234,119.5024843371175,117.21595090964857
2025-04-16,2025_04.csv,114.32202026248738,113.62980585424388,111.55366691632408,109.29760721324959,119.55303741129757,117.21595090964857
2025-04-17,2025_04.csv,114.56015872075518,113.78697940768193,111.55366691632408,109.31630770045386,120.67388344558063,117.21595090964857
2025-04-18,2025_04.csv,114.81968137353059,114.10628138278558,111.63756810671532,109.38914366747137,121.03937208280729,117.21595090964857
2025-04-19,2025_04.csv,114.82768603413056,114.13104993005169,111.62223037746426,109.61045233296456,120.79528153748359,117.21595090964857
2025-04-20,2025_04.csv,114.82768603413056,114.13104993005169,111.62223037746426,109.61045233296456,120.79528153748359,117.21595090964857
2025-04-21,2025_04.csv,114.82768603413056,114.13104993005169,111.62223037746426,109.61045233296456,120.79528153748359,117.21595090964857
2025-04-22,2025_04.csv,114.84790275714249,114.13104993005169,111.62223037746426,109.82020083421331,120.79528153748359,117.21595090964857
2025-04-23,2025_04.csv,114.9426376429592,114.27335997725851,111.66327581481701,109.82020083421331,120.80900624960213,117.21595090964857
2025-04-24,2025_04.csv,114.95630312724269,114.28833312575605,111.66327581481701,109.80481468974634,120.85424038034093,117.21595090964857
2025-04-25,2025_04.csv,114.97106909437468,114.31104556678717,111.66327581481701,109.80481468974634,120.85424038034093,117.21595090964857
2025-04-26,2025_04.csv,114.95716852446296,114.21945362190795,111.66327581481701,109.72791803216542,121.29753433895776,117.21595090964857
2025-04-27,2025_04.csv,114.99716489524344,114.2791176156618,111.74981068412038,109.72791803216542,121.29753433895776,117.21595090964857
2025-04-28,2025_04.csv,115.02619306099075,114.32390702205501,111.7433142513416,109.72791803216542,121.29753433895776,117.21595090964857
2025-04-29,2025_04.csv,115.02619306099075,114.32390702205501,111.7433142513416,109.72791803216542,121.29753433895776,117.21595090964857
2025-04-30,2025_04.csv,115.23657460774913,114.37246332557238,111.91351761919233,110.74297878702436,121.9542529626691,117.21595090964857
2025-05-01,2025_05.csv,115.75811414037078,114.9140428363532,112.0437812251319,111.748558139525,122.54497925991694,117.21595090964857
2025-05-02,2025_05.csv,117.10175103648581,116.39687612699387,112.55935345016543,112.68329513746318,124.9037498098863,117.21595090964857
2025-05-03,2025_05.csv,117.10175103648581,116.39687612699387,112.55935345016543,112.68329513746318,124.9037498098863,117.21595090964857
2025-05-04,2025_05.csv,117.84890489973299,116.92278310704458,112.95072323462816,113.39495914464335,127.67086211025324,117.21595090964857
2025-05-05,2025_05.csv,117.8495893311664,116.92383587307285,112.95072323462816,113.39495914464335,127.67086211025324,117.21595090964857
2025-05-06,2025_05.csv,117.8495893311664,116.92383587307285,112.95072323462816,113.39495914464335,127.67086211025324,117.21595090964857
2025-05-07,2025_05.csv,119.36315166517265,117.14447410991609,113.90652869469815,113.91380984733615,128.77183577738373,127.02006012553527
2025-05-08,2025_05.csv,120.36566798411666,118.03524853998779,114.9200845899604,115.1008080661548,130.903715391956,127.35121099504305
2025-05-09,2025_05.csv,120.53969914530231,118.3040797732203,114.96494592435715,115.08660392116411,130.903715391956,127.35121099504305
2025-05-10,2025_05.csv,120.35129648864552,118.08334610167383,114.97580606354792,115.2468190749855,130.39830919731867,127.35121099504305
2025-05-11,2025_05.csv,120.29019982112857,118.00572060670312,115.04425461804091,115.2468190749855,130.301515691865,127.35121099504305
2025-05-12,2025_05.csv,120.35697402634074,118.10111586157426,115.04425461804091,115.24670522851308,130.34133683743752,127.35121099504305
2025-05-13,2025_05.csv,120.35697402634074,118.10111586157426,115.04425461804091,115.24670522851308,130.34133683743752,127.35121099504305
2025-05-14,2025_05.csv,120.79760552881584,118.74063731105555,115.05569436715247,115.2121324981953,130.57556144061834,127.35121099504305
2025-05-15,2025_05.csv,120.79144677872969,118.75175013945699,115.05569436715247,114.90655548328962,130.70982332173747,127.35121099504305
2025-05-16,2025_05.csv,120.90148405077595,118.90268629648183,115.05569436715247,115.0006244685979,130.73357430060037,127.35121099504305
2025-05-17,2025_05.csv,120.90229355705246,118.90394989302278,115.05569436715247,115.00050005441656,130.73357430060037,127.35121099504305
2025-05-18,2025_05.csv,121.68322675446562,119.68950225924893,115.26678169016628,116.30693878293121,130.8596155009509,128.40481525134203
2025-05-19,2025_05.csv,121.8420447182368,119.89731214036365,115.26678169016628,116.5511950730177,130.86105598922188,128.40481525134203
2025-05-20,2025_05.csv,121.8420447182368,119.89731214036365,115.26678169016628,116.5511950730177,130.86105598922188,128.40481525134203
2025-05-21,2025_05.csv,122.35584445255724,120.36938775442505,118.0951674254366,116.66274536826104,132.17012368010373,128.40481525134203
2025-05-22,2025_05.csv,122.78044394810306,120.59913006052636,118.42933777093059,117.26455318531492,133.9461425905796,128.40481525134203
2025-05-23,2025_05.csv,122.95021263737388,120.73386535946597,119.1974782234443,117.58237918807058,134.28722452630447,128.40481525134203
2025-05-24,2025_05.csv,123.10149002732035,120.96756846970281,119.1974782234443,117.58237918807058,134.2817163418027,128.40481525134203
2025-05-25,2025_05.csv,123.19364217479004,121.11062547770095,119.1974782234443,117.57722650619708,134.27873857626307,128.40481525134203
2025-05-26,2025_05.csv,123.34990103928403,121.23256992855565,119.1974782234443,117.64473271031886,134.8675371884047,128.40481525134203
2025-05-27,2025_05.csv,123.35591029701648,121.2418131369868,119.1974782234443,117.64473271031886,134.8675371884047,128.40481525134203
2025-05-28,2025_05.csv,124.14369927520535,121.44207292568979,119.59049963590967,118.26046038816224,134.91576686541796,133.30262710633394
2025-05-29,2025_05.csv,124.33584609884751,121.65427834942975,119.66052442151158,118.4785820767168,135.18467753164694,133.30262710633394
2025-05-30,2025_05.csv,125.66014585878159,123.05037094992761,122.41365019305742,118.64572946580923,138.21038143967118,133.30262710633394
2025-05-31,2025_05.csv,125.81852837509051,123.21122692434622,122.41365019305742,118.62833583055026,138.6739336145365,133.30262710633394
2025-06-01,2025_06.csv,126.52451110684603,123.27040992226682,122.38940076430673,121.44985498928875,141.9815891094485,133.30262710633394
2025-06-02,2025_06.csv,126.91284549921244,123.75860752303251,122.635369760229,121.86811934917127,142.20882749866365,133.30262710633394
2025-06-03,2025_06.csv,127.8285473735584,124.85229646485044,124.4638715801331,122.06693399566123,143.5455713500034,133.30262710633394
2025-06-04,Forward Fill,127.8285473735584,124.85229646485044,124.4638715801331,122.06693399566123,143.5455713500034,133.30262710633394
2025-06-05,Forward Fill,127.8285473735584,124.85229646485044,124.4638715801331,122.06693399566123,143.5455713500034,133.30262710633394
2025-06-06,Forward Fill,127.8285473735584,124.85229646485044,124.4638715801331,122.06693399566123,143.5455713500034,133.30262710633394
2025-06-07,Forward Fill,127.8285473735584,124.85229646485044,124.4638715801331,122.06693399566123,143.5455713500034,133.30262710633394
2025-06-08,Forward Fill,127.8285473735584,124.85229646485044,124.4638715801331,122.06693399566123,143.5455713500034,133.30262710633394
2025-06-09,Forward Fill,127.8285473735584,124.85229646485044,124.4638715801331,122.06693399566123,143.5455713500034,133.30262710633394
2025-06-10,Forward Fill,127.8285473735584,124.85229646485044,124.4638715801331,122.06693399566123,143.5455713500034,133.30262710633394
2025-06-11,2025_06.csv,128.5371028505714,125.96083411215459,124.61516195989806,123.14340497913916,142.5596735301753,133.30262710633394
2025-06-12,2025_06.csv,128.5371028505714,125.96083411215459,124.61516195989806,123.14340497913916,142.5596735301753,133.30262710633394
2025-06-13,2025_06.csv,128.79714967356273,126.26087992136581,124.74682886294167,123.15613158806022,143.07697555688023,133.30262710633394
2025-06-14,2025_06.csv,128.79714967356273,126.26087992136581,124.74682886294167,123.15613158806022,143.07697555688023,133.30262710633394
2025-06-15,2025_06.csv,128.87810726122805,126.38170416006886,124.78049125341373,123.15613158806022,143.09315829821824,133.30262710633394
2025-06-16,2025_06.csv,128.90217096547715,126.39250734617575,124.78049125341373,123.30073090345931,143.11908359148487,133.30262710633394
2025-06-17,2025_06.csv,128.90497755059374,126.39250734617575,124.78049125341373,123.329849224044,143.11908359148487,133.30262710633394
2025-06-18,2025_06.csv,129.04222957771668,126.52437582153034,124.78049125341373,123.82333237093131,143.15213712308065,133.30262710633394
2025-06-19,2025_06.csv,129.20120362631235,126.72988481316072,124.78049125341373,123.82333237093131,143.3640787440942,133.30262710633394
2025-06-20,2025_06.csv,129.4796904847641,127.13943634968567,124.78049125341373,123.92398682698085,143.38517323753354,133.30262710633394
2025-06-21,2025_06.csv,129.4796904847641,127.13943634968567,124.78049125341373,123.92398682698085,143.38517323753354,133.30262710633394
2025-06-22,2025_06.csv,129.4918894764486,127.15186716970697,125.07563269248797,123.92398682698085,143.38517323753354,133.30262710633394
2025-06-23,2025_06.csv,129.4996079677456,127.16373945527181,125.07563269248797,123.92398682698085,143.38517323753354,133.30262710633394
2025-06-24,2025_06.csv,129.4996079677456,127.16373945527181,125.07563269248797,123.92398682698085,143.38517323753354,133.30262710633394
2025-06-25,2025_06.csv,130.19665240791818,127.37340792027885,125.07563269248797,125.749408998452,144.6882821103942,135.21188910944312
2025-06-26,2025_06.csv,130.21088080929664,127.39028431293303,125.07860591512956,125.78276594915606,144.6882821103942,135.21188910944312
2025-06-27,2025_06.csv,130.5622079046758,127.61534000250913,125.2391401538697,127.76583322113908,144.78548213731514,135.21188910944312
2025-06-28,2025_06.csv,130.6672421515857,127.77689962930934,125.2391401538697,127.76583322113908,144.78548213731514,135.21188910944312
2025-06-29,2025_06.csv,130.69311283123727,127.76725498657291,125.2391401538697,127.85832173868964,144.97953764517413,135.21188910944312
2025-06-30,2025_06.csv,130.69856012374237,127.77563380176974,125.2391401538697,127.85832173868964,144.97953764517413,135.21188910944312
2025-07-01,2025_07.csv,131.38030236691725,127.74228628349763,125.2391401538697,130.23396671294253,147.45166246618086,136.70175929221458
2025-07-02,2025_07.csv,131.80224220328518,128.3520796056343,125.85205728137183,130.23396671294253,147.59324838208303,136.70175929221458
2025-07-03,2025_07.csv,132.64911199202618,129.50698902699241,126.3695214542503,130.85269781674222,147.83701756362606,136.70175929221458
2025-07-04,2025_07.csv,132.66382712011415,129.51299251705552,126.3695214542503,130.97975381249728,147.82503434483283,136.70175929221458
2025-07-05,2025_07.csv,132.66382712011415,129.51299251705552,126.3695214542503,130.97975381249728,147.82503434483283,136.70175929221458
2025-07-06,2025_07.csv,132.55585635916847,129.4939589969201,126.36445098518787,130.69570409593337,147.25566392758557,136.70175929221458
2025-07-07,2025_07.csv,132.5346157844292,129.45694315798275,126.48780458082719,130.69570409593337,147.26488418402337,136.70175929221458
2025-07-08,2025_07.csv,132.77299154144342,129.7261727097881,126.45568899970179,131.38529505513532,147.2425249141375,136.70175929221458
2025-07-09,2025_07.csv,132.77299154144342,129.7261727097881,126.45568899970179,131.38529505513532,147.2425249141375,136.70175929221458
2025-07-10,2025_07.csv,132.81532647358284,129.7433242019995,126.45568899970179,131.67647699765962,147.26858035959685,136.70175929221458
2025-07-11,2025_07.csv,132.8138517523618,129.74324448588337,126.45568899970179,131.67647699765962,147.25669211367625,136.70175929221458
2025-07-12,2025_07.csv,133.13671923865215,130.2333855370296,126.86642658788914,131.6444796401438,147.26979031020326,136.70175929221458
2025-07-13,2025_07.csv,133.17818693127822,130.27625155667292,127.62840985713233,131.62512861348085,147.31018177384013,136.70175929221458
2025-07-14,2025_07.csv,133.191670702466,130.3093210426465,127.62840985713233,131.541966881038,147.31018177384013,136.70175929221458
2025-07-15,2025_07.csv,133.2074423790158,130.33358042710785,127.62840985713233,131.541966881038,147.31018177384013,136.70175929221458
2025-07-16,2025_07.csv,133.12417297431713,130.17726084049661,127.690495384078,131.7321626314951,147.30316280325013,136.70175929221458
2025-07-17,2025_07.csv,133.23711628311966,130.35007707107215,127.7200898095395,131.7321626314951,147.30464985079385,136.70175929221458
2025-07-18,2025_07.csv,133.23778351825638,130.3535626221892,127.76484998570047,131.70909647789188,147.30464985079385,136.70175929221458
2025-07-19,2025_07.csv,133.24170794018255,130.35959901660766,127.76484998570047,131.70909647789188,147.30464985079385,136.70175929221458
2025-07-20,2025_07.csv,133.33115752601447,130.49679883597113,127.76484998570047,131.71171412298773,147.30464985079385,136.70175929221458
2025-07-21,2025_07.csv,133.33115752601447,130.49679883597113,127.76484998570047,131.71171412298773,147.30464985079385,136.70175929221458
2025-07-22,2025_07.csv,133.36838773094073,130.55406501111466,127.76484485400916,131.71171412298773,147.30464985079385,136.70175929221458
2025-07-23,2025_07.csv,133.40878987621147,130.57387777244145,127.75873117605616,131.998132875992,147.30464985079385,136.70175929221458
2025-07-24,2025_07.csv,133.36753633981678,130.50711978945722,127.75873117605616,131.998132875992,147.32259313641038,136.70175929221458
2025-07-25,2025_07.csv,133.36186180893662,130.4867705953056,127.75873117605616,132.07651627142604,147.32259313641038,136.70175929221458
2025-07-26,2025_07.csv,133.37254471448938,130.50225971321646,127.75873117605616,132.08287629720618,147.32259313641038,136.70175929221458
2025-07-27,2025_07.csv,133.45283490264933,130.52986323474659,127.83056028557601,132.5996705456749,147.4189330045047,136.70175929221458
2025-07-28,2025_07.csv,133.45283490264933,130.52986323474659,127.83056028557601,132.5996705456749,147.4189330045047,136.70175929221458
2025-07-29,2025_07.csv,133.5281233978068,130.63749877792935,127.88945374542965,132.5996705456749,147.45644802489375,136.70175929221458
2025-07-30,2025_07.csv,133.60327999061087,130.6700086000458,127.98269847313784,132.5996705456749,147.89692414525152,136.70175929221458
2025-07-31,2025_07.csv,133.69999383500277,130.81705601681583,127.98269847313784,132.61358267696843,147.89503129548172,136.70175929221458
2025-08-01,2025_08.csv,133.7172147419561,130.82649774556373,128.03458085128833,132.09492474616883,148.39925291682655,136.70175929221458
2025-08-02,2025_08.csv,133.7172147419561,130.82649774556373,128.03458085128833,132.09492474616883,148.39925291682655,136.70175929221458
2025-08-03,2025_08.csv,133.5478492819342,130.62799481863462,127.61148511869487,132.35853262554204,147.8994675066641,136.70175929221458
2025-08-04,2025_08.csv,133.5478492819342,130.62799481863462,127.61148511869487,132.35853262554204,147.8994675066641,136.70175929221458
2025-08-05,2025_08.csv,133.59613074334683,130.67678769459383,127.8149546486562,132.36958171045814,148.00521149609017,136.70175929221458
2025-08-06,2025_08.csv,133.55588903837722,130.67396320700493,128.02478024508065,132.3337528540379,147.6887318151258,136.70175929221458
2025-08-07,2025_08.csv,133.55588903837722,130.67396320700493,128.02478024508065,132.3337528540379,147.6887318151258,136.70175929221458
2025-08-08,2025_08.csv,133.55588903837722,130.67396320700493,128.02478024508065,132.3337528540379,147.6887318151258,136.70175929221458
2025-08-09,2025_08.csv,133.55588903837722,130.67396320700493,128.02478024508065,132.3337528540379,147.6887318151258,136.70175929221458
2025-08-10,2025_08.csv,133.54962955614099,130.68627697057826,128.02478024508065,132.3146995426533,147.5848918879225,136.70175929221458
2025-08-11,2025_08.csv,133.56001362210205,130.68627697057826,128.02478024508065,132.42243422699923,147.5848918879225,136.70175929221458
2025-08-12,2025_08.csv,133.5563051568949,130.6805727524542,128.02478024508065,132.42243422699923,147.5848918879225,136.70175929221458
2025-08-13,2025_08.csv,133.69148186211922,130.87990608937926,128.1561702562607,132.45114422665986,147.59311790255558,136.70175929221458
2025-08-14,2025_08.csv,133.5483640502774,130.66252672448925,128.1561702562607,132.45114422665986,147.57813196654982,136.70175929221458
2025-08-15,2025_08.csv,133.5867230439702,130.71252770565877,128.1561702562607,132.44578932029603,147.63133765066527,136.70175929221458
2025-08-16,2025_08.csv,133.72370156619718,130.91581400474746,128.1561702562607,132.49439857420646,147.63243563645003,136.70175929221458
2025-08-17,2025_08.csv,133.66270727994566,130.92546599418583,128.1561702562607,132.49997445800645,147.0659125851763,136.70175929221458
2025-08-18,2025_08.csv,133.65709385466386,130.92546599418583,127.75378972583427,132.49997445800645,147.0659125851763,136.70175929221458
2025-08-19,2025_08.csv,133.6539898799007,130.9206915799439,127.75378972583427,132.49997445800645,147.0659125851763,136.70175929221458
2025-08-20,2025_08.csv,133.7403238479011,131.02807187787315,127.75378972583427,132.53159029991943,147.1785028321373,136.70175929221458
2025-08-21,2025_08.csv,133.74721412273664,131.03006645109795,127.75378972583427,132.53159029991943,147.22523675116744,136.70175929221458
2025-08-22,2025_08.csv,133.74532577991016,131.0271618750069,127.75378972583427,132.53159029991943,147.22523675116744,136.70175929221458
2025-08-23,2025_08.csv,134.03307967098874,131.45931935673377,128.24099100267188,132.53159029991943,147.22523675116744,136.70175929221458
2025-08-24,2025_08.csv,134.03307967098874,131.45931935673377,128.24099100267188,132.53159029991943,147.22523675116744,136.70175929221458
2025-08-25,2025_08.csv,134.0703031992803,131.52973604130585,128.24099100267188,132.3119092674932,147.33065828858219,136.70175929221458
2025-08-26,2025_08.csv,134.0750553884846,131.52973604130585,128.24099100267188,132.36121323048803,147.33065828858219,136.70175929221458
2025-08-27,2025_08.csv,134.08823190117036,131.557204748364,128.30235271771977,132.36121323048803,147.284391326267,136.70175929221458
2025-08-28,2025_08.csv,134.1295972575378,131.5470047140135,128.30419757796275,132.50984011102855,147.56549797231645,136.70175929221458
2025-08-29,2025_08.csv,134.08897047470194,131.475574124079,128.72082375060654,132.50984011102855,147.56549797231645,136.70175929221458
2025-08-30,2025_08.csv,134.28345800125766,131.53885334273076,128.98308301695513,132.7968986972401,148.58497983452472,136.70175929221458
2025-08-31,2025_08.csv,134.28345800125766,131.53885334273076,128.98308301695513,132.7968986972401,148.58497983452472,136.70175929221458
2025-09-01,2025_09.csv,134.37118137224786,131.61516479749946,129.18763601053823,132.7986077196119,148.87817983341554,136.70175929221458
2025-09-02,2025_09.csv,134.3751011947211,131.62119411721687,129.18763601053823,132.7986077196119,148.87817983341554,136.70175929221458
2025-09-03,2025_09.csv,134.4041650396514,131.66350913548328,129.30808557536776,132.7986077196119,148.87712192905084,136.70175929221458
2025-09-04,2025_09.csv,134.33822386520637,131.63584090910942,129.40061084397936,132.34516086276471,148.83084899300508,136.70175929221458
2025-09-05,2025_09.csv,134.32558285799587,131.63723938643304,129.40061084397936,132.28884123793398,148.76299164586464,136.70175929221458
2025-09-06,2025_09.csv,134.1854383481375,131.67136250230382,129.40351739846724,132.15082133395174,147.51754774977672,136.70175929221458
2025-09-07,2025_09.csv,134.2294537070542,131.65116717142897,130.78165543428454,132.51794330978316,147.53871811733558,136.70175929221458
2025-09-08,2025_09.csv,134.25209622632002,131.6859950211068,130.78165543428454,132.51794330978316,147.53871811733558,136.70175929221458
2025-09-09,2025_09.csv,134.253416623946,131.6880260057995,130.78165543428454,132.51794330978316,147.53871811733558,136.70175929221458
2025-09-10,2025_09.csv,134.2078963103087,131.68896121699674,130.78165543428454,132.38195099358825,147.2628318772066,136.70175929221458
2025-09-11,2025_09.csv,133.57546951012344,131.08430740008245,130.06958170253674,131.4313138689421,146.11182115902804,136.70175929221458
2025-09-12,2025_09.csv,133.57546951012344,131.08430740008245,130.06958170253674,131.4313138689421,146.11182115902804,136.70175929221458
2025-09-13,2025_09.csv,133.56547557348847,131.09373013185495,130.06958170253674,131.46195747511402,145.9524626320814,136.70175929221458
2025-09-14,2025_09.csv,133.56191978315707,131.09373013185495,130.06958170253674,131.4264802640327,145.95132384920313,136.70175929221458
2025-09-15,2025_09.csv,133.55343085339695,131.09385821466952,130.06958170253674,131.37015292579792,145.92506369701414,136.70175929221458
2025-09-16,2025_09.csv,133.55343085339695,131.09385821466952,130.06958170253674,131.37015292579792,145.92506369701414,136.70175929221458
2025-09-17,2025_09.csv,133.59426074015568,131.15251843372613,130.3565669810894,131.33088843197896,145.9457358494011,136.70175929221458
2025-09-18,2025_09.csv,133.53935272152202,131.10942670817,130.3565669810894,131.202893128625,145.82412065655873,136.70175929221458
2025-09-19,2025_09.csv,133.40546246733314,131.10088531954116,130.33108882431665,131.17314813493627,144.77879025298517,136.70175929221458
2025-09-20,2025_09.csv,133.42424281596982,131.1297725273442,130.33108882431665,131.17314813493627,144.77879025298517,136.70175929221458
2025-09-21,2025_09.csv,133.34857982128563,131.0158984562212,130.34595805920225,131.1767696165749,144.76051878503978,136.70175929221458
2025-09-22,2025_09.csv,133.33597018365938,130.99452954976806,130.34595805920225,131.1767696165749,144.7712370515538,136.70175929221458
2025-09-23,2025_09.csv,133.33597018365938,130.99452954976806,130.34595805920225,131.1767696165749,144.7712370515538,136.70175929221458
2025-09-24,2025_09.csv,133.30045665802126,130.97482314146154,130.304711461084,130.96370266157749,144.75795370057708,136.70175929221458
2025-09-25,2025_09.csv,133.29207777286032,130.96193506353046,130.304711461084,130.96370266157749,144.75795370057708,136.70175929221458
2025-09-26,2025_09.csv,133.25952532960846,130.92771127610834,130.304711461084,130.85677151681762,144.7579869140863,136.70175929221458
2025-09-27,2025_09.csv,133.24799295866,130.9200884382889,130.304711461084,130.78853971082202,144.7579869140863,136.70175929221458
2025-09-28,2025_09.csv,133.24799295866,130.9200884382889,130.304711461084,130.78853971082202,144.7579869140863,136.70175929221458
2025-09-29,2025_09.csv,133.30155969346447,131.00290700751768,130.304711461084,130.8395388376083,144.71461279707069,136.70175929221458
2025-09-30,2025_09.csv,133.3695754156572,131.0566732094002,130.304711461084,131.1745439096081,144.72105637044274,136.70175929221458
2025-10-01,2025_10.csv,133.3695754156572,131.0566732094002,130.304711461084,131.1745439096081,144.72105637044274,136.70175929221458
2025-10-02,2025_10.csv,133.97400556106803,131.68713801818754,130.97253882119801,131.82660807837848,145.74355352820712,136.70175929221458
2025-10-03,2025_10.csv,133.91034675721173,131.66127551290143,131.0339623334134,131.76194541737988,145.39707939345857,136.70175929221458
2025-10-04,2025_10.csv,133.8974659269715,131.68563955539113,131.1479376883809,131.7543708590018,145.149935399884,136.70175929221458
2025-10-05,2025_10.csv,133.8883581807828,131.6783493261132,131.1479376883809,131.7096061455735,145.14948839733427,136.70175929221458
2025-10-06,2025_10.csv,133.88938722410848,131.67010291933042,131.1479376883809,131.7521060731549,145.16865364706257,136.70175929221458
2025-10-07,2025_10.csv,133.89390728116467,131.67010291933042,131.1479376883809,131.7990016651132,145.16865364706257,136.70175929221458
2025-10-08,2025_10.csv,133.91393131307308,131.6811054405931,131.1598748366603,131.81289863464144,145.2636078550868,136.70175929221458
2025-10-09,2025_10.csv,133.92249710980343,131.69544172010438,131.09948683934226,131.81289863464144,145.26434177199167,136.70175929221458
2025-10-10,2025_10.csv,133.60016626217015,131.20908826510677,130.747883152171,131.81289863464144,145.25402873430363,136.70175929221458
2025-10-11,2025_10.csv,133.32738403735468,131.20592905508985,130.747883152171,130.25040564313565,144.25037493957373,136.70175929221458
2025-10-12,2025_10.csv,133.32231722145514,131.19813547433046,130.747883152171,130.25040564313565,144.25037493957373,136.70175929221458
2025-10-13,2025_10.csv,133.2204831663558,131.0454568548259,130.83038023540124,130.25040564313565,144.2192571325503,136.70175929221458
2025-10-14,2025_10.csv,133.2204831663558,131.0454568548259,130.83038023540124,130.25040564313565,144.2192571325503,136.70175929221458
2025-10-15,2025_10.csv,133.25127187284141,131.10563499619602,130.77841222937445,130.25040564313565,144.15567804285854,136.70175929221458
2025-10-16,2025_10.csv,133.29865340149715,131.17826656561695,130.79001014488736,130.25040564313565,144.15567804285854,136.70175929221458
2025-10-17,2025_10.csv,133.2339580836102,131.24570528796576,130.79001014488736,129.83872328696847,143.58036493950246,136.70175929221458
2025-10-18,2025_10.csv,133.21549303959992,131.21730306957593,130.79001014488736,129.83872328696847,143.58036493950246,136.70175929221458
2025-10-19,2025_10.csv,133.2067976683402,131.20392818493647,130.79001014488736,129.83872328696847,143.58036493950246,136.70175929221458
2025-10-20,2025_10.csv,133.18952957955497,131.18088482119666,130.79001014488736,129.83872328696847,143.5612572979658,136.70175929221458
2025-10-21,2025_10.csv,133.19014829309836,131.17494031021866,130.79001014488736,129.8852385576142,143.5612572979658,136.70175929221458
2025-10-22,2025_10.csv,133.21823548691512,131.21308726722984,130.79001014488736,129.8895874909501,143.58521649852867,136.70175929221458
2025-10-23,2025_10.csv,133.21823548691512,131.21308726722984,130.79001014488736,129.8895874909501,143.58521649852867,136.70175929221458
2025-10-24,2025_10.csv,133.2114904689389,131.2028590303704,130.78317407632753,129.8895874909501,143.58521649852867,136.70175929221458
2025-10-25,2025_10.csv,133.16339544429658,131.12641545551276,130.80560369754602,129.90297215933828,143.58521649852867,136.70175929221458
2025-10-26,2025_10.csv,133.1732169061639,131.14491052849908,130.80560369754602,129.88904471560255,143.5780289130101,136.70175929221458
2025-10-27,2025_10.csv,133.17656007587016,131.15005286317526,130.80560369754602,129.88904471560255,143.5780289130101,136.70175929221458
2025-10-28,2025_10.csv,133.17656007587016,131.15005286317526,130.80560369754602,129.88904471560255,143.5780289130101,136.70175929221458
2025-10-29,2025_10.csv,133.21389611597087,131.2020712829347,130.80560369754602,129.8687309477206,143.62377589631353,136.70175929221458
2025-10-30,2025_10.csv,133.21469416614445,131.20329881292616,130.80560369754602,129.8687309477206,143.62377589631353,136.70175929221458
2025-10-31,2025_10.csv,133.24855786678526,131.25871250789893,130.80560369754602,129.85512456464363,143.61666773931992,136.70175929221458
2025-11-01,2025_11.csv,133.04220780854834,130.94747092494563,130.81228073955376,129.81262124990047,143.61666773931992,136.70175929221458
2025-11-02,2025_11.csv,133.60852356900867,131.54638429384505,131.1686121920574,130.45955837198176,144.53253681624915,136.70175929221458
2025-11-03,2025_11.csv,133.59732969780595,131.54619918990386,131.1686121920574,130.35554580757946,144.52377894985523,136.70175929221458
2025-11-04,2025_11.csv,133.59690441653888,131.54264398923232,131.1686121920574,130.32861067761513,144.56122764222556,136.70175929221458
2025-11-05,2025_11.csv,133.59365174601953,131.53764085691435,131.1686121920574,130.32861067761513,144.56122764222556,136.70175929221458
2025-11-06,2025_11.csv,133.68786840690586,131.60844318110676,131.17402065770946,130.39493645124372,144.90977909919803,136.70175929221458
2025-11-07,2025_11.csv,133.6667494122805,131.57510617692358,131.1904106633959,130.39493645124372,144.9124997820564,136.70175929221458
2025-11-08,2025_11.csv,133.29420025877144,131.2502096949143,130.90529811615454,129.70104897903033,144.15665064251715,136.70175929221458
2025-11-09,2025_11.csv,133.23965297213144,131.2525262117498,130.88400629886428,129.42463351691447,143.9134055580412,136.70175929221458
2025-11-10,2025_11.csv,133.23965297213144,131.2525262117498,130.88400629886428,129.42463351691447,143.9134055580412,136.70175929221458
2025-11-11,2025_11.csv,133.24227841745028,131.2525262117498,130.88400629886428,129.45187251209737,143.9134055580412,136.70175929221458
2025-11-12,2025_11.csv,133.16918141219597,131.27301106218385,130.89927431651407,128.94098112718675,143.60105336691277,136.70175929221458
2025-11-13,2025_11.csv,133.1742161148301,131.25095563871545,130.89927431651407,129.09602357443393,143.6380631522556,136.70175929221458
2025-11-14,2025_11.csv,133.16825529206847,131.3002568102192,130.89927431651407,129.1262254571679,143.29614564362072,136.70175929221458
2025-11-15,2025_11.csv,133.18604509731787,131.32762040239504,130.89927431651407,129.1262254571679,143.29614564362072,136.70175929221458
2025-11-16,2025_11.csv,133.18698153958758,131.32906080177017,130.89927431651407,129.1262254571679,143.29614564362072,136.70175929221458
2025-11-17,2025_11.csv,133.12465681706493,131.31622298380796,130.89927431651407,129.1061178471358,142.86134957565991,136.70175929221458
2025-11-18,2025_11.csv,133.1324382289262,131.31241060086816,130.89927431651407,129.21256476893976,142.86134957565991,136.70175929221458
2025-11-19,2025_11.csv,133.11574802884016,131.31395282144166,131.02878916532813,129.02311867601117,142.85099128306453,136.70175929221458
2025-11-20,2025_11.csv,133.12386617105338,131.33109185986308,131.07731076623153,129.02791458625336,142.8162048330087,136.70175929221458
2025-11-21,2025_11.csv,133.04312257382563,131.2068951733689,131.07731076623153,129.02791458625336,142.8162048330087,136.70175929221458
2025-11-22,2025_11.csv,133.0322094650043,131.19842369169498,131.07731076623153,129.04099668687445,142.7605064737006,136.70175929221458
2025-11-23,2025_11.csv,133.02303717798654,131.18047857817047,131.16987846481223,129.04099668687445,142.77055702546306,136.70175929221458
2025-11-24,2025_11.csv,133.02020123072646,131.1741523171673,131.16987846481223,129.00695318162417,142.80864085625734,136.70175929221458
2025-11-25,2025_11.csv,133.0173460753899,131.1741523171673,131.16987846481223,128.9773309450072,142.80864085625734,136.70175929221458
2025-11-26,2025_11.csv,132.67838741645113,131.12895792124445,131.16987846481223,128.96973360845112,140.2282569856878,136.70175929221458
2025-11-27,2025_11.csv,132.6712605268291,131.1245697884607,131.16987846481223,128.95229404017962,140.20659151591235,136.70175929221458
2025-11-28,2025_11.csv,132.6256561080821,131.05425729069904,131.17759300872578,128.95229404017962,140.20659151591235,136.70175929221458
2025-11-29,2025_11.csv,132.6257036938197,131.05253855830176,131.17759300872578,128.906704570122,140.25303799298405,136.70175929221458
2025-11-30,2025_11.csv,132.64867379959182,130.99933247259628,131.19063967980418,129.05210701710405,140.6153436749293,136.70175929221458
2025-12-01,2025_12.csv,132.2100067920834,130.24855478435887,130.58088636702178,129.54115646349078,140.7056006871413,136.70175929221458
2025-12-02,2025_12.csv,132.2100067920834,130.24855478435887,130.58088636702178,129.54115646349078,140.7056006871413,136.70175929221458
2025-12-03,2025_12.csv,132.4163897428154,130.41876600776996,130.58088636702178,129.95618086043106,141.17115379001402,136.70175929221458
2025-12-04,2025_12.csv,132.74926135155224,130.40319957336328,130.66650365716234,130.16666975044524,143.8573531128655,136.70175929221458
2025-12-05,2025_12.csv,132.79998530900076,130.32778050851869,130.62260399144432,130.29402596247905,144.5933675528386,136.70175929221458
2025-12-06,2025_12.csv,132.75356152708795,130.32990872310026,130.69890720971452,129.83143391560466,144.55756921772195,136.70175929221458
2025-12-07,2025_12.csv,132.63137110987785,130.34210196084925,130.69890720971452,129.7841370199902,143.50852934058753,136.70175929221458
2025-12-08,2025_12.csv,132.4079796035008,130.3401185930438,130.69890720971452,128.5760735107476,142.6257250793469,136.70175929221458
2025-12-09,2025_12.csv,132.41202768644445,130.34715182483825,130.69890720971452,128.57063276012153,142.6257250793469,136.70175929221458
2025-12-10,2025_12.csv,132.3044275996056,130.29996721323084,130.7071288380661,128.57063276012153,141.98206844507885,136.70175929221458
2025-12-11,2025_12.csv,132.29834367011892,130.30429794077477,130.6742893034746,128.6028214495592,141.88561998813367,136.70175929221458
2025-12-12,2025_12.csv,132.2669080813504,130.31452942707335,130.51634782214074,128.57015430049995,141.61211728313108,136.70175929221458
2025-12-13,2025_12.csv,132.23649114256142,130.2767333131079,130.2268075238473,128.55142298428495,141.61211728313108,136.70175929221458
2025-12-14,2025_12.csv,132.23100189174596,130.26828995925666,130.2268075238473,128.55142298428495,141.61211728313108,136.70175929221458
2025-12-15,2025_12.csv,132.23069937753945,130.26696967477,130.2268075238473,128.55142298428495,141.61676129248897,136.70175929221458
2025-12-16,2025_12.csv,132.22515386491906,130.2509571528266,130.2268075238473,128.60833330452027,141.61157557616772,136.70175929221458
2025-12-17,2025_12.csv,132.22117171190652,130.25031364091376,130.2268075238473,128.56551855964847,141.61627886892714,136.70175929221458
2025-12-18,2025_12.csv,132.12686008326855,130.23374766746778,130.2268075238473,127.77405575447119,141.55565461621384,136.70175929221458
2025-12-19,2025_12.csv,132.1101058148035,130.21782731603656,130.20818820837908,127.62063003087547,141.62787286184187,136.70175929221458
2025-12-20,2025_12.csv,132.03150475092602,130.22084688402484,130.20818820837908,127.52440693757018,141.032250188293,136.70175929221458
2025-12-21,2025_12.csv,132.04168694730274,130.2393461295619,130.07595967197958,127.52440693757018,141.032250188293,136.70175929221458
2025-12-22,Forward Fill,132.04168694730274,130.2393461295619,130.07595967197958,127.52440693757018,141.032250188293,136.70175929221458
2025-12-23,2025_12.csv,132.03119912287676,130.23115949977324,130.07595967197958,127.47081511566921,141.032250188293,136.70175929221458
2025-12-24,2025_12.csv,132.0488322015217,130.258282021132,130.07595967197958,127.47081511566921,141.032250188293,136.70175929221458
2025-12-25,2025_12.csv,132.0448984972193,130.25807413599898,130.07595967197958,127.43140513243068,141.032250188293,136.70175929221458
2025-12-26,2025_12.csv,132.04383115826164,130.2612395921133,130.07595967197958,127.39898028100019,141.032250188293,136.70175929221458
2025-12-27,2025_12.csv,132.04383115826164,130.2612395921133,130.07595967197958,127.39898028100019,141.032250188293,136.70175929221458
2025-12-28,2025_12.csv,132.04383115826164,130.2612395921133,130.07595967197958,127.39898028100019,141.032250188293,136.70175929221458
2025-12-29,2025_12.csv,132.04180778790973,130.25812732189144,130.07595967197958,127.39898028100019,141.032250188293,136.70175929221458
2025-12-30,2025_12.csv,132.0479752355752,130.25812732189144,130.07595967197958,127.46296755052929,141.032250188293,136.70175929221458
2025-12-31,2025_12.csv,132.00201719918863,130.18500981958158,130.06804993120159,127.46296755052929,141.0463530235712,136.70175929221458
2026-01-01,2026_01.csv,132.91162217365178,131.3028978355206,130.9504944199175,128.083435646462,141.9714254847809,136.70175929221458
2026-01-02,2026_01.csv,132.91162217365178,131.3028978355206,130.9504944199175,128.083435646462,141.9714254847809,136.70175929221458
2026-01-03,2026_01.csv,132.91162217365178,131.3028978355206,130.9504944199175,128.083435646462,141.9714254847809,136.70175929221458
2026-01-04,2026_01.csv,132.90765151868686,131.27727093597144,130.9504944199175,128.28783375867818,141.91284928783378,136.70175929221458
2026-01-05,2026_01.csv,132.90667457524236,131.28052923244658,130.9504944199175,128.25572054635512,141.91284928783378,136.70175929221458
2026-01-06,2026_01.csv,132.9228963354567,131.2836258056927,130.9504944199175,128.28249256339174,142.01000217550478,136.70175929221458
2026-01-07,2026_01.csv,132.81963475167996,131.11198285754622,131.49752936090562,128.28249256339174,142.0158228179923,136.70175929221458
2026-01-08,2026_01.csv,132.76077868345953,131.06036396884846,131.49752936090562,128.13188655668787,141.92574789917242,136.70175929221458
2026-01-09,2026_01.csv,132.69389031066999,130.9556729860521,131.58168691649016,128.13188655668787,141.92574789917242,136.70175929221458
2026-01-10,2026_01.csv,132.7133873180244,130.98366149741491,131.6566838340372,128.13452884048473,141.92574789917242,136.70175929221458
2026-01-11,Forward Fill,132.7133873180244,130.98366149741491,131.6566838340372,128.13452884048473,141.92574789917242,136.70175929221458
2026-01-12,2026_01.csv,131.91732907738134,130.4646682297,131.55047703460423,127.41164953282812,141.04489223505325,134.34826571117983
2026-01-13,2026_01.csv,131.91732907738134,130.4646682297,131.55047703460423,127.41164953282812,141.04489223505325,134.34826571117983
2026-01-14,2026_01.csv,132.08537124362337,130.74241753238852,131.61852454551484,127.41164953282812,140.93227225276047,134.34826571117983
2026-01-15,2026_01.csv,132.06255377626385,130.70247847753572,131.61852454551484,127.41435259818456,140.95639677741042,134.34826571117983
2026-01-16,2026_01.csv,132.06255377626385,130.70247847753572,131.61852454551484,127.41435259818456,140.95639677741042,134.34826571117983
2026-01-17,2026_01.csv,132.06499622057083,130.71294209188358,131.72548601243108,127.3985113483792,140.92025707812698,134.34826571117983
2026-01-18,2026_01.csv,132.00193325711732,130.67421062023672,131.67794524665325,127.33796728078502,140.6580464453384,134.34826571117983
2026-01-19,2026_01.csv,132.00513860684157,130.67850389737643,131.70763407063976,127.33796728078502,140.6580464453384,134.34826571117983
2026-01-20,2026_01.csv,132.1009619387425,130.83066808422353,131.70763407063976,127.33796728078502,140.632123594174,134.34826571117983
2026-01-21,2026_01.csv,132.11229605888389,130.85803303438573,131.48237727713882,127.30358334503661,140.632123594174,134.34826571117983
2026-01-22,2026_01.csv,132.02063848937405,130.71704889674416,131.48237727713882,127.30358334503661,140.632123594174,134.34826571117983
2026-01-23,2026_01.csv,132.01885374326906,130.71704889674416,131.48237727713882,127.26609389412758,140.64740227989893,134.34826571117983
2026-01-24,2026_01.csv,131.9999152102564,130.68791837583612,131.48237727713882,127.26609389412758,140.64740227989893,134.34826571117983
2026-01-25,2026_01.csv,132.00561377295065,130.6966836851449,131.48237727713882,127.26609389412758,140.64740227989893,134.34826571117983
2026-01-26,2026_01.csv,132.00356424003945,130.6966836851449,131.48237727713882,127.24482999017418,140.64740227989893,134.34826571117983
2026-01-27,2026_01.csv,132.00356424003945,130.6966836851449,131.48237727713882,127.24482999017418,140.64740227989893,134.34826571117983
2026-01-28,2026_01.csv,131.96192714603797,130.64121590392787,130.99666391919226,127.25727959101104,140.64740227989893,134.34826571117983
2026-01-29,2026_01.csv,131.73579869283543,130.60182188986084,131.0760092467502,127.25727959101104,138.96283827998127,134.34826571117983
2026-01-30,2026_01.csv,131.73579869283543,130.60182188986084,131.0760092467502,127.25727959101104,138.96283827998127,134.34826571117983
2026-01-31,2026_01.csv,131.8377190518794,130.83208188829155,131.08855444191602,127.25299294184981,138.56564579892247,134.34826571117983
2026-02-01,2026_02.csv,132.59908546850727,131.36227613926937,131.35266693371568,128.00735115399826,139.32818813772874,136.42599266192744
2026-02-02,2026_02.csv,132.59387456494514,131.36227613926937,131.35266693371568,128.00735115399826,139.28465121101362,136.42599266192744
2026-02-03,2026_02.csv,132.60093445716137,131.32737184271082,131.37021993466405,128.07782365020483,139.47443184480122,136.42599266192744
2026-02-04,2026_02.csv,132.54275380809167,131.2276010899875,131.37021993466405,128.14715970709076,139.47443184480122,136.42599266192744
2026-02-05,2026_02.csv,132.54022090684515,131.22370507899922,131.37021993466405,128.14715970709076,139.47443184480122,136.42599266192744
2026-02-06,2026_02.csv,132.1857319573116,130.73847952712595,130.66739697674737,127.85598232161996,139.46473378551286,136.42599266192744
2026-02-07,2026_02.csv,131.94435799611588,130.76890435036444,130.66739697674737,126.63280715743427,138.26782166962064,136.42599266192744
2026-02-08,2026_02.csv,131.9366255579354,130.7685185669856,130.68735968088822,126.60805558218827,138.22291851383167,136.42599266192744
2026-02-09,2026_02.csv,131.93452463296413,130.76528700523994,130.68735968088822,126.60805558218827,138.22291851383167,136.42599266192744
2026-02-10,2026_02.csv,131.93166077297897,130.77040803706433,130.68735968088822,126.59439073818724,138.1821789705926,136.42599266192744
2026-02-11,2026_02.csv,131.87365457591392,130.6813780383087,130.67837029237083,126.59439073818724,138.1821789705926,136.42599266192744
2026-02-12,2026_02.csv,131.7524492448748,130.65169039274178,130.67837029237083,126.11601482267506,137.71600461682667,136.42599266192744
2026-02-13,2026_02.csv,131.7481064364118,130.65169039274178,130.67837029237083,126.11601482267506,137.67972059591986,136.42599266192744
2026-02-14,2026_02.csv,131.6078791139032,130.4551322536201,130.54865269021872,126.00572884758176,137.67972059591986,136.42599266192744
2026-02-15,2026_02.csv,131.6068127778963,130.45349205670917,130.54865269021872,126.00572884758176,137.67972059591986,136.42599266192744
2026-02-16,2026_02.csv,131.6068127778963,130.45349205670917,130.54865269021872,126.00572884758176,137.67972059591986,136.42599266192744
2026-02-17,2026_02.csv,131.6068127778963,130.45349205670917,130.54865269021872,126.00572884758176,137.67972059591986,136.42599266192744
2026-02-18,2026_02.csv,131.60890122350855,130.45670442318615,130.54865269021872,126.00572884758176,137.67972059591986,136.42599266192744
2026-02-19,2026_02.csv,131.4482442886013,130.291990319595,130.5571845785071,125.56657025122378,137.58478842883207,136.42599266192744
2026-02-20,2026_02.csv,131.42681507750643,130.27919381062586,130.5571845785071,125.54396695960969,137.49345839041789,136.42599266192744
2026-02-21,2026_02.csv,131.35722747215564,130.28909913239917,130.5571845785071,124.80774685385703,137.45112923167946,136.42599266192744
2026-02-22,2026_02.csv,131.2970033219945,130.2045844415399,130.5571845785071,124.71329818504671,137.48308366695653,136.42599266192744
2026-02-23,2026_02.csv,131.2970033219945,130.2045844415399,130.5571845785071,124.71329818504671,137.48308366695653,136.42599266192744
2026-02-24,2026_02.csv,131.28950095731244,130.2017012473707,130.5571845785071,124.65490848582543,137.48308366695653,136.42599266192744
2026-02-25,2026_02.csv,131.27832525383505,130.20197569690865,130.5571845785071,124.55951732548131,137.46503859463672,136.42599266192744
2026-02-26,2026_02.csv,131.27072531848262,130.19421716365324,130.5571845785071,124.55951732548131,137.4436840948716,136.42599266192744
2026-02-27,2026_02.csv,131.2555549456817,130.17088268142248,130.5571845785071,124.55951732548131,137.4436840948716,136.42599266192744
2026-02-28,2026_02.csv,131.20850388249852,130.14475281713055,130.5571845785071,124.24761019867505,137.4436840948716,136.42599266192744
2026-03-01,2026_03.csv,131.20850388249852,130.14475281713055,130.5571845785071,124.24761019867505,137.4436840948716,136.42599266192744
2026-03-02,2026_03.csv,131.4039761897796,130.09877016910315,130.5571845785071,125.56263687151034,138.2676283820315,136.42599266192744
2026-03-03,2026_03.csv,131.49679369937337,130.61664803209766,131.00678784327442,125.6108229582478,138.20053488634096,134.36708934921248
2026-03-04,2026_03.csv,131.40086815440577,130.52740632419733,131.00678784327442,125.43148820385461,138.14747665358186,134.2480105170004
2026-03-05,2026_03.csv,131.37670791822737,130.487263090908,131.00678784327442,125.45159450304254,138.14747665358186,134.2480105170004
2026-03-06,2026_03.csv,130.73526963385487,130.04095801949856,130.26328738841664,124.1541782179326,137.35825545395664,133.2350787010212
2026-03-07,2026_03.csv,130.62822043883057,129.87629907723735,130.26328738841664,124.1541782179326,137.35825545395664,133.2350787010212
2026-03-08,2026_03.csv,130.62541221161132,129.87395358759105,130.17129370365015,124.1541782179326,137.35825545395664,133.2350787010212
2026-03-09,2026_03.csv,130.62090021262944,129.87297615547507,130.17129370365015,124.1541782179326,137.3258670559829,133.2350787010212
2026-03-10,2026_03.csv,130.62616984618347,129.9098618895472,130.17129370365015,123.96005396304625,137.3258670559829,133.2350787010212
2026-03-11,2026_03.csv,130.62777401055223,129.91489011135587,130.4711564530994,123.89938029404814,137.3258670559829,133.2350787010212
2026-03-12,Forward Fill,130.62777401055223,129.91489011135587,130.4711564530994,123.89938029404814,137.3258670559829,133.2350787010212
2026-03-13,2026_03.csv,130.60772224329963,129.86865656096523,130.4711564530994,123.87292934212337,137.4307669514703,133.2350787010212
2026-03-14,2026_03.csv,130.50296872861782,129.79411218438165,129.61794278506213,123.45423286616669,137.3970869222322,133.2350787010212
2026-03-15,2026_03.csv,130.5200717464284,129.82041938661263,129.61794278506213,123.45423286616669,137.3970869222322,133.2350787010212
2026-03-16,2026_03.csv,130.483700472874,129.76447449668794,129.61794278506213,123.45423286616669,137.3970869222322,133.2350787010212
2026-03-17,2026_03.csv,130.17825504383055,129.2944456778859,129.6274702793908,123.45423286616669,137.3970869222322,133.2350787010212
2026-03-18,2026_03.csv,130.1094721522073,129.2317204453807,129.6274702793908,123.5544949917083,137.0823774200005,133.2350787010212
2026-03-19,2026_03.csv,130.04210140761802,129.1368255536201,129.6274702793908,123.51013881814599,137.0706659600893,133.2350787010212
2026-03-20,2026_03.csv,130.00318665278516,129.09084260762086,129.6274702793908,123.4165562327136,137.0706659600893,133.2350787010212
2026-03-21,2026_03.csv,130.0121289082396,129.09957203272086,129.6274702793908,123.45045158644947,137.0706659600893,133.2350787010212
2026-03-22,2026_03.csv,130.0121289082396,129.09957203272086,129.6274702793908,123.45045158644947,137.0706659600893,133.2350787010212
2026-03-23,2026_03.csv,130.0121289082396,129.09957203272086,129.6274702793908,123.45045158644947,137.0706659600893,133.2350787010212
2026-03-24,2026_03.csv,129.99263529464818,129.06958770827933,129.6274702793908,123.45045158644947,137.0706659600893,133.2350787010212
2026-03-25,2026_03.csv,129.98462861793826,129.10383716180525,129.6439398828629,123.36625672889059,136.8836169835256,133.2350787010212
2026-03-26,2026_03.csv,129.98258534492717,129.10069427808082,129.6439398828629,123.36625672889059,136.8836169835256,133.2350787010212
2026-03-27,2026_03.csv,129.96893400839292,129.09470162909358,129.4704087652037,123.36625672889059,136.82233746166145,133.2350787010212
2026-03-28,2026_03.csv,129.96893400839292,129.09470162909358,129.4704087652037,123.36625672889059,136.82233746166145,133.2350787010212
2026-03-29,2026_03.csv,129.4590418541943,128.32031818535947,129.30652432110537,123.33469956041489,136.81300684389007,133.2350787010212
2026-03-30,2026_03.csv,129.46131464242387,128.32031818535947,129.46944191374305,123.33469956041489,136.81300684389007,133.2350787010212
2026-03-31,2026_03.csv,129.43332093441657,128.28037903588134,129.0096888440605,123.33469956041489,136.8496484492304,133.2350787010212
2026-04-01,2026_04.csv,129.7654500316589,128.3211233436523,129.11575006161178,124.14250396489086,137.5119734683499,134.46185659088192
2026-04-02,2026_04.csv,129.7621613181659,128.32029131618663,129.17081570947985,124.13019458703886,137.49251024271345,134.46185659088192
2026-04-03,2026_04.csv,129.7621613181659,128.32029131618663,129.17081570947985,124.13019458703886,137.49251024271345,134.46185659088192
2026-04-04,2026_04.csv,129.75773731372004,128.32230441894316,129.17081570947985,124.0707170303791,137.49251024271345,134.46185659088192
2026-04-05,2026_04.csv,129.6945102104835,128.22505092779073,129.17081570947985,124.0707170303791,137.49251024271345,134.46185659088192
2026-04-06,2026_04.csv,129.95807491240006,128.6181145590641,129.7459542076345,124.0707170303791,137.49251024271345,134.46185659088192
2026-04-07,2026_04.csv,129.95807491240006,128.6181145590641,129.7459542076345,124.0707170303791,137.49251024271345,134.46185659088192
2026-04-08,2026_04.csv,129.7939754156645,128.34099617733847,129.73859799606436,123.99486217130524,137.68865588375184,134.46185659088192
2026-04-09,2026_04.csv,129.72311416042103,128.26206305220276,129.73859799606436,123.99486217130524,137.5253604507792,134.46185659088192
2026-04-10,2026_04.csv,129.22557088978164,127.88552106768844,129.42714434815593,122.9535319430413,136.2885822085282,134.46185659088192
2026-04-11,2026_04.csv,129.22903337153917,127.90058573230007,129.42714434815593,122.89640473403294,136.28168749121883,134.46185659088192
2026-04-12,2026_04.csv,129.24066985387063,127.91848452053387,129.42714434815593,122.89640473403294,136.28168749121883,134.46185659088192
2026-04-13,2026_04.csv,129.23939575748912,127.91848452053387,129.42714434815593,122.89640473403294,136.27104245813987,134.46185659088192
2026-04-14,2026_04.csv,129.1398442190729,127.79072185055038,129.4431883273796,122.87497048367973,136.14866333140586,134.46185659088192
2026-04-15,2026_04.csv,129.032628326307,127.63108882619511,129.4431883273796,122.83934084768248,136.14866333140586,134.46185659088192
2026-04-16,2026_04.csv,129.03046961273802,127.62121107724677,129.4431883273796,122.89697530751148,136.1378682740124,134.46185659088192
2026-04-17,2026_04.csv,129.0290024933925,127.6191929707175,129.4431883273796,122.89697530751148,136.13657246744967,134.46185659088192
2026-04-18,2026_04.csv,129.02906453062653,127.61733632051121,129.4431883273796,122.89697530751148,136.14717571694388,134.46185659088192
2026-04-19,2026_04.csv,129.0255384315361,127.61236961911611,129.4431883273796,122.90764081627921,136.13610443221276,134.46185659088192
2026-04-20,2026_04.csv,129.0255384315361,127.61236961911611,129.4431883273796,122.90764081627921,136.13610443221276,134.46185659088192
2026-04-21,2026_04.csv,129.0042857942061,127.59910309439358,129.37544796914707,122.78643281156562,136.13610443221276,134.46185659088192
2026-04-22,2026_04.csv,128.95242833336323,127.51933794857625,129.37544796914707,122.78643281156562,136.13610443221276,134.46185659088192
2026-04-23,2026_04.csv,128.91849728449736,127.46714651813343,129.37544796914707,122.78643281156562,136.13610443221276,134.46185659088192
2026-04-24,2026_04.csv,128.91867684590545,127.46742271256461,129.37544796914707,122.78643281156562,136.13610443221276,134.46185659088192
2026-04-25,2026_04.csv,128.93840236850787,127.49845712568596,129.34313510966172,122.78643281156562,136.13610443221276,134.46185659088192
2026-04-26,2026_04.csv,128.93642825938184,127.49542062718147,129.34313510966172,122.78643281156562,136.13610443221276,134.46185659088192
2026-04-27,2026_04.csv,128.93290265142699,127.49542062718147,129.34313510966172,122.74985462903396,136.13610443221276,134.46185659088192
2026-04-28,2026_04.csv,128.9372964123632,127.52965672595741,129.34313510966172,122.44882426043127,136.2292700838897,134.46185659088192
