Region,Metric,N,Correlation,Mean_Absolute_Difference
National,Index,25,0.9574012340887134,3.507864289259645
National Overall,Index,25,0.9218738654612059,4.84760495403908
LaPaz,Index,25,0.9253665886685319,4.906509325121269
Cochabamba,Index,25,0.9566112821399874,2.9298835335923723
SantaCruz,Index,25,0.9719656826413013,2.7123057208165777
National,Inflation,24,0.6304979142800038,1.6593822011314374
National Overall,Inflation,24,0.6330287039159617,1.4704779021086836
LaPaz,Inflation,24,0.4263218820390525,2.228551718693113
Cochabamba,Inflation,24,0.4908475108002239,1.9129494527063233
SantaCruz,Inflation,24,0.7373994753709551,1.4314689384715802
