"city","fecha","city_index"
"cochabamba",2024-07-29,100
"cochabamba",2024-07-30,100.087470905853
"cochabamba",2024-07-31,100.087470905853
"cochabamba",2024-08-01,100.621727038373
"cochabamba",2024-08-02,100.910326280324
"cochabamba",2024-08-03,100.715967140968
"cochabamba",2024-08-04,100.722881255212
"cochabamba",2024-08-05,100.722881255212
"cochabamba",2024-08-06,100.722373817882
"cochabamba",2024-08-07,100.95379710146
"cochabamba",2024-08-08,100.95379710146
"cochabamba",2024-08-09,102.54127865444
"cochabamba",2024-08-10,102.927579660228
"cochabamba",2024-08-11,103.422102031245
"cochabamba",2024-08-12,103.411739711643
"cochabamba",2024-08-13,103.466710573797
"cochabamba",2024-08-14,103.466710573797
"cochabamba",2024-08-15,103.473563557539
"cochabamba",2024-08-16,103.522655768701
"cochabamba",2024-08-17,103.553011585531
"cochabamba",2024-08-18,103.604374048974
"cochabamba",2024-08-19,103.603237036822
"cochabamba",2024-08-20,103.601265028862
"cochabamba",2024-08-21,103.69881572359
"cochabamba",2024-08-22,103.731721212057
"cochabamba",2024-08-23,103.841124735823
"cochabamba",2024-08-24,104.038953208236
"cochabamba",2024-08-25,104.042229664258
"cochabamba",2024-08-26,104.05311835612
"cochabamba",2024-08-27,104.049303192202
"cochabamba",2024-08-28,104.604294848697
"cochabamba",2024-08-29,104.645238237346
"cochabamba",2024-08-30,105.049947703845
"cochabamba",2024-08-31,105.365367829095
"cochabamba",2024-09-01,106.945551612217
"cochabamba",2024-09-02,106.936433892017
"cochabamba",2024-09-03,106.936433892017
"cochabamba",2024-09-04,107.047238426218
"cochabamba",2024-09-05,107.079947077286
"cochabamba",2024-09-06,107.110508282097
"cochabamba",2024-09-07,107.129923875985
"cochabamba",2024-09-08,107.171885450204
"cochabamba",2024-09-09,107.173470189859
"cochabamba",2024-09-10,107.171537192073
"cochabamba",2024-09-11,107.185009661856
"cochabamba",2024-09-12,107.149091011824
"cochabamba",2024-09-13,107.177237633005
"cochabamba",2024-09-14,107.048430136814
"cochabamba",2024-09-15,107.139932614579
"cochabamba",2024-09-16,107.138493092775
"cochabamba",2024-09-17,107.138493092775
"cochabamba",2024-09-18,107.202471647076
"cochabamba",2024-09-19,107.2475263378
"cochabamba",2024-09-20,107.267241703892
"cochabamba",2024-09-21,107.27550170358
"cochabamba",2024-09-22,107.438268847414
"cochabamba",2024-09-23,107.44614931023
"cochabamba",2024-09-24,107.44614931023
"cochabamba",2024-09-25,107.443410366887
"cochabamba",2024-09-26,107.471969711216
"cochabamba",2024-09-27,107.475056335595
"cochabamba",2024-09-28,107.518320816943
"cochabamba",2024-09-29,107.516321484897
"cochabamba",2024-09-30,107.709678268171
"cochabamba",2024-10-01,107.709678268171
"cochabamba",2024-10-02,108.345055690379
"cochabamba",2024-10-03,108.583877457208
"cochabamba",2024-10-04,108.713001274398
"cochabamba",2024-10-05,108.750991211719
"cochabamba",2024-10-06,108.754640504326
"cochabamba",2024-10-07,108.84915000852
"cochabamba",2024-10-08,108.84423681898
"cochabamba",2024-10-09,109.007488148807
"cochabamba",2024-10-10,109.009512496928
"cochabamba",2024-10-11,109.018324368536
"cochabamba",2024-10-12,108.837935469218
"cochabamba",2024-10-13,108.90772821427
"cochabamba",2024-10-14,108.898994394408
"cochabamba",2024-10-15,109.006743789108
"cochabamba",2024-10-16,109.014504070821
"cochabamba",2024-10-17,109.083201186002
"cochabamba",2024-10-18,109.096092794813
"cochabamba",2024-10-19,109.10364170011
"cochabamba",2024-10-20,109.1235466837
"cochabamba",2024-10-21,109.105625629663
"cochabamba",2024-10-22,109.105625629663
"cochabamba",2024-10-23,109.164624524571
"cochabamba",2024-10-24,109.178467555776
"cochabamba",2024-10-25,109.233903114381
"cochabamba",2024-10-26,109.235028576081
"cochabamba",2024-10-27,109.295945487328
"cochabamba",2024-10-28,109.299948527882
"cochabamba",2024-10-29,109.298829687713
"cochabamba",2024-10-30,109.458519384864
"cochabamba",2024-10-31,109.45833204493
"cochabamba",2024-11-01,109.483154613964
"cochabamba",2024-11-02,109.787087772098
"cochabamba",2024-11-03,110.011873333685
"cochabamba",2024-11-04,110.053419857778
"cochabamba",2024-11-05,110.053419857778
"cochabamba",2024-11-06,110.106230654724
"cochabamba",2024-11-07,110.085116854827
"cochabamba",2024-11-08,110.100332169109
"cochabamba",2024-11-09,109.815024326484
"cochabamba",2024-11-10,109.826482305846
"cochabamba",2024-11-11,109.824951814254
"cochabamba",2024-11-12,109.82278735183
"cochabamba",2024-11-13,109.838863642298
"cochabamba",2024-11-14,109.848569157239
"cochabamba",2024-11-15,109.849020451786
"cochabamba",2024-11-16,109.888389325678
"cochabamba",2024-11-17,109.89177823916
"cochabamba",2024-11-18,109.893452384858
"cochabamba",2024-11-19,109.87576244919
"cochabamba",2024-11-20,109.9287611689
"cochabamba",2024-11-21,110.040761125569
"cochabamba",2024-11-22,110.058582579636
"cochabamba",2024-11-23,109.836686265931
"cochabamba",2024-11-24,109.928463633113
"cochabamba",2024-11-25,109.937897530976
"cochabamba",2024-11-26,109.957673730983
"cochabamba",2024-11-27,109.994668317845
"cochabamba",2024-11-28,110.03392753197
"cochabamba",2024-11-29,110.129929232904
"cochabamba",2024-11-30,110.156955748406
"cochabamba",2024-12-01,109.862809224997
"cochabamba",2024-12-02,109.983943904121
"cochabamba",2024-12-03,109.98607722649
"cochabamba",2024-12-04,110.373980107243
"cochabamba",2024-12-05,110.386399709615
"cochabamba",2024-12-06,110.461018706042
"cochabamba",2024-12-07,110.485399819568
"cochabamba",2024-12-08,110.463419081462
"cochabamba",2024-12-09,110.426596836856
"cochabamba",2024-12-10,110.423922427162
"cochabamba",2024-12-11,110.415209925579
"cochabamba",2024-12-12,110.33194105297
"cochabamba",2024-12-13,110.315664099056
"cochabamba",2024-12-14,110.385971863819
"cochabamba",2024-12-15,110.508869604886
"cochabamba",2024-12-16,110.567524277863
"cochabamba",2024-12-17,110.567524277863
"cochabamba",2024-12-18,110.603952011395
"cochabamba",2024-12-19,110.619415295573
"cochabamba",2024-12-20,110.619415295573
"cochabamba",2024-12-21,110.628759895888
"cochabamba",2024-12-22,110.63347648142
"cochabamba",2024-12-23,110.641884779881
"cochabamba",2024-12-24,110.641884779881
"cochabamba",2024-12-25,110.678788275692
"cochabamba",2024-12-26,110.684988651261
"cochabamba",2024-12-27,110.684988651261
"cochabamba",2024-12-28,110.68833164341
"cochabamba",2024-12-29,110.658028454989
"cochabamba",2024-12-30,110.660265765193
"cochabamba",2024-12-31,110.660265765193
"cochabamba",2025-01-01,110.679115640241
"cochabamba",2025-01-02,111.454202151487
"cochabamba",2025-01-03,111.47209397535
"cochabamba",2025-01-04,111.697896696522
"cochabamba",2025-01-05,111.895907221461
"cochabamba",2025-01-06,111.898044272162
"cochabamba",2025-01-07,112.17472051544
"cochabamba",2025-01-08,112.17472051544
"cochabamba",2025-01-09,112.251002475385
"cochabamba",2025-01-10,112.248712908616
"cochabamba",2025-01-11,112.249319103839
"cochabamba",2025-01-12,112.351159317733
"cochabamba",2025-01-13,112.306555175317
"cochabamba",2025-01-14,112.015440502361
"cochabamba",2025-01-15,112.033839812078
"cochabamba",2025-01-16,112.033370026818
"cochabamba",2025-01-17,112.060817872706
"cochabamba",2025-01-18,112.120868919405
"cochabamba",2025-01-19,112.126698247402
"cochabamba",2025-01-20,112.139195306363
"cochabamba",2025-01-21,112.144975484264
"cochabamba",2025-01-22,112.231987307553
"cochabamba",2025-01-23,112.21836971251
"cochabamba",2025-01-24,112.21836971251
"cochabamba",2025-01-25,112.234757374338
"cochabamba",2025-01-26,112.248222822356
"cochabamba",2025-01-27,112.248154972921
"cochabamba",2025-01-28,112.245820095032
"cochabamba",2025-01-29,112.431850552746
"cochabamba",2025-01-30,112.430887100654
"cochabamba",2025-01-31,112.425794700201
"cochabamba",2025-02-01,112.582802777566
"cochabamba",2025-02-02,112.96085098535
"cochabamba",2025-02-03,113.109316733564
"cochabamba",2025-02-04,113.109653139422
"cochabamba",2025-02-05,113.116662464303
"cochabamba",2025-02-06,113.125000696806
"cochabamba",2025-02-07,113.135587304101
"cochabamba",2025-02-08,113.018661942311
"cochabamba",2025-02-09,113.050853743982
"cochabamba",2025-02-10,113.023461756555
"cochabamba",2025-02-11,113.013345504488
"cochabamba",2025-02-12,113.016154668639
"cochabamba",2025-02-13,113.064314001666
"cochabamba",2025-02-14,113.073693993342
"cochabamba",2025-02-15,112.700445651308
"cochabamba",2025-02-16,112.719795939584
"cochabamba",2025-02-17,112.736334552588
"cochabamba",2025-02-18,112.736311322226
"cochabamba",2025-02-19,112.752608337488
"cochabamba",2025-02-20,112.689107270605
"cochabamba",2025-02-21,112.687812602006
"cochabamba",2025-02-22,112.681670770214
"cochabamba",2025-02-23,112.774265464026
"cochabamba",2025-02-24,112.779585064796
"cochabamba",2025-02-25,112.777515859142
"cochabamba",2025-02-26,112.790467629974
"cochabamba",2025-02-27,112.846543079882
"cochabamba",2025-02-28,112.841938621383
"cochabamba",2025-03-01,112.866740766423
"cochabamba",2025-03-02,112.904098994354
"cochabamba",2025-03-03,112.905002346518
"cochabamba",2025-03-04,112.905002346518
"cochabamba",2025-03-05,112.905612280687
"cochabamba",2025-03-06,112.906558753502
"cochabamba",2025-03-07,113.115379562099
"cochabamba",2025-03-08,113.129122431529
"cochabamba",2025-03-09,113.175416498251
"cochabamba",2025-03-10,113.101415665924
"cochabamba",2025-03-11,113.34338027908
"cochabamba",2025-03-12,113.355789162397
"cochabamba",2025-03-13,113.391292063891
"cochabamba",2025-03-14,113.404113085048
"cochabamba",2025-03-15,113.437635591431
"cochabamba",2025-03-16,113.31304668438
"cochabamba",2025-03-17,113.307812535584
"cochabamba",2025-03-18,113.307812535584
"cochabamba",2025-03-19,113.342832070778
"cochabamba",2025-03-20,113.392339070783
"cochabamba",2025-03-21,113.414044453015
"cochabamba",2025-03-22,113.406087529272
"cochabamba",2025-03-23,113.454525179232
"cochabamba",2025-03-24,113.464047014073
"cochabamba",2025-03-25,113.454694281248
"cochabamba",2025-03-26,113.485560127229
"cochabamba",2025-03-27,113.443440839417
"cochabamba",2025-03-28,113.578809967549
"cochabamba",2025-03-29,113.792149510314
"cochabamba",2025-03-30,113.886753076112
"cochabamba",2025-03-31,114.16473917612
"cochabamba",2025-04-01,114.141420490668
"cochabamba",2025-04-02,116.096724908313
"cochabamba",2025-04-03,116.277724794844
"cochabamba",2025-04-04,116.451195081029
"cochabamba",2025-04-05,116.561262755713
"cochabamba",2025-04-06,116.55192144507
"cochabamba",2025-04-07,116.577240815238
"cochabamba",2025-04-08,116.451326443148
"cochabamba",2025-04-09,116.488866345057
"cochabamba",2025-04-10,116.51380699242
"cochabamba",2025-04-11,116.524840758141
"cochabamba",2025-04-12,116.759242501989
"cochabamba",2025-04-13,116.881761619535
"cochabamba",2025-04-14,116.888801646378
"cochabamba",2025-04-15,116.88937845771
"cochabamba",2025-04-16,116.965777955574
"cochabamba",2025-04-17,117.237022106354
"cochabamba",2025-04-18,117.449393542953
"cochabamba",2025-04-19,117.541980585248
"cochabamba",2025-04-20,117.541980585248
"cochabamba",2025-04-21,117.544396394085
"cochabamba",2025-04-22,117.579492609537
"cochabamba",2025-04-23,117.595000416074
"cochabamba",2025-04-24,117.641909895882
"cochabamba",2025-04-25,117.6532676387
"cochabamba",2025-04-26,117.751944726495
"cochabamba",2025-04-27,117.864204808603
"cochabamba",2025-04-28,117.895925812122
"cochabamba",2025-04-29,117.896411357598
"cochabamba",2025-04-30,118.145414300069
"cochabamba",2025-05-01,118.667687717293
"cochabamba",2025-05-02,120.025295426913
"cochabamba",2025-05-03,120.025295426913
"cochabamba",2025-05-04,120.489289147989
"cochabamba",2025-05-05,120.493817382281
"cochabamba",2025-05-06,120.493817382281
"cochabamba",2025-05-07,121.161861413189
"cochabamba",2025-05-08,123.748217024299
"cochabamba",2025-05-09,123.892940509309
"cochabamba",2025-05-10,123.806725324688
"cochabamba",2025-05-11,124.000755657024
"cochabamba",2025-05-12,124.054470529659
"cochabamba",2025-05-13,124.054470529659
"cochabamba",2025-05-14,124.494041582544
"cochabamba",2025-05-15,124.524665364566
"cochabamba",2025-05-16,124.66074076898
"cochabamba",2025-05-17,124.707770278123
"cochabamba",2025-05-18,125.590391552341
"cochabamba",2025-05-19,125.819942708473
"cochabamba",2025-05-20,125.821945850135
"cochabamba",2025-05-21,126.291926243251
"cochabamba",2025-05-22,126.944945928169
"cochabamba",2025-05-23,127.174561898636
"cochabamba",2025-05-24,127.37657807368
"cochabamba",2025-05-25,127.483516529788
"cochabamba",2025-05-26,127.67643538009
"cochabamba",2025-05-27,127.701510534306
"cochabamba",2025-05-28,129.117229540226
"cochabamba",2025-05-29,129.705970920124
"cochabamba",2025-05-30,130.711529659515
"cochabamba",2025-05-31,130.73692107349
"cochabamba",2025-06-01,132.129165414325
"cochabamba",2025-06-02,132.145030626382
"cochabamba",2025-06-03,133.254165887768
"cochabamba",2025-06-11,134.199746321308
"cochabamba",2025-06-12,134.199746321308
"cochabamba",2025-06-13,134.4119691174
"cochabamba",2025-06-14,134.457862291205
"cochabamba",2025-06-15,134.690780368571
"cochabamba",2025-06-16,134.756146080447
"cochabamba",2025-06-17,134.761178859382
"cochabamba",2025-06-18,134.998884875824
"cochabamba",2025-06-19,135.23135360943
"cochabamba",2025-06-20,135.466893746151
"cochabamba",2025-06-21,135.472329559972
"cochabamba",2025-06-22,135.603739501593
"cochabamba",2025-06-23,135.60356771979
"cochabamba",2025-06-24,135.608587561409
"cochabamba",2025-06-25,136.483600972868
"cochabamba",2025-06-26,136.578745157874
"cochabamba",2025-06-27,137.051274921198
"cochabamba",2025-06-28,137.121536848037
"cochabamba",2025-06-29,137.183822364182
"cochabamba",2025-06-30,137.323734162869
"cochabamba",2025-07-01,138.306975688281
"cochabamba",2025-07-02,138.396247986938
"cochabamba",2025-07-03,139.342777270564
"cochabamba",2025-07-04,139.714604187805
"cochabamba",2025-07-05,139.71846979996
"cochabamba",2025-07-06,140.084897615819
"cochabamba",2025-07-07,140.115769717417
"cochabamba",2025-07-08,140.320271907088
"cochabamba",2025-07-09,140.328788402423
"cochabamba",2025-07-10,140.390093766318
"cochabamba",2025-07-11,140.702778677716
"cochabamba",2025-07-12,140.746581446991
"cochabamba",2025-07-13,140.863368847996
"cochabamba",2025-07-14,140.895104396966
"cochabamba",2025-07-15,140.739624476225
"cochabamba",2025-07-16,140.966133291067
"cochabamba",2025-07-17,140.989635133707
"cochabamba",2025-07-18,141.089107767039
"cochabamba",2025-07-19,141.404816936378
"cochabamba",2025-07-20,141.414591591694
"cochabamba",2025-07-21,141.487695140565
"cochabamba",2025-07-22,141.540427928095
"cochabamba",2025-07-23,141.59538421675
"cochabamba",2025-07-24,141.73413331029
"cochabamba",2025-07-25,141.783833504726
"cochabamba",2025-07-26,141.974714983661
"cochabamba",2025-07-27,142.021049641454
"cochabamba",2025-07-28,142.021320513794
"cochabamba",2025-07-29,142.17512596968
"cochabamba",2025-07-30,142.259188515636
"cochabamba",2025-07-31,142.331784828706
"cochabamba",2025-08-01,142.262437322198
"cochabamba",2025-08-02,142.623051467498
"cochabamba",2025-08-03,142.18864599238
"cochabamba",2025-08-04,142.18864599238
"cochabamba",2025-08-05,142.246749453622
"cochabamba",2025-08-06,142.358790920416
"cochabamba",2025-08-07,142.358790920416
"cochabamba",2025-08-08,142.358790920416
"cochabamba",2025-08-09,142.363803065807
"cochabamba",2025-08-10,142.355145405621
"cochabamba",2025-08-11,142.368473517259
"cochabamba",2025-08-12,142.368473517259
"cochabamba",2025-08-13,142.542069512293
"cochabamba",2025-08-14,142.454231603488
"cochabamba",2025-08-15,142.549914841083
"cochabamba",2025-08-16,142.694798697079
"cochabamba",2025-08-17,142.569812763938
"cochabamba",2025-08-18,142.559979730402
"cochabamba",2025-08-19,142.580082725756
"cochabamba",2025-08-20,142.712752554067
"cochabamba",2025-08-21,142.744337768395
"cochabamba",2025-08-22,142.790603949957
"cochabamba",2025-08-23,143.06207032752
"cochabamba",2025-08-24,143.06207032752
"cochabamba",2025-08-25,143.19072211899
"cochabamba",2025-08-26,143.205165308874
"cochabamba",2025-08-27,143.3229435123
"cochabamba",2025-08-28,143.40698446722
"cochabamba",2025-08-29,143.362948597666
"cochabamba",2025-08-30,143.630773552263
"cochabamba",2025-08-31,143.630773552263
"cochabamba",2025-09-01,143.705622986424
"cochabamba",2025-09-02,143.713783796045
"cochabamba",2025-09-03,143.724887411564
"cochabamba",2025-09-04,143.664951276367
"cochabamba",2025-09-05,143.680906589182
"cochabamba",2025-09-06,143.558238518337
"cochabamba",2025-09-07,143.698907801611
"cochabamba",2025-09-08,143.78933941964
"cochabamba",2025-09-09,143.798997423748
"cochabamba",2025-09-10,143.747603491351
"cochabamba",2025-09-11,143.177094103455
"cochabamba",2025-09-12,143.177094103455
"cochabamba",2025-09-13,143.146193184161
"cochabamba",2025-09-14,143.163182966754
"cochabamba",2025-09-15,143.188579420818
"cochabamba",2025-09-16,143.188579420818
"cochabamba",2025-09-17,143.22574796299
"cochabamba",2025-09-18,143.225936397811
"cochabamba",2025-09-19,143.071359377436
"cochabamba",2025-09-20,143.127869054142
"cochabamba",2025-09-21,143.120582331562
"cochabamba",2025-09-22,143.106363669165
"cochabamba",2025-09-23,143.106363669165
"cochabamba",2025-09-24,143.052978706844
"cochabamba",2025-09-25,143.058793291288
"cochabamba",2025-09-26,143.086737071928
"cochabamba",2025-09-27,143.081842865433
"cochabamba",2025-09-28,143.081842865433
"cochabamba",2025-09-29,143.130000803628
"cochabamba",2025-09-30,143.214116535033
"cochabamba",2025-10-01,143.214116535033
"cochabamba",2025-10-02,143.811762101477
"cochabamba",2025-10-03,143.654742615067
"cochabamba",2025-10-04,143.631658910928
"cochabamba",2025-10-05,143.65186851886
"cochabamba",2025-10-06,143.655604264142
"cochabamba",2025-10-07,143.696336670596
"cochabamba",2025-10-08,143.699047058995
"cochabamba",2025-10-09,143.698276749895
"cochabamba",2025-10-10,143.46136260595
"cochabamba",2025-10-11,143.136401334144
"cochabamba",2025-10-12,143.121629758396
"cochabamba",2025-10-13,142.994743541264
"cochabamba",2025-10-14,142.995615047265
"cochabamba",2025-10-15,143.03940645016
"cochabamba",2025-10-16,143.057994738612
"cochabamba",2025-10-17,143.035888206849
"cochabamba",2025-10-18,143.121710299752
"cochabamba",2025-10-19,143.17156796123
"cochabamba",2025-10-20,143.180079402278
"cochabamba",2025-10-21,143.154199018753
"cochabamba",2025-10-22,143.183348370904
"cochabamba",2025-10-23,143.212913318025
"cochabamba",2025-10-24,143.194726260885
"cochabamba",2025-10-25,143.080100616023
"cochabamba",2025-10-26,143.132949837968
"cochabamba",2025-10-27,143.134563247672
"cochabamba",2025-10-28,143.138309435396
"cochabamba",2025-10-29,143.182271254045
"cochabamba",2025-10-30,143.214535287871
"cochabamba",2025-10-31,143.230276312893
"cochabamba",2025-11-01,143.070673506021
"cochabamba",2025-11-02,143.731867073761
"cochabamba",2025-11-03,143.71271838974
"cochabamba",2025-11-04,143.7151565446
"cochabamba",2025-11-05,143.708508275255
"cochabamba",2025-11-06,143.857426602113
"cochabamba",2025-11-07,143.81960047512
"cochabamba",2025-11-08,143.298300843299
"cochabamba",2025-11-09,143.375053036869
"cochabamba",2025-11-10,143.368018074061
"cochabamba",2025-11-11,143.382198679147
"cochabamba",2025-11-12,143.304844622629
"cochabamba",2025-11-13,143.308726564206
"cochabamba",2025-11-14,143.278534392279
"cochabamba",2025-11-15,143.29345897638
"cochabamba",2025-11-16,143.316559151686
"cochabamba",2025-11-17,143.274342181072
"cochabamba",2025-11-18,143.27884913617
"cochabamba",2025-11-19,143.23271808782
"cochabamba",2025-11-20,143.131326425556
"cochabamba",2025-11-21,143.139980714144
"cochabamba",2025-11-22,143.1155884051
"cochabamba",2025-11-23,143.127212707586
"cochabamba",2025-11-24,143.160210603539
"cochabamba",2025-11-25,143.158653814604
"cochabamba",2025-11-26,142.887836322025
"cochabamba",2025-11-27,142.922485944995
"cochabamba",2025-11-28,142.917716206376
"cochabamba",2025-11-29,142.915734199042
"cochabamba",2025-11-30,142.948253635399
"cochabamba",2025-12-01,142.527669106319
"cochabamba",2025-12-02,142.525651285003
"cochabamba",2025-12-03,142.747890422317
"cochabamba",2025-12-04,143.055123082896
"cochabamba",2025-12-05,143.108411168703
"cochabamba",2025-12-06,143.121756991997
"cochabamba",2025-12-07,142.606999829646
"cochabamba",2025-12-08,142.618045003506
"cochabamba",2025-12-09,142.611702950303
"cochabamba",2025-12-10,142.56584658981
"cochabamba",2025-12-11,142.539131181323
"cochabamba",2025-12-12,142.521158873448
"cochabamba",2025-12-13,142.513377021454
"cochabamba",2025-12-14,142.518764170335
"cochabamba",2025-12-15,142.598721036126
"cochabamba",2025-12-16,142.592621087171
"cochabamba",2025-12-17,142.601350211635
"cochabamba",2025-12-18,142.490219707695
"cochabamba",2025-12-19,142.45242652515
"cochabamba",2025-12-20,142.460891941555
"cochabamba",2025-12-21,142.444164374985
"cochabamba",2025-12-23,142.446052384714
"cochabamba",2025-12-24,142.455608532597
"cochabamba",2025-12-25,142.460399900512
"cochabamba",2025-12-26,142.475695518395
"cochabamba",2025-12-27,142.477068242754
"cochabamba",2025-12-28,142.484732548856
"cochabamba",2025-12-29,142.411872632958
"cochabamba",2025-12-30,142.425861308538
"cochabamba",2025-12-31,142.422971720481
"cochabamba",2026-01-01,143.491347366739
"cochabamba",2026-01-02,143.493545577222
"cochabamba",2026-01-03,143.493545577222
"cochabamba",2026-01-04,143.483763954957
"cochabamba",2026-01-05,143.481511031865
"cochabamba",2026-01-06,143.426638152499
"cochabamba",2026-01-07,143.426638152499
"cochabamba",2026-01-08,143.242726305817
"cochabamba",2026-01-09,143.321256386057
"cochabamba",2026-01-10,143.329115346993
"cochabamba",2026-01-12,142.504913947127
"cochabamba",2026-01-13,142.502119054194
"cochabamba",2026-01-14,142.285803233889
"cochabamba",2026-01-15,142.292198932075
"cochabamba",2026-01-16,142.269491500087
"cochabamba",2026-01-17,142.247861100145
"cochabamba",2026-01-18,142.209604415352
"cochabamba",2026-01-19,142.210500464821
"cochabamba",2026-01-20,142.223751546559
"cochabamba",2026-01-21,142.196636965524
"cochabamba",2026-01-22,142.150222825369
"cochabamba",2026-01-23,142.165313398173
"cochabamba",2026-01-24,142.146752208618
"cochabamba",2026-01-25,142.123320309719
"cochabamba",2026-01-26,142.137410718678
"cochabamba",2026-01-27,142.137410718678
"cochabamba",2026-01-28,141.962852113524
"cochabamba",2026-01-29,141.635041549343
"cochabamba",2026-01-30,141.645998687931
"cochabamba",2026-01-31,141.650314399827
"cochabamba",2026-02-01,142.605204637123
"cochabamba",2026-02-02,142.592622262996
"cochabamba",2026-02-03,142.624978055374
"cochabamba",2026-02-04,142.57837538767
"cochabamba",2026-02-05,142.584408842035
"cochabamba",2026-02-06,142.243051484349
"cochabamba",2026-02-07,141.951292403307
"cochabamba",2026-02-08,141.902285191773
"cochabamba",2026-02-09,141.900210831188
"cochabamba",2026-02-10,141.88741748045
"cochabamba",2026-02-11,141.927880962182
"cochabamba",2026-02-12,141.773825125989
"cochabamba",2026-02-13,141.7469052108
"cochabamba",2026-02-14,141.624290919374
"cochabamba",2026-02-15,141.614502103119
"cochabamba",2026-02-16,141.629973691959
"cochabamba",2026-02-17,141.64595063767
"cochabamba",2026-02-18,141.699989577096
"cochabamba",2026-02-19,141.330646675611
"cochabamba",2026-02-20,141.304664202974
"cochabamba",2026-02-21,141.188781054062
"cochabamba",2026-02-22,141.168383809037
"cochabamba",2026-02-23,141.155903532384
"cochabamba",2026-02-24,141.132818133892
"cochabamba",2026-02-25,141.088533023779
"cochabamba",2026-02-26,141.110204591571
"cochabamba",2026-02-27,141.099553935618
"cochabamba",2026-02-28,141.096387793739
"cochabamba",2026-03-01,141.101904228682
"cochabamba",2026-03-02,141.383268910478
"cochabamba",2026-03-03,141.263128628599
"cochabamba",2026-03-04,141.253834413858
"cochabamba",2026-03-05,141.233453514376
"cochabamba",2026-03-06,140.449663113567
"cochabamba",2026-03-07,140.350992183284
"cochabamba",2026-03-08,140.346831311098
"cochabamba",2026-03-09,140.346409555631
"cochabamba",2026-03-10,140.269852324379
"cochabamba",2026-03-11,140.263702810986
"cochabamba",2026-03-13,140.261452324443
"cochabamba",2026-03-14,140.228908661395
"cochabamba",2026-03-15,140.212035163073
"cochabamba",2026-03-16,140.017395557842
"cochabamba",2026-03-17,139.910467684323
"cochabamba",2026-03-18,139.917763265963
"cochabamba",2026-03-19,139.812341905272
"cochabamba",2026-03-20,139.761510611119
"cochabamba",2026-03-21,139.802088997735
"cochabamba",2026-03-22,139.80394537387
"cochabamba",2026-03-23,139.799457553654
"cochabamba",2026-03-24,139.778902150379
"cochabamba",2026-03-25,139.772134140035
"cochabamba",2026-03-26,139.768615556307
"cochabamba",2026-03-27,139.776844235189
"cochabamba",2026-03-28,139.779912983832
"cochabamba",2026-03-29,139.327697097034
"cochabamba",2026-03-30,139.333797523493
"cochabamba",2026-03-31,139.302854103692
"cochabamba",2026-04-01,139.770434028185
"cochabamba",2026-04-02,139.798793885869
"cochabamba",2026-04-03,139.798793885869
"cochabamba",2026-04-04,139.777562656124
"cochabamba",2026-04-05,139.747259655981
"cochabamba",2026-04-06,140.01489230309
"cochabamba",2026-04-07,140.01489230309
"cochabamba",2026-04-08,139.933956510232
"cochabamba",2026-04-09,139.864191542486
"cochabamba",2026-04-10,139.344213813019
"cochabamba",2026-04-11,139.320990626036
"cochabamba",2026-04-12,139.307347953393
"cochabamba",2026-04-13,139.306156669978
"cochabamba",2026-04-14,139.216218627568
"cochabamba",2026-04-15,139.124575105001
"cochabamba",2026-04-16,139.127452161655
"cochabamba",2026-04-17,139.141590638369
"cochabamba",2026-04-18,139.090425886635
"cochabamba",2026-04-19,139.080168167164
"cochabamba",2026-04-20,139.076955099044
"cochabamba",2026-04-21,139.064214335013
"cochabamba",2026-04-22,139.048347679401
"cochabamba",2026-04-23,139.028561171458
"cochabamba",2026-04-24,139.018433161822
"cochabamba",2026-04-25,139.045817950335
"la_paz",2024-07-29,100
"la_paz",2024-07-30,100.099421884771
"la_paz",2024-07-31,100.099421884771
"la_paz",2024-08-01,100.622226094492
"la_paz",2024-08-02,100.982267577623
"la_paz",2024-08-03,100.785576801546
"la_paz",2024-08-04,100.792235967596
"la_paz",2024-08-05,100.792235967596
"la_paz",2024-08-06,100.798807448887
"la_paz",2024-08-07,101.217058896027
"la_paz",2024-08-08,101.197299383553
"la_paz",2024-08-09,102.476096705473
"la_paz",2024-08-10,102.905408488321
"la_paz",2024-08-11,103.378635378995
"la_paz",2024-08-12,103.373764495011
"la_paz",2024-08-13,103.412615481002
"la_paz",2024-08-14,103.412615481002
"la_paz",2024-08-15,103.410151909908
"la_paz",2024-08-16,103.527601148959
"la_paz",2024-08-17,103.480193388413
"la_paz",2024-08-18,103.494175406996
"la_paz",2024-08-19,103.483930051917
"la_paz",2024-08-20,103.481686611905
"la_paz",2024-08-21,103.56739786539
"la_paz",2024-08-22,103.593117178866
"la_paz",2024-08-23,103.680943606931
"la_paz",2024-08-24,103.708025545851
"la_paz",2024-08-25,103.727572053779
"la_paz",2024-08-26,103.738322404513
"la_paz",2024-08-27,103.734125993778
"la_paz",2024-08-28,104.504149109993
"la_paz",2024-08-29,104.553488215772
"la_paz",2024-08-30,104.956099713245
"la_paz",2024-08-31,105.288865029701
"la_paz",2024-09-01,106.654999308355
"la_paz",2024-09-02,106.703195652768
"la_paz",2024-09-03,106.703195652768
"la_paz",2024-09-04,106.84685598477
"la_paz",2024-09-05,106.897533759988
"la_paz",2024-09-06,106.951224352113
"la_paz",2024-09-07,106.911437886125
"la_paz",2024-09-08,106.935525177634
"la_paz",2024-09-09,106.942537235098
"la_paz",2024-09-10,106.942876319708
"la_paz",2024-09-11,106.960141768663
"la_paz",2024-09-12,106.918891388797
"la_paz",2024-09-13,106.95288914934
"la_paz",2024-09-14,106.791072399123
"la_paz",2024-09-15,106.897774271667
"la_paz",2024-09-16,106.894684421907
"la_paz",2024-09-17,106.894684421907
"la_paz",2024-09-18,106.970219889784
"la_paz",2024-09-19,107.007767136166
"la_paz",2024-09-20,107.031093359593
"la_paz",2024-09-21,107.026914532326
"la_paz",2024-09-22,107.02619364349
"la_paz",2024-09-23,107.046414286983
"la_paz",2024-09-24,107.047799549136
"la_paz",2024-09-25,107.041847557174
"la_paz",2024-09-26,107.043395396176
"la_paz",2024-09-27,107.047837171153
"la_paz",2024-09-28,107.066324228472
"la_paz",2024-09-29,107.079001107991
"la_paz",2024-09-30,107.289921652052
"la_paz",2024-10-01,107.289011489041
"la_paz",2024-10-02,107.915113782848
"la_paz",2024-10-03,108.046288487086
"la_paz",2024-10-04,108.158207046143
"la_paz",2024-10-05,108.184354272648
"la_paz",2024-10-06,108.1865162276
"la_paz",2024-10-07,108.296798292556
"la_paz",2024-10-08,108.291290321698
"la_paz",2024-10-09,108.402271828241
"la_paz",2024-10-10,108.417798497674
"la_paz",2024-10-11,108.43798975556
"la_paz",2024-10-12,108.245014943558
"la_paz",2024-10-13,108.310786120204
"la_paz",2024-10-14,108.289417544277
"la_paz",2024-10-15,108.433115157452
"la_paz",2024-10-16,108.433115157452
"la_paz",2024-10-17,108.52084650423
"la_paz",2024-10-18,108.523992612639
"la_paz",2024-10-19,108.540952224771
"la_paz",2024-10-20,108.530600963802
"la_paz",2024-10-21,108.489746249586
"la_paz",2024-10-22,108.489746249586
"la_paz",2024-10-23,108.465326146837
"la_paz",2024-10-24,108.479153378747
"la_paz",2024-10-25,108.513969799717
"la_paz",2024-10-26,108.527387808461
"la_paz",2024-10-27,108.566682124147
"la_paz",2024-10-28,108.57033081145
"la_paz",2024-10-29,108.567685133389
"la_paz",2024-10-30,108.738567654156
"la_paz",2024-10-31,108.738567654156
"la_paz",2024-11-01,108.780769510956
"la_paz",2024-11-02,109.074066915043
"la_paz",2024-11-03,109.307773940487
"la_paz",2024-11-04,109.347005565418
"la_paz",2024-11-05,109.347005565418
"la_paz",2024-11-06,109.367345180375
"la_paz",2024-11-07,109.34001179505
"la_paz",2024-11-08,109.371530380519
"la_paz",2024-11-09,109.056413537004
"la_paz",2024-11-10,109.06122812288
"la_paz",2024-11-11,109.084377095736
"la_paz",2024-11-12,109.081919290259
"la_paz",2024-11-13,109.102551512052
"la_paz",2024-11-14,109.131037315462
"la_paz",2024-11-15,109.11896248248
"la_paz",2024-11-16,109.138402030986
"la_paz",2024-11-17,109.153661656936
"la_paz",2024-11-18,109.161257803876
"la_paz",2024-11-19,109.141325920429
"la_paz",2024-11-20,109.175751380633
"la_paz",2024-11-21,109.257784113872
"la_paz",2024-11-22,109.272279911096
"la_paz",2024-11-23,108.932169060371
"la_paz",2024-11-24,108.9651782023
"la_paz",2024-11-25,108.973105505991
"la_paz",2024-11-26,108.983211787311
"la_paz",2024-11-27,108.997958824408
"la_paz",2024-11-28,109.071059509912
"la_paz",2024-11-29,109.215873517652
"la_paz",2024-11-30,109.250037419485
"la_paz",2024-12-01,108.956886725891
"la_paz",2024-12-02,109.095532978901
"la_paz",2024-12-03,109.117253420256
"la_paz",2024-12-04,109.660014119368
"la_paz",2024-12-05,109.683023312147
"la_paz",2024-12-06,109.742339512694
"la_paz",2024-12-07,109.73625846798
"la_paz",2024-12-08,109.735663348466
"la_paz",2024-12-09,109.753861179759
"la_paz",2024-12-10,109.751047491951
"la_paz",2024-12-11,109.774980364353
"la_paz",2024-12-12,109.674834052602
"la_paz",2024-12-13,109.657655498121
"la_paz",2024-12-14,109.744564091459
"la_paz",2024-12-15,109.873322254159
"la_paz",2024-12-16,109.926337746198
"la_paz",2024-12-17,109.926337746198
"la_paz",2024-12-18,109.966770877922
"la_paz",2024-12-19,109.983698497301
"la_paz",2024-12-20,109.983698497301
"la_paz",2024-12-21,109.985971616068
"la_paz",2024-12-22,110.000200597638
"la_paz",2024-12-23,110.011110177518
"la_paz",2024-12-24,110.011110177518
"la_paz",2024-12-25,110.064342077968
"la_paz",2024-12-26,110.071611741169
"la_paz",2024-12-27,110.071611741169
"la_paz",2024-12-28,110.070417441948
"la_paz",2024-12-29,110.086774104002
"la_paz",2024-12-30,110.085759704762
"la_paz",2024-12-31,110.084922994887
"la_paz",2025-01-01,110.100936738511
"la_paz",2025-01-02,110.888880876792
"la_paz",2025-01-03,110.908525335325
"la_paz",2025-01-04,111.046047917111
"la_paz",2025-01-05,111.32283173328
"la_paz",2025-01-06,111.32283173328
"la_paz",2025-01-07,111.637717324894
"la_paz",2025-01-08,111.637717324894
"la_paz",2025-01-09,111.684889755983
"la_paz",2025-01-10,111.662937882075
"la_paz",2025-01-11,111.664274651163
"la_paz",2025-01-12,111.728626690641
"la_paz",2025-01-13,111.656898257978
"la_paz",2025-01-14,111.39518659967
"la_paz",2025-01-15,111.425595570132
"la_paz",2025-01-16,111.424134636815
"la_paz",2025-01-17,111.43419382378
"la_paz",2025-01-18,111.497167955166
"la_paz",2025-01-19,111.501468276832
"la_paz",2025-01-20,111.519558035181
"la_paz",2025-01-21,111.520128786259
"la_paz",2025-01-22,111.573812919308
"la_paz",2025-01-23,111.578403215598
"la_paz",2025-01-24,111.578403215598
"la_paz",2025-01-25,111.591902091466
"la_paz",2025-01-26,111.610779576138
"la_paz",2025-01-27,111.619150162746
"la_paz",2025-01-28,111.61651175987
"la_paz",2025-01-29,111.77659592564
"la_paz",2025-01-30,111.826956710984
"la_paz",2025-01-31,111.886544776129
"la_paz",2025-02-01,111.941666220055
"la_paz",2025-02-02,112.369559843312
"la_paz",2025-02-03,112.507751807546
"la_paz",2025-02-04,112.506786618953
"la_paz",2025-02-05,112.537352956041
"la_paz",2025-02-06,112.561358895973
"la_paz",2025-02-07,112.58361294576
"la_paz",2025-02-08,112.471933038284
"la_paz",2025-02-09,112.483967815775
"la_paz",2025-02-10,112.431427278435
"la_paz",2025-02-11,112.467871239946
"la_paz",2025-02-12,112.495648038783
"la_paz",2025-02-13,112.520235469734
"la_paz",2025-02-14,112.490890677897
"la_paz",2025-02-15,112.33242624814
"la_paz",2025-02-16,112.35964966802
"la_paz",2025-02-17,112.44128935881
"la_paz",2025-02-18,112.44128935881
"la_paz",2025-02-19,112.463243761943
"la_paz",2025-02-20,112.418169298677
"la_paz",2025-02-21,112.326605882701
"la_paz",2025-02-22,112.31930340756
"la_paz",2025-02-23,112.399445348911
"la_paz",2025-02-24,112.367741063131
"la_paz",2025-02-25,112.35987750053
"la_paz",2025-02-26,112.432652344128
"la_paz",2025-02-27,112.477754001098
"la_paz",2025-02-28,112.487372787546
"la_paz",2025-03-01,112.452766732213
"la_paz",2025-03-02,112.502097853578
"la_paz",2025-03-03,112.502699397562
"la_paz",2025-03-04,112.503620660296
"la_paz",2025-03-05,112.503620660296
"la_paz",2025-03-06,112.503816486231
"la_paz",2025-03-07,112.70477946682
"la_paz",2025-03-08,112.723612068874
"la_paz",2025-03-09,112.772290680155
"la_paz",2025-03-10,112.669950097499
"la_paz",2025-03-11,112.848757971849
"la_paz",2025-03-12,112.899117596763
"la_paz",2025-03-13,112.938493325404
"la_paz",2025-03-14,112.944140002651
"la_paz",2025-03-15,112.953382575103
"la_paz",2025-03-16,112.858866907826
"la_paz",2025-03-17,112.8460980463
"la_paz",2025-03-18,112.847437321924
"la_paz",2025-03-19,112.876900800652
"la_paz",2025-03-20,112.898873384293
"la_paz",2025-03-21,112.966001347543
"la_paz",2025-03-22,112.982438584939
"la_paz",2025-03-23,113.030963511173
"la_paz",2025-03-24,113.044400071102
"la_paz",2025-03-25,113.035366633666
"la_paz",2025-03-26,113.203450011127
"la_paz",2025-03-27,113.205342043723
"la_paz",2025-03-28,113.358152699122
"la_paz",2025-03-29,113.521554751851
"la_paz",2025-03-30,113.607791759387
"la_paz",2025-03-31,113.838149282366
"la_paz",2025-04-01,113.839006360507
"la_paz",2025-04-02,115.687382032461
"la_paz",2025-04-03,115.923886214538
"la_paz",2025-04-04,116.033231500784
"la_paz",2025-04-05,116.139796536158
"la_paz",2025-04-06,116.066236629428
"la_paz",2025-04-07,116.067706438665
"la_paz",2025-04-08,115.927571202473
"la_paz",2025-04-09,115.979877439175
"la_paz",2025-04-10,115.988778878999
"la_paz",2025-04-11,116.005580315993
"la_paz",2025-04-12,116.278711896751
"la_paz",2025-04-13,116.434859676331
"la_paz",2025-04-14,116.436680667885
"la_paz",2025-04-15,116.444589810524
"la_paz",2025-04-16,116.538794763512
"la_paz",2025-04-17,116.821445543912
"la_paz",2025-04-18,117.094460120065
"la_paz",2025-04-19,117.128413051956
"la_paz",2025-04-20,117.12849207121
"la_paz",2025-04-21,117.133999698045
"la_paz",2025-04-22,117.162508150339
"la_paz",2025-04-23,117.259549573311
"la_paz",2025-04-24,117.293622814162
"la_paz",2025-04-25,117.320840556035
"la_paz",2025-04-26,117.357516794831
"la_paz",2025-04-27,117.426542694957
"la_paz",2025-04-28,117.457216889317
"la_paz",2025-04-29,117.45718799182
"la_paz",2025-04-30,117.727749661691
"la_paz",2025-05-01,118.267606735144
"la_paz",2025-05-02,119.600643719708
"la_paz",2025-05-03,119.600643719708
"la_paz",2025-05-04,120.426882298061
"la_paz",2025-05-05,120.427476553606
"la_paz",2025-05-06,120.427476553606
"la_paz",2025-05-07,122.333928485726
"la_paz",2025-05-08,123.508215200077
"la_paz",2025-05-09,123.659210194111
"la_paz",2025-05-10,123.476769664057
"la_paz",2025-05-11,123.597299911959
"la_paz",2025-05-12,123.670460893928
"la_paz",2025-05-13,123.670460893928
"la_paz",2025-05-14,124.060112840852
"la_paz",2025-05-15,124.065798916068
"la_paz",2025-05-16,124.199512024154
"la_paz",2025-05-17,124.223896944117
"la_paz",2025-05-18,125.052392610548
"la_paz",2025-05-19,125.194110654678
"la_paz",2025-05-20,125.194198504853
"la_paz",2025-05-21,125.786516542753
"la_paz",2025-05-22,126.305959739781
"la_paz",2025-05-23,126.537461809416
"la_paz",2025-05-24,126.700112762256
"la_paz",2025-05-25,126.827040167088
"la_paz",2025-05-26,127.035026327589
"la_paz",2025-05-27,127.040857257314
"la_paz",2025-05-28,128.033835468638
"la_paz",2025-05-29,128.226340191181
"la_paz",2025-05-30,129.58626984839
"la_paz",2025-05-31,129.734089435438
"la_paz",2025-06-01,130.651304076397
"la_paz",2025-06-02,131.027060582951
"la_paz",2025-06-03,131.91050723697
"la_paz",2025-06-11,132.715476483983
"la_paz",2025-06-12,132.715476483983
"la_paz",2025-06-13,133.01554842041
"la_paz",2025-06-14,133.052664216075
"la_paz",2025-06-15,133.147570298479
"la_paz",2025-06-16,133.187913643118
"la_paz",2025-06-17,133.193016197925
"la_paz",2025-06-18,133.359081392754
"la_paz",2025-06-19,133.545250758125
"la_paz",2025-06-20,133.82197657637
"la_paz",2025-06-21,133.828979728193
"la_paz",2025-06-22,133.930696216772
"la_paz",2025-06-23,133.944898560042
"la_paz",2025-06-24,133.942311109397
"la_paz",2025-06-25,134.880065529873
"la_paz",2025-06-26,135.022057051267
"la_paz",2025-06-27,135.691332724581
"la_paz",2025-06-28,135.718098788553
"la_paz",2025-06-29,135.770013419146
"la_paz",2025-06-30,135.776409813446
"la_paz",2025-07-01,136.691442788924
"la_paz",2025-07-02,137.237068439356
"la_paz",2025-07-03,138.027808627332
"la_paz",2025-07-04,138.046119449861
"la_paz",2025-07-05,138.046101466821
"la_paz",2025-07-06,138.222727503208
"la_paz",2025-07-07,138.234508035151
"la_paz",2025-07-08,138.483681125454
"la_paz",2025-07-09,138.507480997092
"la_paz",2025-07-10,138.565100165817
"la_paz",2025-07-11,138.697466545667
"la_paz",2025-07-12,139.040384989365
"la_paz",2025-07-13,139.153067770458
"la_paz",2025-07-14,139.185063941461
"la_paz",2025-07-15,139.197760961518
"la_paz",2025-07-16,139.154107402119
"la_paz",2025-07-17,139.34237851764
"la_paz",2025-07-18,139.34474191943
"la_paz",2025-07-19,139.487670488556
"la_paz",2025-07-20,139.666732966342
"la_paz",2025-07-21,139.706418422862
"la_paz",2025-07-22,139.730163856299
"la_paz",2025-07-23,139.83635185241
"la_paz",2025-07-24,139.837504874519
"la_paz",2025-07-25,139.929033443809
"la_paz",2025-07-26,140.006785111716
"la_paz",2025-07-27,140.164731241135
"la_paz",2025-07-28,140.176511270654
"la_paz",2025-07-29,140.249942702989
"la_paz",2025-07-30,140.36501684894
"la_paz",2025-07-31,140.470224366934
"la_paz",2025-08-01,140.487526136636
"la_paz",2025-08-02,140.487526136636
"la_paz",2025-08-03,140.323199453735
"la_paz",2025-08-04,140.323199453735
"la_paz",2025-08-05,140.373443176129
"la_paz",2025-08-06,140.41252434218
"la_paz",2025-08-07,140.41252434218
"la_paz",2025-08-08,140.41252434218
"la_paz",2025-08-09,140.413943083971
"la_paz",2025-08-10,140.535637753368
"la_paz",2025-08-11,140.550098037021
"la_paz",2025-08-12,140.555172776333
"la_paz",2025-08-13,140.701367556182
"la_paz",2025-08-14,140.498395693118
"la_paz",2025-08-15,140.553433753355
"la_paz",2025-08-16,140.68480251798
"la_paz",2025-08-17,140.600559629535
"la_paz",2025-08-18,140.593212651162
"la_paz",2025-08-19,140.627138200402
"la_paz",2025-08-20,140.719535310965
"la_paz",2025-08-21,140.745996185307
"la_paz",2025-08-22,140.816984727681
"la_paz",2025-08-23,141.076223249313
"la_paz",2025-08-24,141.076223249313
"la_paz",2025-08-25,141.307408461774
"la_paz",2025-08-26,141.31290923314
"la_paz",2025-08-27,141.345794909842
"la_paz",2025-08-28,141.432256502341
"la_paz",2025-08-29,141.450445460157
"la_paz",2025-08-30,141.707278451797
"la_paz",2025-08-31,141.707278451797
"la_paz",2025-09-01,141.812965592083
"la_paz",2025-09-02,141.821387342048
"la_paz",2025-09-03,141.875852070256
"la_paz",2025-09-04,141.748407828471
"la_paz",2025-09-05,141.742717534748
"la_paz",2025-09-06,141.625934758765
"la_paz",2025-09-07,141.692152476287
"la_paz",2025-09-08,141.794271587275
"la_paz",2025-09-09,141.797024226918
"la_paz",2025-09-10,141.856505385344
"la_paz",2025-09-11,141.238675340812
"la_paz",2025-09-12,141.238675340812
"la_paz",2025-09-13,141.270072612162
"la_paz",2025-09-14,141.307184288529
"la_paz",2025-09-15,141.29489530134
"la_paz",2025-09-16,141.2961823789
"la_paz",2025-09-17,141.362344081672
"la_paz",2025-09-18,141.388761737611
"la_paz",2025-09-19,141.218873596846
"la_paz",2025-09-20,141.21590996382
"la_paz",2025-09-21,141.188286792869
"la_paz",2025-09-22,141.180412776237
"la_paz",2025-09-23,141.186524096045
"la_paz",2025-09-24,141.100880812709
"la_paz",2025-09-25,141.10822885531
"la_paz",2025-09-26,141.062902696077
"la_paz",2025-09-27,141.087965202939
"la_paz",2025-09-28,141.087965202939
"la_paz",2025-09-29,141.147066948149
"la_paz",2025-09-30,141.238534479659
"la_paz",2025-10-01,141.238534479659
"la_paz",2025-10-02,141.869370966812
"la_paz",2025-10-03,141.795680851586
"la_paz",2025-10-04,141.78203904815
"la_paz",2025-10-05,141.782831913251
"la_paz",2025-10-06,141.801739582448
"la_paz",2025-10-07,141.827584563404
"la_paz",2025-10-08,141.897986466411
"la_paz",2025-10-09,141.911515629278
"la_paz",2025-10-10,141.654696851118
"la_paz",2025-10-11,141.278080945853
"la_paz",2025-10-12,141.27692117391
"la_paz",2025-10-13,141.192181947855
"la_paz",2025-10-14,141.196551381048
"la_paz",2025-10-15,141.225628811773
"la_paz",2025-10-16,141.289565592681
"la_paz",2025-10-17,141.186359695663
"la_paz",2025-10-18,141.202128883531
"la_paz",2025-10-19,141.199372913655
"la_paz",2025-10-20,141.218951394017
"la_paz",2025-10-21,141.220712065165
"la_paz",2025-10-22,141.259626955993
"la_paz",2025-10-23,141.31864049176
"la_paz",2025-10-24,141.324223228468
"la_paz",2025-10-25,141.295560314145
"la_paz",2025-10-26,141.331546279336
"la_paz",2025-10-27,141.331483167335
"la_paz",2025-10-28,141.334980968355
"la_paz",2025-10-29,141.374762109588
"la_paz",2025-10-30,141.409197880107
"la_paz",2025-10-31,141.448463395502
"la_paz",2025-11-01,141.266188857883
"la_paz",2025-11-02,141.817163276891
"la_paz",2025-11-03,141.770264162747
"la_paz",2025-11-04,141.770507525999
"la_paz",2025-11-05,141.77594339732
"la_paz",2025-11-06,141.915612938998
"la_paz",2025-11-07,141.89828046483
"la_paz",2025-11-08,141.505963808062
"la_paz",2025-11-09,141.424708015265
"la_paz",2025-11-10,141.637956273784
"la_paz",2025-11-11,141.653103354423
"la_paz",2025-11-12,141.554914328262
"la_paz",2025-11-13,141.589449467824
"la_paz",2025-11-14,141.591893418414
"la_paz",2025-11-15,141.653831353829
"la_paz",2025-11-16,141.667537006347
"la_paz",2025-11-17,141.591925290839
"la_paz",2025-11-18,141.611036314316
"la_paz",2025-11-19,141.548737653602
"la_paz",2025-11-20,141.557045821882
"la_paz",2025-11-21,141.418842632637
"la_paz",2025-11-22,141.408845565835
"la_paz",2025-11-23,141.403855430855
"la_paz",2025-11-24,141.402539587887
"la_paz",2025-11-25,141.398954588351
"la_paz",2025-11-26,140.947519624112
"la_paz",2025-11-27,140.966187876684
"la_paz",2025-11-28,140.913655525914
"la_paz",2025-11-29,140.920933301235
"la_paz",2025-11-30,140.970396250836
"la_paz",2025-12-01,140.628591897116
"la_paz",2025-12-02,140.628591897116
"la_paz",2025-12-03,140.889568205462
"la_paz",2025-12-04,141.342044859342
"la_paz",2025-12-05,141.429068771512
"la_paz",2025-12-06,141.430468047512
"la_paz",2025-12-07,141.279931411381
"la_paz",2025-12-08,140.972223337167
"la_paz",2025-12-09,140.967437835933
"la_paz",2025-12-10,140.907231929485
"la_paz",2025-12-11,140.903593142817
"la_paz",2025-12-12,140.862734814946
"la_paz",2025-12-13,140.832538244112
"la_paz",2025-12-14,140.827557500071
"la_paz",2025-12-15,140.886724818544
"la_paz",2025-12-16,140.88292685808
"la_paz",2025-12-17,140.910526941308
"la_paz",2025-12-18,140.822552424278
"la_paz",2025-12-19,140.80158447515
"la_paz",2025-12-20,140.709878389136
"la_paz",2025-12-21,140.723135811213
"la_paz",2025-12-23,140.719773782729
"la_paz",2025-12-24,140.734812462177
"la_paz",2025-12-25,140.759428496537
"la_paz",2025-12-26,140.75923769939
"la_paz",2025-12-27,140.75923769939
"la_paz",2025-12-28,140.761897962302
"la_paz",2025-12-29,140.799635455026
"la_paz",2025-12-30,140.808327902927
"la_paz",2025-12-31,140.771225758248
"la_paz",2026-01-01,141.731604992636
"la_paz",2026-01-02,141.756213050365
"la_paz",2026-01-03,141.730147244237
"la_paz",2026-01-04,141.733285576434
"la_paz",2026-01-05,141.730859730334
"la_paz",2026-01-06,141.752084949116
"la_paz",2026-01-07,141.661240466864
"la_paz",2026-01-08,141.565707561373
"la_paz",2026-01-09,141.483809131846
"la_paz",2026-01-10,141.500244830436
"la_paz",2026-01-12,140.580702585614
"la_paz",2026-01-13,140.585444744041
"la_paz",2026-01-14,140.810740466812
"la_paz",2026-01-15,140.797800597924
"la_paz",2026-01-16,140.806711700733
"la_paz",2026-01-17,140.806810153525
"la_paz",2026-01-18,140.75127893315
"la_paz",2026-01-19,140.769160426401
"la_paz",2026-01-20,140.853602771738
"la_paz",2026-01-21,140.864798956787
"la_paz",2026-01-22,140.796219260616
"la_paz",2026-01-23,140.785061946364
"la_paz",2026-01-24,140.787921342414
"la_paz",2026-01-25,140.79311792401
"la_paz",2026-01-26,140.805258779812
"la_paz",2026-01-27,140.80918813769
"la_paz",2026-01-28,140.747121948739
"la_paz",2026-01-29,140.465337909826
"la_paz",2026-01-30,140.461762382572
"la_paz",2026-01-31,140.51532025626
"la_paz",2026-02-01,141.397598047772
"la_paz",2026-02-02,141.379452186207
"la_paz",2026-02-03,141.395638887158
"la_paz",2026-02-04,141.347755589895
"la_paz",2026-02-05,141.345442830463
"la_paz",2026-02-06,141.032138623345
"la_paz",2026-02-07,140.682861130908
"la_paz",2026-02-08,140.692520090742
"la_paz",2026-02-09,140.6906740596
"la_paz",2026-02-10,140.669226269942
"la_paz",2026-02-11,140.632668844688
"la_paz",2026-02-12,140.506997585399
"la_paz",2026-02-13,140.499486279035
"la_paz",2026-02-14,140.412844578443
"la_paz",2026-02-15,140.431751599693
"la_paz",2026-02-16,140.431751599693
"la_paz",2026-02-17,140.432669676209
"la_paz",2026-02-18,140.434578425354
"la_paz",2026-02-19,140.156030574551
"la_paz",2026-02-20,140.109314891687
"la_paz",2026-02-21,140.020424030164
"la_paz",2026-02-22,139.959703123017
"la_paz",2026-02-23,139.960528998406
"la_paz",2026-02-24,139.939188553719
"la_paz",2026-02-25,139.925337781411
"la_paz",2026-02-26,139.93243146241
"la_paz",2026-02-27,139.918572570764
"la_paz",2026-02-28,139.863162486981
"la_paz",2026-03-01,139.856516084602
"la_paz",2026-03-02,140.148680854886
"la_paz",2026-03-03,140.129032039189
"la_paz",2026-03-04,140.008707326787
"la_paz",2026-03-05,140.075136211858
"la_paz",2026-03-06,139.405056867653
"la_paz",2026-03-07,139.32800085899
"la_paz",2026-03-08,139.312434063976
"la_paz",2026-03-09,139.307760855685
"la_paz",2026-03-10,139.303430647597
"la_paz",2026-03-11,139.307241243642
"la_paz",2026-03-13,139.302820342021
"la_paz",2026-03-14,138.93038785585
"la_paz",2026-03-15,139.236180641678
"la_paz",2026-03-16,139.154025102759
"la_paz",2026-03-17,138.864596031023
"la_paz",2026-03-18,138.794925742973
"la_paz",2026-03-19,138.741236683885
"la_paz",2026-03-20,138.725871380677
"la_paz",2026-03-21,138.729520339317
"la_paz",2026-03-22,138.738740735082
"la_paz",2026-03-23,138.743888443565
"la_paz",2026-03-24,138.729467060781
"la_paz",2026-03-25,138.71300892704
"la_paz",2026-03-26,138.711458966343
"la_paz",2026-03-27,138.695794806042
"la_paz",2026-03-28,138.703542112943
"la_paz",2026-03-29,138.297919668992
"la_paz",2026-03-30,138.343373219951
"la_paz",2026-03-31,138.316649627142
"la_paz",2026-04-01,138.758038945558
"la_paz",2026-04-02,138.753786801954
"la_paz",2026-04-03,138.753786801954
"la_paz",2026-04-04,138.746931476767
"la_paz",2026-04-05,138.681505256283
"la_paz",2026-04-06,138.949501372741
"la_paz",2026-04-07,138.949501372741
"la_paz",2026-04-08,138.779567297534
"la_paz",2026-04-09,138.706182230101
"la_paz",2026-04-10,138.121295927415
"la_paz",2026-04-11,138.129898589537
"la_paz",2026-04-12,138.144357678544
"la_paz",2026-04-13,138.139461645509
"la_paz",2026-04-14,138.043147968749
"la_paz",2026-04-15,137.955640539128
"la_paz",2026-04-16,137.970112805116
"la_paz",2026-04-17,137.963978872095
"la_paz",2026-04-18,137.86116976789
"la_paz",2026-04-19,137.869567155201
"la_paz",2026-04-20,137.869567155201
"la_paz",2026-04-21,137.838669417087
"la_paz",2026-04-22,137.791274442051
"la_paz",2026-04-23,137.757784747485
"la_paz",2026-04-24,137.768272035694
"la_paz",2026-04-25,137.751159676357
"santa_cruz",2024-07-29,100
"santa_cruz",2024-07-30,100.131389855669
"santa_cruz",2024-07-31,100.131389855669
"santa_cruz",2024-08-01,100.129003447248
"santa_cruz",2024-08-02,100.456517270897
"santa_cruz",2024-08-03,100.509687602979
"santa_cruz",2024-08-04,100.539942859898
"santa_cruz",2024-08-05,100.539942859898
"santa_cruz",2024-08-06,100.540725622936
"santa_cruz",2024-08-07,100.893963851779
"santa_cruz",2024-08-08,100.893963851779
"santa_cruz",2024-08-09,101.077045123095
"santa_cruz",2024-08-10,102.471311336802
"santa_cruz",2024-08-11,102.646745199347
"santa_cruz",2024-08-12,102.947215693918
"santa_cruz",2024-08-13,102.922213284003
"santa_cruz",2024-08-14,102.922213284003
"santa_cruz",2024-08-15,102.953408193469
"santa_cruz",2024-08-16,103.284201057444
"santa_cruz",2024-08-17,103.347339581293
"santa_cruz",2024-08-18,103.402125265797
"santa_cruz",2024-08-19,103.58700545756
"santa_cruz",2024-08-20,103.58700545756
"santa_cruz",2024-08-21,103.715351036459
"santa_cruz",2024-08-22,103.900298755482
"santa_cruz",2024-08-23,103.915998427877
"santa_cruz",2024-08-24,104.215974151661
"santa_cruz",2024-08-25,104.247467492979
"santa_cruz",2024-08-26,104.230600153613
"santa_cruz",2024-08-27,104.230600153613
"santa_cruz",2024-08-28,104.238036383151
"santa_cruz",2024-08-29,104.319759073605
"santa_cruz",2024-08-30,104.405798729709
"santa_cruz",2024-08-31,104.632296134298
"santa_cruz",2024-09-01,104.810808938652
"santa_cruz",2024-09-02,105.053159990949
"santa_cruz",2024-09-03,105.053159990949
"santa_cruz",2024-09-04,105.164907029414
"santa_cruz",2024-09-05,106.13403257357
"santa_cruz",2024-09-06,106.333983385475
"santa_cruz",2024-09-07,106.509285422335
"santa_cruz",2024-09-08,106.509285422335
"santa_cruz",2024-09-09,106.501728058954
"santa_cruz",2024-09-10,106.501728058954
"santa_cruz",2024-09-11,106.544130789516
"santa_cruz",2024-09-12,106.591343512504
"santa_cruz",2024-09-13,106.624170840352
"santa_cruz",2024-09-14,106.717572080949
"santa_cruz",2024-09-15,106.781825690869
"santa_cruz",2024-09-16,106.868894757626
"santa_cruz",2024-09-17,106.868894757626
"santa_cruz",2024-09-18,106.938505980085
"santa_cruz",2024-09-19,106.977499015799
"santa_cruz",2024-09-20,106.991042156722
"santa_cruz",2024-09-21,106.954862570981
"santa_cruz",2024-09-22,106.932292083375
"santa_cruz",2024-09-23,106.927293570737
"santa_cruz",2024-09-24,106.927293570737
"santa_cruz",2024-09-25,106.942537411106
"santa_cruz",2024-09-26,106.942301536227
"santa_cruz",2024-09-27,106.949681308508
"santa_cruz",2024-09-28,107.053128679951
"santa_cruz",2024-09-29,107.114629693448
"santa_cruz",2024-09-30,107.261313366915
"santa_cruz",2024-10-01,107.261313366915
"santa_cruz",2024-10-02,107.752785825876
"santa_cruz",2024-10-03,107.788200962182
"santa_cruz",2024-10-04,107.855354297087
"santa_cruz",2024-10-05,108.065330985537
"santa_cruz",2024-10-06,108.158881765073
"santa_cruz",2024-10-07,108.135455429106
"santa_cruz",2024-10-08,108.135455429106
"santa_cruz",2024-10-09,108.23319416577
"santa_cruz",2024-10-10,108.252704481498
"santa_cruz",2024-10-11,108.26355304379
"santa_cruz",2024-10-12,108.168218260595
"santa_cruz",2024-10-13,108.262615928873
"santa_cruz",2024-10-14,108.268688856198
"santa_cruz",2024-10-15,108.404165911316
"santa_cruz",2024-10-16,108.408672067217
"santa_cruz",2024-10-17,108.552575125215
"santa_cruz",2024-10-18,108.576511868601
"santa_cruz",2024-10-19,108.591718039924
"santa_cruz",2024-10-20,108.5626537853
"santa_cruz",2024-10-21,108.566227235393
"santa_cruz",2024-10-22,108.566227235393
"santa_cruz",2024-10-23,108.633438678977
"santa_cruz",2024-10-24,108.649006815167
"santa_cruz",2024-10-25,108.684334220105
"santa_cruz",2024-10-26,108.685710918111
"santa_cruz",2024-10-27,108.646588178066
"santa_cruz",2024-10-28,108.656555925508
"santa_cruz",2024-10-29,108.656555925508
"santa_cruz",2024-10-30,108.82650915811
"santa_cruz",2024-10-31,108.830062871013
"santa_cruz",2024-11-01,109.010403455853
"santa_cruz",2024-11-02,109.124249669095
"santa_cruz",2024-11-03,109.134790250407
"santa_cruz",2024-11-04,109.134790250407
"santa_cruz",2024-11-05,109.134790250407
"santa_cruz",2024-11-06,109.206747523564
"santa_cruz",2024-11-07,109.193432576625
"santa_cruz",2024-11-08,109.214927753936
"santa_cruz",2024-11-09,109.223643859372
"santa_cruz",2024-11-10,109.279424224528
"santa_cruz",2024-11-11,109.289793510482
"santa_cruz",2024-11-12,109.28816308115
"santa_cruz",2024-11-13,109.361834393614
"santa_cruz",2024-11-14,109.43826683031
"santa_cruz",2024-11-15,109.426492218953
"santa_cruz",2024-11-16,109.434663442912
"santa_cruz",2024-11-17,109.398374117948
"santa_cruz",2024-11-18,109.429404492597
"santa_cruz",2024-11-19,109.429404492597
"santa_cruz",2024-11-20,109.598398525517
"santa_cruz",2024-11-21,109.64879572977
"santa_cruz",2024-11-22,109.666737183902
"santa_cruz",2024-11-23,109.683565260334
"santa_cruz",2024-11-24,109.714691725583
"santa_cruz",2024-11-25,109.684905375797
"santa_cruz",2024-11-26,109.705017669392
"santa_cruz",2024-11-27,109.754942280081
"santa_cruz",2024-11-28,109.745337007542
"santa_cruz",2024-11-29,109.756695754186
"santa_cruz",2024-11-30,109.736212863708
"santa_cruz",2024-12-01,109.762992169982
"santa_cruz",2024-12-02,109.801544928189
"santa_cruz",2024-12-03,109.790490564739
"santa_cruz",2024-12-04,109.73923043293
"santa_cruz",2024-12-05,109.74565930223
"santa_cruz",2024-12-06,109.797825482529
"santa_cruz",2024-12-07,109.729977924732
"santa_cruz",2024-12-08,109.805888065085
"santa_cruz",2024-12-09,110.060091307797
"santa_cruz",2024-12-10,110.060938010556
"santa_cruz",2024-12-11,110.108480619426
"santa_cruz",2024-12-12,110.191876999082
"santa_cruz",2024-12-13,110.120696135267
"santa_cruz",2024-12-14,110.207261085288
"santa_cruz",2024-12-15,110.199076092168
"santa_cruz",2024-12-16,110.266326803113
"santa_cruz",2024-12-17,110.266326803113
"santa_cruz",2024-12-18,110.275857400703
"santa_cruz",2024-12-19,110.290089266639
"santa_cruz",2024-12-20,110.290089266639
"santa_cruz",2024-12-21,110.313784664438
"santa_cruz",2024-12-22,110.310681609731
"santa_cruz",2024-12-23,110.322316196463
"santa_cruz",2024-12-24,110.322316196463
"santa_cruz",2024-12-25,110.368468738438
"santa_cruz",2024-12-26,110.373622712442
"santa_cruz",2024-12-27,110.375328925497
"santa_cruz",2024-12-28,110.405458869183
"santa_cruz",2024-12-29,110.425286434381
"santa_cruz",2024-12-30,110.503207288267
"santa_cruz",2024-12-31,110.504503331475
"santa_cruz",2025-01-01,111.016497555294
"santa_cruz",2025-01-02,110.929703084687
"santa_cruz",2025-01-03,110.929703084687
"santa_cruz",2025-01-04,110.940771336113
"santa_cruz",2025-01-05,110.957187000263
"santa_cruz",2025-01-06,111.006781337666
"santa_cruz",2025-01-07,111.206413480729
"santa_cruz",2025-01-08,111.206413480729
"santa_cruz",2025-01-09,111.20525279742
"santa_cruz",2025-01-10,111.204029565377
"santa_cruz",2025-01-11,111.204029565377
"santa_cruz",2025-01-12,111.184125568939
"santa_cruz",2025-01-13,111.179852348693
"santa_cruz",2025-01-14,111.133970815258
"santa_cruz",2025-01-15,111.234918213661
"santa_cruz",2025-01-16,111.32709645126
"santa_cruz",2025-01-17,111.385211529617
"santa_cruz",2025-01-18,111.388504223811
"santa_cruz",2025-01-19,111.425627434913
"santa_cruz",2025-01-20,111.455381350024
"santa_cruz",2025-01-21,111.455381350024
"santa_cruz",2025-01-22,111.550422432345
"santa_cruz",2025-01-23,111.567254641079
"santa_cruz",2025-01-24,111.569304425781
"santa_cruz",2025-01-25,111.610550255828
"santa_cruz",2025-01-26,111.643964661293
"santa_cruz",2025-01-27,111.674420041231
"santa_cruz",2025-01-28,111.674420041231
"santa_cruz",2025-01-29,111.720768933311
"santa_cruz",2025-01-30,111.780118653338
"santa_cruz",2025-01-31,111.675557285529
"santa_cruz",2025-02-01,111.785629103889
"santa_cruz",2025-02-02,111.965746425316
"santa_cruz",2025-02-03,112.006143171701
"santa_cruz",2025-02-04,112.006143171701
"santa_cruz",2025-02-05,112.031282399121
"santa_cruz",2025-02-06,112.146815249474
"santa_cruz",2025-02-07,112.170883053904
"santa_cruz",2025-02-08,112.138486316887
"santa_cruz",2025-02-09,112.233639505569
"santa_cruz",2025-02-10,112.231168963746
"santa_cruz",2025-02-11,112.248946206333
"santa_cruz",2025-02-12,112.253504192142
"santa_cruz",2025-02-13,112.31636069507
"santa_cruz",2025-02-14,112.355081335558
"santa_cruz",2025-02-15,112.355869381993
"santa_cruz",2025-02-16,112.357530482613
"santa_cruz",2025-02-17,112.379316588077
"santa_cruz",2025-02-18,112.380969353215
"santa_cruz",2025-02-19,112.455260752541
"santa_cruz",2025-02-20,112.536353057024
"santa_cruz",2025-02-21,112.48607727708
"santa_cruz",2025-02-22,112.532508332035
"santa_cruz",2025-02-23,112.545491868184
"santa_cruz",2025-02-24,112.554339160302
"santa_cruz",2025-02-25,112.557152656057
"santa_cruz",2025-02-26,112.586895389783
"santa_cruz",2025-02-27,112.624484457307
"santa_cruz",2025-02-28,112.667737259499
"santa_cruz",2025-03-01,112.710832139571
"santa_cruz",2025-03-02,112.858450032968
"santa_cruz",2025-03-03,112.859826916584
"santa_cruz",2025-03-04,112.859826916584
"santa_cruz",2025-03-05,112.859826916584
"santa_cruz",2025-03-06,112.863594526127
"santa_cruz",2025-03-07,112.986298127283
"santa_cruz",2025-03-08,113.103057569368
"santa_cruz",2025-03-09,113.117512489577
"santa_cruz",2025-03-10,113.133847999616
"santa_cruz",2025-03-11,113.137016860497
"santa_cruz",2025-03-12,113.114928458252
"santa_cruz",2025-03-13,113.144287659127
"santa_cruz",2025-03-14,113.166675696195
"santa_cruz",2025-03-15,113.172742750396
"santa_cruz",2025-03-16,113.104945017588
"santa_cruz",2025-03-17,113.102263392806
"santa_cruz",2025-03-18,113.103227863162
"santa_cruz",2025-03-19,113.136372335144
"santa_cruz",2025-03-20,113.143565406875
"santa_cruz",2025-03-21,113.18437231896
"santa_cruz",2025-03-22,113.23150830722
"santa_cruz",2025-03-23,113.270691050353
"santa_cruz",2025-03-24,113.310215105018
"santa_cruz",2025-03-25,113.310215105018
"santa_cruz",2025-03-26,113.354539275189
"santa_cruz",2025-03-27,113.517874920681
"santa_cruz",2025-03-28,113.597523424403
"santa_cruz",2025-03-29,113.7454141666
"santa_cruz",2025-03-30,113.899846707969
"santa_cruz",2025-03-31,113.926962427832
"santa_cruz",2025-04-01,113.926962427832
"santa_cruz",2025-04-02,114.314133525205
"santa_cruz",2025-04-03,114.398722052326
"santa_cruz",2025-04-04,114.433292739192
"santa_cruz",2025-04-05,114.677724532067
"santa_cruz",2025-04-06,115.892876600385
"santa_cruz",2025-04-07,116.013645123665
"santa_cruz",2025-04-08,116.013645123665
"santa_cruz",2025-04-09,116.128161323279
"santa_cruz",2025-04-10,116.155571652421
"santa_cruz",2025-04-11,116.222116995214
"santa_cruz",2025-04-12,116.251100471529
"santa_cruz",2025-04-13,116.465612081114
"santa_cruz",2025-04-14,116.465612081114
"santa_cruz",2025-04-15,116.471065687492
"santa_cruz",2025-04-16,116.78696344081
"santa_cruz",2025-04-17,117.049825300911
"santa_cruz",2025-04-18,117.166464695141
"santa_cruz",2025-04-19,117.020149842009
"santa_cruz",2025-04-20,117.020149842009
"santa_cruz",2025-04-21,117.097613925167
"santa_cruz",2025-04-22,117.112181174329
"santa_cruz",2025-04-23,117.157704135412
"santa_cruz",2025-04-24,117.203727317427
"santa_cruz",2025-04-25,117.268343650301
"santa_cruz",2025-04-26,117.306527428281
"santa_cruz",2025-04-27,117.42218083922
"santa_cruz",2025-04-28,117.426837769572
"santa_cruz",2025-04-29,117.426837769572
"santa_cruz",2025-04-30,117.581211094501
"santa_cruz",2025-05-01,117.737361946021
"santa_cruz",2025-05-02,118.314004342336
"santa_cruz",2025-05-03,118.314004342336
"santa_cruz",2025-05-04,118.721288658359
"santa_cruz",2025-05-05,118.804711856803
"santa_cruz",2025-05-06,118.804711856803
"santa_cruz",2025-05-07,118.824259613276
"santa_cruz",2025-05-08,119.312531982092
"santa_cruz",2025-05-09,120.175905535726
"santa_cruz",2025-05-10,120.412324932599
"santa_cruz",2025-05-11,120.878324468642
"santa_cruz",2025-05-12,121.009933453139
"santa_cruz",2025-05-13,121.005145017403
"santa_cruz",2025-05-14,121.537823666062
"santa_cruz",2025-05-15,122.02014583368
"santa_cruz",2025-05-16,122.498716974023
"santa_cruz",2025-05-17,122.64481491262
"santa_cruz",2025-05-18,125.384398978398
"santa_cruz",2025-05-19,125.505547600521
"santa_cruz",2025-05-20,125.505547600521
"santa_cruz",2025-05-21,125.850209883927
"santa_cruz",2025-05-22,126.002389066528
"santa_cruz",2025-05-23,126.566761546284
"santa_cruz",2025-05-24,126.841712914751
"santa_cruz",2025-05-25,127.120291985582
"santa_cruz",2025-05-26,127.433327829069
"santa_cruz",2025-05-27,127.433327829069
"santa_cruz",2025-05-28,128.091160517459
"santa_cruz",2025-05-29,128.132218763243
"santa_cruz",2025-05-30,128.370324846722
"santa_cruz",2025-05-31,128.544532503528
"santa_cruz",2025-06-01,131.076891444867
"santa_cruz",2025-06-02,131.089675689498
"santa_cruz",2025-06-03,131.526336674177
"santa_cruz",2025-06-11,134.025134403823
"santa_cruz",2025-06-12,134.025134403823
"santa_cruz",2025-06-13,134.20899344107
"santa_cruz",2025-06-14,134.246482767248
"santa_cruz",2025-06-15,134.916579476342
"santa_cruz",2025-06-16,134.93893829016
"santa_cruz",2025-06-17,134.940789501785
"santa_cruz",2025-06-18,135.079379686618
"santa_cruz",2025-06-19,135.223663538319
"santa_cruz",2025-06-20,135.325168597575
"santa_cruz",2025-06-21,135.342419157591
"santa_cruz",2025-06-22,135.397589393017
"santa_cruz",2025-06-23,135.400800249542
"santa_cruz",2025-06-24,135.394759045764
"santa_cruz",2025-06-25,135.459877697342
"santa_cruz",2025-06-26,135.600878983427
"santa_cruz",2025-06-27,135.803710107504
"santa_cruz",2025-06-28,135.882725969616
"santa_cruz",2025-06-29,136.250669022683
"santa_cruz",2025-06-30,136.272234593458
"santa_cruz",2025-07-01,138.048313724243
"santa_cruz",2025-07-02,138.207203285184
"santa_cruz",2025-07-03,138.244985689844
"santa_cruz",2025-07-04,138.244985689844
"santa_cruz",2025-07-05,138.242462961791
"santa_cruz",2025-07-06,139.091188525034
"santa_cruz",2025-07-07,139.105112410616
"santa_cruz",2025-07-08,139.445092158841
"santa_cruz",2025-07-09,139.489886796002
"santa_cruz",2025-07-10,139.554528392495
"santa_cruz",2025-07-11,139.948268560565
"santa_cruz",2025-07-12,140.015761192549
"santa_cruz",2025-07-13,140.001602966536
"santa_cruz",2025-07-14,140.007033012804
"santa_cruz",2025-07-15,140.038146569134
"santa_cruz",2025-07-16,140.070983593343
"santa_cruz",2025-07-17,140.1117169573
"santa_cruz",2025-07-18,139.815636056064
"santa_cruz",2025-07-19,139.924054634747
"santa_cruz",2025-07-20,139.995299057691
"santa_cruz",2025-07-21,140.048918483817
"santa_cruz",2025-07-22,140.258522318371
"santa_cruz",2025-07-23,140.319917666579
"santa_cruz",2025-07-24,140.374697602352
"santa_cruz",2025-07-25,140.412086324494
"santa_cruz",2025-07-26,140.405994132022
"santa_cruz",2025-07-27,140.42806698613
"santa_cruz",2025-07-28,140.429766120935
"santa_cruz",2025-07-29,140.415363708576
"santa_cruz",2025-07-30,140.461998170778
"santa_cruz",2025-07-31,140.559208806811
"santa_cruz",2025-08-01,140.818711401739
"santa_cruz",2025-08-02,140.821438401196
"santa_cruz",2025-08-03,140.827587544987
"santa_cruz",2025-08-04,140.827587544987
"santa_cruz",2025-08-05,140.840959598558
"santa_cruz",2025-08-06,140.950404609137
"santa_cruz",2025-08-07,140.950404609137
"santa_cruz",2025-08-08,141.019831122948
"santa_cruz",2025-08-09,141.052119053686
"santa_cruz",2025-08-10,141.116578251161
"santa_cruz",2025-08-11,141.116578251161
"santa_cruz",2025-08-12,141.116578251161
"santa_cruz",2025-08-13,141.119468390502
"santa_cruz",2025-08-14,140.850916983343
"santa_cruz",2025-08-15,140.682267382077
"santa_cruz",2025-08-16,140.755930855967
"santa_cruz",2025-08-17,140.758193137592
"santa_cruz",2025-08-18,140.757423212059
"santa_cruz",2025-08-19,140.809272044643
"santa_cruz",2025-08-20,140.929542042424
"santa_cruz",2025-08-21,141.03105411466
"santa_cruz",2025-08-22,141.003671496879
"santa_cruz",2025-08-23,141.124167965116
"santa_cruz",2025-08-24,141.124167965116
"santa_cruz",2025-08-25,141.267986320363
"santa_cruz",2025-08-26,141.28513070207
"santa_cruz",2025-08-27,141.327548996521
"santa_cruz",2025-08-28,141.349555151222
"santa_cruz",2025-08-29,141.391234717041
"santa_cruz",2025-08-30,141.358894857296
"santa_cruz",2025-08-31,141.358894857296
"santa_cruz",2025-09-01,141.436822404822
"santa_cruz",2025-09-02,141.436822404822
"santa_cruz",2025-09-03,141.537248812883
"santa_cruz",2025-09-04,141.413327733669
"santa_cruz",2025-09-05,141.425350056233
"santa_cruz",2025-09-06,141.943297608252
"santa_cruz",2025-09-07,141.912997364982
"santa_cruz",2025-09-08,142.058503905034
"santa_cruz",2025-09-09,142.060215302171
"santa_cruz",2025-09-10,141.859849544705
"santa_cruz",2025-09-11,141.817538189126
"santa_cruz",2025-09-12,141.817538189126
"santa_cruz",2025-09-13,141.854204118068
"santa_cruz",2025-09-14,141.814347361314
"santa_cruz",2025-09-15,141.836861700909
"santa_cruz",2025-09-16,141.836861700909
"santa_cruz",2025-09-17,141.66264663127
"santa_cruz",2025-09-18,141.669161899741
"santa_cruz",2025-09-19,141.600723783734
"santa_cruz",2025-09-20,141.608604012995
"santa_cruz",2025-09-21,141.610649963885
"santa_cruz",2025-09-22,141.57993470158
"santa_cruz",2025-09-23,141.57993470158
"santa_cruz",2025-09-24,141.586700769437
"santa_cruz",2025-09-25,141.594785169268
"santa_cruz",2025-09-26,141.539112916556
"santa_cruz",2025-09-27,141.643195804798
"santa_cruz",2025-09-28,141.643195804798
"santa_cruz",2025-09-29,141.659851840818
"santa_cruz",2025-09-30,141.672366837496
"santa_cruz",2025-10-01,141.672366837496
"santa_cruz",2025-10-02,141.89910861903
"santa_cruz",2025-10-03,141.911934169075
"santa_cruz",2025-10-04,141.778062509781
"santa_cruz",2025-10-05,141.783436594316
"santa_cruz",2025-10-06,141.716293487697
"santa_cruz",2025-10-07,142.358657849295
"santa_cruz",2025-10-08,142.373931102328
"santa_cruz",2025-10-09,142.427450736694
"santa_cruz",2025-10-10,142.332144270916
"santa_cruz",2025-10-11,142.226745926801
"santa_cruz",2025-10-12,142.225997367162
"santa_cruz",2025-10-13,142.220364676683
"santa_cruz",2025-10-14,142.220364676683
"santa_cruz",2025-10-15,142.280363837726
"santa_cruz",2025-10-16,142.327943918724
"santa_cruz",2025-10-17,142.336741579712
"santa_cruz",2025-10-18,142.344805527545
"santa_cruz",2025-10-19,142.336039416156
"santa_cruz",2025-10-20,142.35097050069
"santa_cruz",2025-10-21,142.364834770058
"santa_cruz",2025-10-22,142.454802808709
"santa_cruz",2025-10-23,142.453514154525
"santa_cruz",2025-10-24,142.511206700982
"santa_cruz",2025-10-25,142.549227525309
"santa_cruz",2025-10-26,142.576558701918
"santa_cruz",2025-10-27,142.578960220069
"santa_cruz",2025-10-28,142.583019082139
"santa_cruz",2025-10-29,142.588532631974
"santa_cruz",2025-10-30,142.614629372298
"santa_cruz",2025-10-31,142.605028412376
"santa_cruz",2025-11-01,142.614269038521
"santa_cruz",2025-11-02,142.878645041695
"santa_cruz",2025-11-03,142.869813266509
"santa_cruz",2025-11-04,142.869396990474
"santa_cruz",2025-11-05,142.906238506874
"santa_cruz",2025-11-06,142.946440774738
"santa_cruz",2025-11-07,142.744961256452
"santa_cruz",2025-11-08,142.610088833509
"santa_cruz",2025-11-09,142.630863167494
"santa_cruz",2025-11-10,142.635645556666
"santa_cruz",2025-11-11,142.536336778394
"santa_cruz",2025-11-12,142.495706229012
"santa_cruz",2025-11-13,142.507471669231
"santa_cruz",2025-11-14,142.519290504324
"santa_cruz",2025-11-15,142.542607261515
"santa_cruz",2025-11-16,142.579668032391
"santa_cruz",2025-11-17,142.588171284463
"santa_cruz",2025-11-18,142.578092917502
"santa_cruz",2025-11-19,142.469705119456
"santa_cruz",2025-11-20,142.07855329839
"santa_cruz",2025-11-21,142.074241608378
"santa_cruz",2025-11-22,142.086715259934
"santa_cruz",2025-11-23,142.092936648598
"santa_cruz",2025-11-24,141.984921180642
"santa_cruz",2025-11-25,141.981990950259
"santa_cruz",2025-11-26,142.02523136869
"santa_cruz",2025-11-27,142.071101559525
"santa_cruz",2025-11-28,142.061734801611
"santa_cruz",2025-11-29,142.08428961407
"santa_cruz",2025-11-30,142.045677574663
"santa_cruz",2025-12-01,142.003381102443
"santa_cruz",2025-12-02,142.178821883958
"santa_cruz",2025-12-03,142.146477925585
"santa_cruz",2025-12-04,142.122572935591
"santa_cruz",2025-12-05,141.936432164233
"santa_cruz",2025-12-06,141.895470450611
"santa_cruz",2025-12-07,141.900583063089
"santa_cruz",2025-12-08,141.900588805814
"santa_cruz",2025-12-09,141.886048359535
"santa_cruz",2025-12-10,141.654007349602
"santa_cruz",2025-12-11,141.435472699892
"santa_cruz",2025-12-12,141.36827590231
"santa_cruz",2025-12-13,141.323722547776
"santa_cruz",2025-12-14,141.328106509954
"santa_cruz",2025-12-15,141.334069776617
"santa_cruz",2025-12-16,141.309066234394
"santa_cruz",2025-12-17,141.276038294746
"santa_cruz",2025-12-18,140.825778035989
"santa_cruz",2025-12-19,140.979235274775
"santa_cruz",2025-12-20,140.974311403529
"santa_cruz",2025-12-21,141.019683471921
"santa_cruz",2025-12-23,141.039673624748
"santa_cruz",2025-12-24,141.039549433711
"santa_cruz",2025-12-25,141.06515409429
"santa_cruz",2025-12-26,141.070697780092
"santa_cruz",2025-12-27,141.086874891868
"santa_cruz",2025-12-28,141.075403187167
"santa_cruz",2025-12-29,141.086611545713
"santa_cruz",2025-12-30,141.113356180878
"santa_cruz",2025-12-31,141.041067470344
"santa_cruz",2026-01-01,141.183899010915
"santa_cruz",2026-01-02,141.201677006146
"santa_cruz",2026-01-03,141.201677006146
"santa_cruz",2026-01-04,141.079510332779
"santa_cruz",2026-01-05,141.075959563719
"santa_cruz",2026-01-06,140.958823386732
"santa_cruz",2026-01-07,140.958823386732
"santa_cruz",2026-01-08,140.847813058615
"santa_cruz",2026-01-09,140.8490856356
"santa_cruz",2026-01-10,140.821357840487
"santa_cruz",2026-01-12,140.719351698244
"santa_cruz",2026-01-13,140.754228408425
"santa_cruz",2026-01-14,140.913037589154
"santa_cruz",2026-01-15,140.869834385426
"santa_cruz",2026-01-16,140.850244684119
"santa_cruz",2026-01-17,140.850099992392
"santa_cruz",2026-01-18,140.772819884626
"santa_cruz",2026-01-19,140.789340674083
"santa_cruz",2026-01-20,140.824133340733
"santa_cruz",2026-01-21,140.713573623257
"santa_cruz",2026-01-22,140.633085011833
"santa_cruz",2026-01-23,140.624748940573
"santa_cruz",2026-01-24,140.631190923114
"santa_cruz",2026-01-25,140.631190923114
"santa_cruz",2026-01-26,140.633673812559
"santa_cruz",2026-01-27,140.633673812559
"santa_cruz",2026-01-28,140.479345801871
"santa_cruz",2026-01-29,140.466519377001
"santa_cruz",2026-01-30,140.468649208601
"santa_cruz",2026-01-31,137.399560658752
"santa_cruz",2026-02-01,137.638341365331
"santa_cruz",2026-02-02,137.651563061266
"santa_cruz",2026-02-03,137.642540424541
"santa_cruz",2026-02-04,137.61923017233
"santa_cruz",2026-02-05,137.584129974007
"santa_cruz",2026-02-06,137.516831234335
"santa_cruz",2026-02-07,137.347384960227
"santa_cruz",2026-02-08,137.369375419775
"santa_cruz",2026-02-09,137.369590787874
"santa_cruz",2026-02-10,137.275266753321
"santa_cruz",2026-02-11,137.282248006814
"santa_cruz",2026-02-12,137.229143022259
"santa_cruz",2026-02-13,137.208815723557
"santa_cruz",2026-02-14,137.123525009831
"santa_cruz",2026-02-15,137.113804114367
"santa_cruz",2026-02-16,137.111950472113
"santa_cruz",2026-02-17,137.113948927213
"santa_cruz",2026-02-18,137.113948927213
"santa_cruz",2026-02-19,137.090790259718
"santa_cruz",2026-02-20,137.074101519095
"santa_cruz",2026-02-21,137.078455030595
"santa_cruz",2026-02-22,137.095054495317
"santa_cruz",2026-02-23,137.096923981091
"santa_cruz",2026-02-24,137.07285352428
"santa_cruz",2026-02-25,136.793996069539
"santa_cruz",2026-02-26,136.808263382692
"santa_cruz",2026-02-27,136.807872398973
"santa_cruz",2026-02-28,136.823817486365
"santa_cruz",2026-03-01,136.828148560125
"santa_cruz",2026-03-02,137.073281054952
"santa_cruz",2026-03-03,136.772142718672
"santa_cruz",2026-03-04,136.796499993314
"santa_cruz",2026-03-05,136.61640805867
"santa_cruz",2026-03-06,136.625938316039
"santa_cruz",2026-03-07,136.27754985059
"santa_cruz",2026-03-08,136.260901230588
"santa_cruz",2026-03-09,136.264090587222
"santa_cruz",2026-03-10,136.128740187281
"santa_cruz",2026-03-11,136.114985037932
"santa_cruz",2026-03-13,135.707469432262
"santa_cruz",2026-03-14,135.697780539362
"santa_cruz",2026-03-15,135.701774237823
"santa_cruz",2026-03-16,135.704473363027
"santa_cruz",2026-03-17,135.712617297703
"santa_cruz",2026-03-18,135.640722277516
"santa_cruz",2026-03-19,135.638974164369
"santa_cruz",2026-03-20,135.592576374835
"santa_cruz",2026-03-21,135.514681051795
"santa_cruz",2026-03-22,135.509146497932
"santa_cruz",2026-03-23,135.509845801262
"santa_cruz",2026-03-24,135.474330603635
"santa_cruz",2026-03-25,135.361550966192
"santa_cruz",2026-03-26,135.276392820845
"santa_cruz",2026-03-27,135.077117345565
"santa_cruz",2026-03-28,135.098974362742
"santa_cruz",2026-03-29,135.100535389245
"santa_cruz",2026-03-30,135.100875671984
"santa_cruz",2026-03-31,135.485787819346
"santa_cruz",2026-04-01,135.497476742661
"santa_cruz",2026-04-02,135.498695738383
"santa_cruz",2026-04-03,135.498695738383
"santa_cruz",2026-04-04,135.529045275837
"santa_cruz",2026-04-05,135.535641738467
"santa_cruz",2026-04-06,135.556127893619
"santa_cruz",2026-04-07,135.555942892358
"santa_cruz",2026-04-08,135.000896323861
"santa_cruz",2026-04-09,134.891769718795
"santa_cruz",2026-04-10,134.688811483989
"santa_cruz",2026-04-11,134.520112271407
"santa_cruz",2026-04-12,134.506417376841
"santa_cruz",2026-04-13,134.503965202291
"santa_cruz",2026-04-14,134.345695085651
"santa_cruz",2026-04-15,134.23970707702
"santa_cruz",2026-04-16,134.209966977549
"santa_cruz",2026-04-17,134.126436703117
"santa_cruz",2026-04-18,134.122897195805
"santa_cruz",2026-04-19,134.093590327577
"santa_cruz",2026-04-20,134.088720469302
"santa_cruz",2026-04-21,134.00906325042
"santa_cruz",2026-04-22,134.017260390636
"santa_cruz",2026-04-23,133.998199310666
"santa_cruz",2026-04-24,133.93439019411
"santa_cruz",2026-04-25,133.881785062606
