date,cpi,Alimentos y Bebidas No Alcohólicas,Bebidas Alcohólicas y Tabaco,Bienes y Servicios Diversos,"Muebles, Bienes y Servicios Domésticos"
2024-07-29,100.00000000000001,100.0,100.0,100.0,100.0
2024-07-30,100.15522074933615,100.1960270314087,100.11994392505099,100.09292873844646,100.05606454780734
2024-07-31,100.15522074933615,100.1960270314087,100.11994392505099,100.09292873844646,100.05606454780734
2024-08-01,100.15242255660648,100.12759627106746,100.41804745599805,100.31957611589866,100.01690282018632
2024-08-02,100.53947329342117,100.20488617673114,100.44933886821576,101.65477697967675,100.65669415535916
2024-08-03,100.60230145875784,100.2410533688776,100.45577392815899,101.7836621335196,100.76431534767794
2024-08-04,100.63803143580249,100.32529010516014,100.45577392815899,101.66078661387046,100.78628232716692
2024-08-05,100.63803143580249,100.32529010516014,100.45577392815899,101.66078661387046,100.78628232716692
2024-08-06,100.63895608307078,100.32671056291854,100.45577392815899,101.66078661387046,100.78628232716692
2024-08-07,101.05626162185821,100.85472237058025,101.0739321275525,101.90469449434386,100.89712246187518
2024-08-08,101.05626162185821,100.85472237058025,101.0739321275525,101.90469449434386,100.89712246187518
2024-08-09,101.27255099163499,101.11891510468405,101.39426043676562,102.05675971529169,100.96490410439304
2024-08-10,101.6380177628829,101.48462504940944,101.40595973672599,102.30899183462756,101.52110388918835
2024-08-11,101.84525348559336,101.79297517332127,101.40595973672599,102.31628722721722,101.55658981451205
2024-08-12,102.20036346327086,101.80692777977978,101.45928087167037,103.82946819740746,102.0356893733277
2024-08-13,102.17081720283173,101.79761234779252,101.35052674469209,103.71038545706053,102.03875119314357
2024-08-14,102.17081720283173,101.79761234779252,101.35052674469209,103.71038545706053,102.03875119314357
2024-08-15,102.20765897737223,101.87623945010016,101.35052674469209,103.72495126970176,101.92261489277573
2024-08-16,102.59841369265322,102.4701505546159,101.30874813176601,103.73652696943473,101.94264904942472
2024-08-17,102.67299665135921,102.58548441888225,101.30874813176601,103.74173896615217,101.93280178809954
2024-08-18,102.73772519939018,102.64794678038618,101.3143009588551,103.82838648141863,101.9889628096869
2024-08-19,102.95619036611978,102.7625264139394,101.31999158639809,104.61991818271153,101.9889628096869
2024-08-20,102.95619036611978,102.7625264139394,101.31999158639809,104.61991818271153,101.9889628096869
2024-08-21,103.10782957515957,102.97458947512182,101.41028523554468,104.66311757292905,102.01521308547584
2024-08-22,103.32632813631072,103.22862135742356,102.09082022475882,104.86039137448569,102.03504770055925
2024-08-23,103.34487806366293,103.24348178790595,102.22542986022552,104.89385487389504,102.0347008800702
2024-08-24,103.45013105565256,103.35890214026303,102.26914771469673,105.05709502925518,102.03160174476136
2024-08-25,103.48734431134876,103.38184840739927,102.3194256520319,105.07736820227697,102.15145733841513
2024-08-26,103.46740874284208,103.3839930819645,102.38127290666512,104.95277390830076,102.15137590073181
2024-08-27,103.46740874284208,103.3839930819645,102.38127290666512,104.95277390830076,102.15137590073181
2024-08-28,103.47619032088994,103.40534241284783,102.40342117327361,104.90845530618867,102.16822660419848
2024-08-29,103.57275968159387,103.45271226034332,102.40342117327361,104.97589344207576,102.53391777612066
2024-08-30,103.67439853276322,103.59952734296382,102.59915670409121,104.97589344207576,102.54708613800862
2024-08-31,103.94202797236294,103.77975966313717,102.59915670409121,105.46876141253729,102.96273022407536
2024-09-01,104.15295151304525,103.943117391317,102.6901244539586,105.78294359633212,103.27449080862863
2024-09-02,104.4393670184868,103.9731485044639,102.6901244539586,106.91888268036732,103.68852214990893
2024-09-03,104.4393670184868,103.9731485044639,102.6901244539586,106.91888268036732,103.68852214990893
2024-09-04,104.57140466671001,104.06801969201666,102.6901244539586,107.27148323360989,103.7311959203826
2024-09-05,105.03957795577249,104.62912434592107,102.99530309955374,107.54893077760252,104.04619353985711
2024-09-06,105.27584464027767,105.0170665304233,103.82403288899391,107.39665053465606,104.00414159607234
2024-09-07,105.48298158226564,105.21585278120018,103.93044995431653,107.77405726359666,104.05158549597897
2024-09-08,105.48298158226564,105.21585278120018,103.93044995431653,107.77405726359666,104.05158549597897
2024-09-09,105.47405113189386,105.21198544807513,103.93044995431653,107.72781350042384,104.06516306577562
2024-09-10,105.47405113189386,105.21198544807513,103.93044995431653,107.72781350042384,104.06516306577562
2024-09-11,105.52413676871235,105.29405358885546,103.89187274953302,107.7141336025975,104.06492082923403
2024-09-12,105.57992115207605,105.33614206766995,103.98110974980163,107.86662685938886,104.0567283836251
2024-09-13,105.61869861168,105.39395755064179,103.97787815177936,107.87329385710775,104.0567283836251
2024-09-14,105.7290401228072,105.52772068654419,103.97787815177936,107.88218786216757,104.20477384774316
2024-09-15,105.80495244804602,105.60555518008879,103.97787815177936,107.95580638099389,104.2859669641448
2024-09-16,105.90785337482981,105.61706319233038,103.97787815177936,108.44543917153244,104.33028557377939
2024-09-17,105.90785337482981,105.61706319233038,103.97787815177936,108.44543917153244,104.33028557377939
2024-09-18,105.99008554154659,105.72935192118223,103.97721339180484,108.46090563242005,104.37365257653614
2024-09-19,106.0361519015401,105.7820222327594,104.26512613437902,108.49221116092167,104.37365257653614
2024-09-20,106.05215222093221,105.79912840710813,104.39711127483302,108.49221116092167,104.38781265476871
2024-09-21,106.00941579380371,105.73153137443107,104.4569094890482,108.49221116092167,104.38781265476871
2024-09-22,105.98275570751379,105.68683575484967,104.4569094890482,108.49556811063638,104.40028941602775
2024-09-23,105.97684702601583,105.69017743783584,104.4569094890482,108.4531595897914,104.39767995893945
2024-09-24,105.97684702601583,105.69017743783584,104.4569094890482,108.4531595897914,104.39767995893945
2024-09-25,105.99486234395005,105.69361776953711,104.48872434689842,108.50466120237425,104.436983764989
2024-09-26,105.99458371767362,105.6931897394443,104.48872434689842,108.50466120237425,104.436983764989
2024-09-27,106.0033013489176,105.70572390516249,104.6377684557481,108.49036432696899,104.436983764989
2024-09-28,106.12554794537394,105.74681671897591,104.6377684557481,108.73504612633926,104.78607453598465
2024-09-29,106.1981930872883,105.86644787695742,104.6377684557481,108.70315831099053,104.78992197353134
2024-09-30,106.37155293519486,105.86644787695742,104.6377684557481,109.4761211559374,105.01536595348627
2024-10-01,106.37155293519486,105.86644787695742,104.6377684557481,109.4761211559374,105.01536595348627
2024-10-02,106.90554085090291,106.44427519548876,104.86119244750407,109.92040529583713,105.51058175077857
2024-10-03,106.94738913010103,106.50384508724724,104.85957007825868,109.92718183441434,105.52340025636396
2024-10-04,107.02675342904875,106.60021981799528,104.92432198936463,109.93120608571942,105.62272738039178
2024-10-05,107.27490977198585,107.01039792017846,104.9951177502509,109.82461941473407,105.61596238486175
2024-10-06,107.38546366788825,107.0538865823667,105.0004327653835,110.28544533216862,105.60527313550338
2024-10-07,107.35777543220479,107.05839196493892,105.0004327653835,110.12274319468398,105.59795167633293
2024-10-08,107.35777543220479,107.05839196493892,105.0004327653835,110.12274319468398,105.59795167633293
2024-10-09,107.47323545856337,107.21450563420778,105.25954977267222,110.14200213312012,105.631144020692
2024-10-10,107.4962785173373,107.25958877471582,105.30591452974161,110.11329473875064,105.61698119377647
2024-10-11,107.50909650152776,107.26988376865935,105.31057380056413,110.1262305330891,105.6420627169848
2024-10-12,107.39645950986909,107.16534004534996,105.47145136981679,110.03508671229474,105.42712801230655
2024-10-13,107.50893653770925,107.24121513165738,105.43732912022554,110.37899433300038,105.4363410476929
2024-10-14,107.51704101914719,107.25240932945992,105.47595218936061,110.37899433300038,105.4363410476929
2024-10-15,107.67707682423566,107.49654604871404,105.52862127403215,110.37899433300038,105.4363410476929
2024-10-16,107.68240176961679,107.49980173549393,105.55464643580952,110.37899433300038,105.45449186230896
2024-10-17,107.85239999950366,107.73107178729117,105.55464643580952,110.42492274290106,105.53046214520589
2024-10-18,107.88068019658809,107.76095329433286,105.5577573745627,110.43630539899445,105.57624134465391
2024-10-19,107.89865438399839,107.752972454584,105.5577573745627,110.5380993112255,105.60824865664506
2024-10-20,107.86430518613896,107.75070418613595,105.56620719716454,110.52783944462541,105.39501006094262
2024-10-21,107.86852639763573,107.75718887800292,105.56620719716454,110.52783944462541,105.39501006094262
2024-10-22,107.86852639763573,107.75718887800292,105.56620719716454,110.52783944462541,105.39501006094262
2024-10-23,107.94791846173011,107.88737331156267,105.52000122520818,110.5082085580974,105.38948568279875
2024-10-24,107.96631047853728,107.90991729020847,105.52000122520818,110.52867426359659,105.38948568279875
2024-10-25,108.00804578676389,107.96136429324919,105.53368725460692,110.53444135993371,105.43672179751601
2024-10-26,108.00967347161146,107.95946483625396,105.53368725460692,110.55021118316608,105.43672179751601
2024-10-27,107.9634519325533,107.88513225153702,105.53368725460692,110.5621330856553,105.43672179751601
2024-10-28,107.97522850833661,107.90322361352193,105.53368725460692,110.5621330856553,105.43672179751601
2024-10-29,107.97522850833661,107.90322361352193,105.53368725460692,110.5621330856553,105.43672179751601
2024-10-30,108.17603115526921,108.08297434159238,105.55505769270803,110.60569066124783,105.95245298997484
2024-10-31,108.18022903247729,108.08942318695598,105.55505769270803,110.60569066124783,105.95245298997484
2024-11-01,108.39330909158336,108.26391352573432,105.62541753713913,110.7242709309222,106.47528716605336
2024-11-02,108.5278300826766,108.35260381715663,105.62541753713913,110.6774500876384,107.05844106089712
2024-11-03,108.54028759434053,108.35260381715663,105.62541753713913,110.64296611346688,107.18643658143398
2024-11-04,108.54028759434053,108.35260381715663,105.62541753713913,110.64296611346688,107.18643658143398
2024-11-05,108.54028759434053,108.35260381715663,105.62541753713913,110.64296611346688,107.18643658143398
2024-11-06,108.62530979913507,108.41594732814275,105.62541753713913,110.75493988267786,107.34678126703967
2024-11-07,108.60956376900215,108.4444087950668,105.65817577921852,110.60246871891583,107.29704446864868
2024-11-08,108.63496701915686,108.44760681663685,105.65817577921852,110.77954991554103,107.23660229936014
2024-11-09,108.6452649429596,108.45740634594361,105.65817577921852,110.79285730786495,107.24687180879991
2024-11-10,108.71116230780152,108.53828681978047,106.19193117210499,110.8035888427938,107.24687180879991
2024-11-11,108.72341593889588,108.54463760810312,106.20432011021792,110.8247153511711,107.27435926090419
2024-11-12,108.72148966779001,108.54167843996304,106.20432011021792,110.8247153511711,107.27435926090419
2024-11-13,108.80852809476205,108.67762524118827,106.2249486103678,110.79522277104262,107.29804065365269
2024-11-14,108.8988273485093,108.77662284639071,106.17487745080831,110.81076346752366,107.46277669698745
2024-11-15,108.884902998113,108.80170974004724,106.18070996933527,110.71939453963482,107.36853594056261
2024-11-16,108.89455685304645,108.81691459149235,106.18070996933527,110.71660706582809,107.3703308248914
2024-11-17,108.85167257586797,108.7958989028429,106.18070996933527,110.54617948127195,107.38229026501371
2024-11-18,108.88834483038646,108.80199537187161,106.18070996933527,110.75944057418212,107.34106886977439
2024-11-19,108.88834483038646,108.80199537187161,106.18070996933527,110.75944057418212,107.34106886977439
2024-11-20,109.08801421124842,109.06014953851468,106.16012625591758,110.93044658352352,107.34791471029261
2024-11-21,109.14754477616246,109.15572302517549,106.16012625591758,110.91567400530309,107.34791471029261
2024-11-22,109.16873884365747,109.18655022608425,106.23998941312578,110.90279798802042,107.36005084208816
2024-11-23,109.18862276876904,109.20024074970436,106.23998941312578,110.94138123714615,107.38715703729017
2024-11-24,109.22539714689016,109.2389758644029,106.23998941312578,110.98728315185737,107.40919309628407
2024-11-25,109.19018948984225,109.25199735491988,106.23998941312578,110.71545619615333,107.44806639870103
2024-11-26,109.21395944375882,109.25199735491988,106.23998941312578,110.77812869682914,107.53276041255128
2024-11-27,109.27294472626717,109.30837817705539,106.24420181879823,110.77812869682914,107.68451143720468
2024-11-28,109.26161140941531,109.25165946645501,106.27996054543563,110.804298826026,107.82178613661868
2024-11-29,109.27502940926496,109.27126477329705,106.3109453756681,110.804298826026,107.82178613661868
2024-11-30,109.25078776385118,109.37341302696433,106.34312365704675,110.804298826026,107.19675754587846
2024-12-01,109.28242167250828,109.42028647319455,106.37896164828422,110.804298826026,107.19923923923322
2024-12-02,109.32799914144336,109.3798151040162,106.42101854015327,110.83482967469824,107.64698474273264
2024-12-03,109.31493548916333,109.37656044092343,106.42101854015327,110.75606031012457,107.66996564084805
2024-12-04,109.25433792396032,109.42229788461582,106.52872887420975,110.26341733914957,107.64825072721092
2024-12-05,109.26193557414354,109.42558105402757,106.54572800643759,110.27850438973135,107.66438975444457
2024-12-06,109.32358746253567,109.6214756232291,106.53799173139555,109.87932411034922,107.71086689083278
2024-12-07,109.2434016506819,109.5284859775879,106.4115962258692,109.7858642881482,107.71083815970952
2024-12-08,109.33311616131985,109.6450537146505,106.41158596396869,109.8036905879629,107.78329370398193
2024-12-09,109.60379150999061,109.83491963358023,106.41158596396869,110.26958012379097,108.21038852018327
2024-12-10,109.604792195738,109.83491963358023,106.41158596396869,110.26286912258472,108.22556394216132
2024-12-11,109.66098468046441,109.81850311584296,106.36793165412139,110.50581519681867,108.3874595823334
2024-12-12,109.75954374066914,109.83037074227732,106.37445026571761,110.9806304311963,108.41794819477428
2024-12-13,109.67544315139129,109.75380388602586,106.33874471903613,110.95268261102511,108.22358381274412
2024-12-14,109.7777068876058,109.88697556717196,106.48662571031528,110.96824237059526,108.28935130707697
2024-12-15,109.76802405564655,109.91522916873448,106.48662571031528,110.8077719494454,108.29666938221732
2024-12-16,109.76775310030372,109.90823678685125,106.48662571031528,110.81104212408306,108.32187668840882
2024-12-17,109.76775310030372,109.90823678685125,106.48662571031528,110.81104212408306,108.32187668840882
2024-12-18,109.77901100122153,109.9264765742697,106.04677087622345,110.8325114295513,108.35467295342964
2024-12-19,109.79582325319592,109.95058741434909,106.06366792988877,110.83669375733957,108.35467295342964
2024-12-20,109.79582325319592,109.95058741434909,106.06366792988877,110.83669375733957,108.35467295342964
2024-12-21,109.8238173862119,109.98306256372574,106.06366792988877,110.83669375733957,108.40153784937402
2024-12-22,109.82015000402006,109.98306256372574,106.06366792988877,110.81650129671515,108.40153784937402
2024-12-23,109.83389493057973,110.00017285720037,105.6684930174541,110.81650129671515,108.47655856953922
2024-12-24,109.83389493057973,110.00017285720037,105.6684930174541,110.81650129671515,108.47655856953922
2024-12-25,109.88843447029409,110.01973819099152,105.66324592967067,111.04158715815684,108.48362927955584
2024-12-26,109.8945247538045,110.02852384993014,105.68078360540873,111.04158715815684,108.48362927955584
2024-12-27,109.89654090772304,110.03162109746872,105.68078360540873,111.04158715815684,108.48362927955584
2024-12-28,109.93214176681894,110.10643096203034,105.64623038766834,110.88584723885744,108.59248059532898
2024-12-29,109.95556341991242,110.14241167596587,105.64623038766834,110.88584723885744,108.59248059532898
2024-12-30,110.0476137581207,110.26858633535296,105.69019961823702,110.89106063745176,108.64744641671325
2024-12-31,110.04914472691618,110.27093823383144,105.69019961823702,110.89106063745176,108.64744641671325
2025-01-01,110.65415688572317,110.55691174873459,105.67958272717047,112.86578767259232,109.06061514650848
2025-01-02,110.55161461644944,110.3925214889193,105.6934152538982,112.87656494050114,109.07577588674881
2025-01-03,110.55161461644944,110.3925214889193,105.6934152538982,112.87656494050114,109.07577588674881
2025-01-04,110.56467807580302,110.47153201985395,105.75477974284877,112.66078734301533,109.07250995730446
2025-01-05,110.58407172718465,110.50455681377223,105.78950482983376,112.64515622883775,109.07250995730446
2025-01-06,110.64268538599188,110.50455681377223,105.78950482983376,112.94629215680641,109.0993181054053
2025-01-07,110.87862426829719,110.49895844682216,105.78950482983376,114.15658037255596,109.23448177616044
2025-01-08,110.87862426829719,110.49895844682216,105.78950482983376,114.15658037255596,109.23448177616044
2025-01-09,110.87725429641861,110.49097940173664,105.79796551286962,114.17454411420293,109.23709552262673
2025-01-10,110.87580860504728,110.49097940173664,105.79796551286962,114.16658419495714,109.23709552262673
2025-01-11,110.87580860504728,110.49097940173664,105.79796551286962,114.16658419495714,109.23709552262673
2025-01-12,110.85228463468448,110.51261888625716,105.79796551286962,113.89249341496675,109.32030760976829
2025-01-13,110.84723421777487,110.51934928893998,105.79796551286962,113.89670447601601,109.2505931297597
2025-01-14,110.79300933095335,110.43604816014579,105.79796551286962,113.89670447601601,109.2505931297597
2025-01-15,110.9122776149562,110.6015950550229,106.10284559516671,113.89915043343237,109.28209348168542
2025-01-16,111.02118438172211,110.75664497036173,106.34705484594322,113.93837215061018,109.25258286984565
2025-01-17,111.08985136670623,110.83169198061007,106.71511290785315,113.93837215061018,109.33479066162033
2025-01-18,111.09374087157238,110.83768767685804,106.67614811460054,113.939338959604,109.33913815947793
2025-01-19,111.13759804519555,110.88965711517224,106.92632559055946,113.94724822483589,109.36166753042993
2025-01-20,111.17275131709079,110.94149988070698,106.9351849850176,113.95395815996059,109.36166753042993
2025-01-21,111.17275131709079,110.94149988070698,106.9351849850176,113.95395815996059,109.36166753042993
2025-01-22,111.2850369601371,111.11588101325809,106.91417442771427,113.94964690499769,109.36166753042993
2025-01-23,111.30492017681188,111.14596809160047,106.9282528109254,113.94964690499769,109.36166753042993
2025-01-24,111.3073414810591,111.14968773748208,106.9282528109254,113.94964690499769,109.36166753042993
2025-01-25,111.3560689899775,111.20706552638926,107.35677825644309,113.96044642437721,109.36402292755804
2025-01-26,111.39554263509778,111.2590727232847,107.62223811969325,113.96044642437721,109.36402292755804
2025-01-27,111.43151835224488,111.31310959402529,107.66004816465274,113.96044642437721,109.36402292755804
2025-01-28,111.43151835224488,111.31310959402529,107.66004816465274,113.96044642437721,109.36402292755804
2025-01-29,111.486280433652,111.3818795936248,107.71058748633237,113.98358599521178,109.39631983085593
2025-01-30,111.5563989321324,111.48854972319148,107.74278325423803,113.98358599521178,109.39631983085593
2025-01-31,111.43289413543852,111.27641734121481,107.7682422691561,113.9739097121331,109.50435599234258
2025-02-01,111.56292155748028,111.4587462685835,107.70585650003798,114.01179986985544,109.5438704570959
2025-02-02,111.77575854742027,111.5635653938626,107.7130727967615,114.74456810836247,109.62158058865977
2025-02-03,111.82350124548229,111.56549675735367,107.71960902262488,114.91747017663462,109.72375801763272
2025-02-04,111.82350124548229,111.56549675735367,107.71960902262488,114.91747017663462,109.72375801763272
2025-02-05,111.85321048016944,111.57310077016591,107.71960902262488,115.05254966492451,109.72530376806967
2025-02-06,111.98970868695608,111.76451450867016,107.8311822626812,115.03610255080419,109.81092316816088
2025-02-07,112.0181478979527,111.78806670344319,107.87022985856925,115.07304970788539,109.8490124264218
2025-02-08,111.9798616690408,111.78166297287713,107.87022985856925,114.86041665464235,109.87978643386171
2025-02-09,112.09226266569361,111.94520097011558,107.92779724671655,114.85309786752016,109.92119577050438
2025-02-10,112.08934527628372,111.93816739541525,107.92779724671655,114.85309786752016,109.93255311485035
2025-02-11,112.11035636232371,111.93462793200206,108.11688316107535,114.9366593184113,109.96083011612976
2025-02-12,112.1157432721822,111.93462793200206,108.12052693296744,114.9366593184113,109.99713395224036
2025-02-13,112.19001311704321,111.98584202590393,108.14211886994289,114.94591853249656,110.26237015273455
2025-02-14,112.23575598117904,112.04222457649774,108.22561255048235,114.99368231766115,110.252785946516
2025-02-15,112.23668353179907,112.05316974693294,108.22561255048235,114.96365746140384,110.24769871494371
2025-02-16,112.23864605897978,112.0550753208484,108.22561255048235,114.96365746140384,110.25263579138294
2025-02-17,112.26438093215323,112.09303127691712,108.22771065965495,114.96648602876647,110.2558444241035
2025-02-18,112.26633305488679,112.09649413535747,108.22771065965495,114.96648602876647,110.25377942289258
2025-02-19,112.35410513864215,112.18276829375115,108.6397568230772,115.09251333628517,110.25377942289258
2025-02-20,112.44991811601548,112.26025221068345,108.64638197329542,115.3484503692235,110.24523928248871
2025-02-21,112.3905330517671,112.16249815394481,108.64638197329542,115.37451985717317,110.24191083191677
2025-02-22,112.44539789205373,112.19222643092155,108.66954934208533,115.55554144108358,110.25657925176324
2025-02-23,112.46073600001137,112.21147051016152,108.65878477011609,115.55554144108358,110.27735773645027
2025-02-24,112.47116680987564,112.28533535412608,108.65878477011609,115.55554144108358,110.01992781677555
2025-02-25,112.47449020381407,112.29044080445942,108.65878477011609,115.55554144108358,110.01992781677555
2025-02-26,112.50962342337851,112.34395962588395,108.66693557689582,115.5562163973193,110.01992781677555
2025-02-27,112.55402541171394,112.41072790975544,108.64133482787759,115.56437130495874,110.01992781677555
2025-02-28,112.6051209506074,112.4780408415892,108.69139583135767,115.58470338098641,110.03719636271437
2025-03-01,112.65602788796527,112.55083964525264,108.70977433824467,115.59715431944365,110.04313190340862
2025-03-02,112.83044951388,112.67198581812086,108.73033786034112,115.88361079019202,110.33781106424203
2025-03-03,112.83207680019336,112.67198581812086,108.73033786034112,115.89257056397302,110.33781106424203
2025-03-04,112.83207680019336,112.67198581812086,108.73033786034112,115.89257056397302,110.33781106424203
2025-03-05,112.83207680019336,112.67198581812086,108.73033786034112,115.89257056397302,110.33781106424203
2025-03-06,112.83652794432518,112.67882373613854,108.73033786034112,115.89257056397302,110.33781106424203
2025-03-07,112.98149872551812,112.8764054822336,108.7207947191794,115.98373232411632,110.33781106424203
2025-03-08,113.11943875911334,113.096790919246,108.97163822524598,115.95827832684324,110.29537235783881
2025-03-09,113.13654915278534,112.98664830055618,109.02517252938242,116.12278650331437,110.69053541815066
2025-03-10,113.15584742651825,113.01986154509338,109.02517252938242,116.11793902612793,110.68067971003512
2025-03-11,113.1595918278045,113.02294946719607,109.02517252938242,116.11793902612793,110.69253753723429
2025-03-12,113.13349742732015,112.97781215815459,108.97697885787814,116.17030107687224,110.65696982380202
2025-03-13,113.1681858426582,113.01914204349607,109.03700155692633,116.20332975699024,110.66049354390233
2025-03-14,113.19463553454095,113.04681297906667,109.05576034690645,116.20332975699024,110.71546565571855
2025-03-15,113.20179240933545,113.08477793924826,109.05576034690645,116.07263768292701,110.75771970536834
2025-03-16,113.12165902597204,113.1011077000012,109.2094546070135,116.37110556262222,109.74428031178537
2025-03-17,113.11849227318517,113.09396212037173,109.2094546070135,116.37928006214844,109.74428031178537
2025-03-18,113.11963214397089,113.09396212037173,109.2094546070135,116.38555614540174,109.74428031178537
2025-03-19,113.15878789123425,113.16114388075957,109.23685473651523,116.35132438108701,109.75153420722268
2025-03-20,113.16728862073857,113.19220076727541,109.26115045391023,116.2813288264559,109.75483390829717
2025-03-21,113.21549523822421,113.2526088739396,109.38683177422983,116.29562728782001,109.77962877299522
2025-03-22,113.271184269494,113.30672999713246,109.48202974278357,116.3971771188079,109.77962877299522
2025-03-23,113.31748325588008,113.33382645435685,109.53931735263154,116.53170284057022,109.80024331832516
2025-03-24,113.36419523099899,113.33382645435685,109.53931735263154,116.53610910844941,110.11414948332595
2025-03-25,113.36419523099899,113.33382645435685,109.53931735263154,116.53610910844941,110.11414948332595
2025-03-26,113.41656628150879,113.3914199438623,109.54944380867482,116.6165293608832,110.11456075906317
2025-03-27,113.60955663658774,113.5317086898495,109.61728376619746,117.13324062034623,110.15823286805204
2025-03-28,113.70364840358343,113.64914294763253,109.87826833954382,117.13837376400498,110.23474636792612
2025-03-29,113.87835320983801,113.87893348884374,109.94048501222373,117.26494032665966,110.24034152102249
2025-03-30,114.0608442937087,113.95426331759857,109.93503150159951,117.8394013738947,110.44023418107575
2025-03-31,114.09288849673415,113.96217626418385,109.93503150159951,117.97530467909259,110.4553465545834
2025-04-01,114.09288849673415,113.96217626418385,109.93503150159951,117.97530467909259,110.4553465545834
2025-04-02,114.55034134665637,114.32059669025483,109.99656613545577,118.71139295237876,111.06485992640589
2025-04-03,114.65029596389462,114.36834790509407,110.00079075656461,118.89035304819606,111.31290255388096
2025-04-04,114.6911326022992,114.42557965140652,110.00079075656461,118.92327178422353,111.29651300556786
2025-04-05,114.97991894332205,114.82343560562265,110.12077779632673,119.01679228678137,111.36677578285881
2025-04-06,115.29656959934569,115.082524381075,110.1330805185081,119.52917374023598,111.74061116740808
2025-04-07,115.43927542034373,115.1875981321361,110.1025914490399,119.91003028321958,111.78014221293138
2025-04-08,115.43927542034373,115.1875981321361,110.1025914490399,119.91003028321958,111.78014221293138
2025-04-09,115.57458313604864,115.3271875898561,110.29804599999333,119.96105164812705,111.99235269090167
2025-04-10,115.60697232719849,115.34392018801954,110.71749780119286,119.98798931068617,112.0451713804444
2025-04-11,115.68560062076298,115.3969493388138,110.77765264205371,120.14531429238974,112.1426828066227
2025-04-12,115.71984274404309,115.43145866410427,110.93872591419682,120.12977732106395,112.21919306590178
2025-04-13,115.97325872060647,115.73301111091074,111.99775841414596,120.25273942579335,112.30376221795683
2025-04-14,115.97325872060647,115.73301111091074,111.99775841414596,120.25273942579335,112.30376221795683
2025-04-15,115.97970280158914,115.74291061004045,111.99775841414596,120.25273942579335,112.30376221795683
2025-04-16,116.35301879436851,115.8308201923686,112.04736831356871,121.81280104619192,112.52050408909773
2025-04-17,116.66360291775246,116.06096645695945,112.27234061394415,122.60245586594,112.60658214433037
2025-04-18,116.80141245741385,116.23176097789116,112.27234061394415,122.58646374364058,112.80852019542782
2025-04-19,116.62847112751211,116.30245320838984,112.27234061394415,122.44828638972014,111.48304917253142
2025-04-20,116.62847112751211,116.30245320838984,112.27234061394415,122.44828638972014,111.48304917253142
2025-04-21,116.71999203844085,116.42814662377512,112.27234061394415,122.47631571412178,111.51456875275318
2025-04-22,116.73720555035379,116.44013441687989,112.7168588057705,122.47631571412178,111.51456875275318
2025-04-23,116.79100013107555,116.49357252428125,112.7168588057705,122.48380931943095,111.63523138667395
2025-04-24,116.84536286754819,116.57794700981414,112.34382212610174,122.52377198949884,111.63576419847388
2025-04-25,116.92170265909209,116.6553359088234,112.46434130465165,122.58018999519173,111.72577878847139
2025-04-26,116.9668115710656,116.70852507679166,112.58899941118139,122.60613192775978,111.74721264716925
2025-04-27,117.10343149015772,116.8940377251547,113.35300522579158,122.59779755801696,111.755422704185
2025-04-28,117.10893369831271,116.89859642951662,113.47274187689418,122.59779755801696,111.755422704185
2025-04-29,117.10893369831271,116.89859642951662,113.47274187689418,122.59779755801696,111.755422704185
2025-04-30,117.29133928728889,117.06844815379375,113.54958348764875,122.93566343432154,111.81593334419087
2025-05-01,117.47583812752964,117.26824489702885,113.66494880560363,123.11735908355539,111.9458335555974
2025-05-02,118.15726336488736,117.61246843901294,113.64346721211935,124.61052138522047,113.22176883447312
2025-05-03,118.15726336488736,117.61246843901294,113.64346721211935,124.61052138522047,113.22176883447312
2025-05-04,118.63861680185076,117.6140060290589,114.143646548254,126.7012030290532,113.83746800572148
2025-05-05,118.73720681823234,117.63262581546978,114.143646548254,126.74609142745581,114.3729331624261
2025-05-06,118.73720681823234,117.63262581546978,114.143646548254,126.74609142745581,114.3729331624261
2025-05-07,118.76030862426174,117.63919329343955,114.15254196313076,126.79691572407296,114.43725466213495
2025-05-08,119.33730355063203,118.17488642904512,114.51597297384708,127.64080494694541,114.89755728016272
2025-05-09,120.35760400168112,118.79559730405458,114.68599117133836,130.7672766446109,115.20396782970015
2025-05-10,120.6369771848574,119.09063792755808,115.5458483481385,130.87246354032084,115.54589358207512
2025-05-11,121.187471488351,119.7774664058481,115.7649867505407,131.26350935872898,115.73556987329296
2025-05-12,121.34294230183876,119.97476726625393,116.38303349375174,131.2893156881392,115.79893196425206
2025-05-13,121.33728799152588,119.96142725508183,116.38303349375174,131.29385113413227,115.81401229408155
2025-05-14,121.96654713123928,120.74683167602498,117.11480259109257,131.82440832418825,115.8560509810193
2025-05-15,122.53631595393301,121.46790653854545,117.21870146698892,132.14546401158017,116.12868300881168
2025-05-16,123.02219789037797,121.784517682695,118.52234413442939,132.8293071987667,117.00374763491743
2025-05-17,123.19478104468384,122.0098432719449,118.14879693910794,132.90270835562902,117.14379929231305
2025-05-18,124.2627791865436,122.57855634354951,118.88909901049416,135.34400366406453,118.7760462722442
2025-05-19,124.40590299841469,122.79533503678375,118.88909901049416,135.35507987870878,118.7760462722442
2025-05-20,124.40590299841469,122.79533503678375,118.88909901049416,135.35507987870878,118.7760462722442
2025-05-21,124.81316505389034,123.10089622878886,118.97766927071558,136.1796626924767,119.16385148894177
2025-05-22,124.9948127101054,123.3092327437562,119.01743385057569,136.23920269584218,119.39888226495445
2025-05-23,125.66160799214988,123.89915751290567,119.62721262091958,137.6807995651702,119.45392403141418
2025-05-24,125.9863931799699,124.36100075201142,120.97933313135813,137.2683223376622,119.9355324567391
2025-05-25,126.3154792041429,124.78251813651744,121.60723602846815,137.3778632645565,120.08261420881654
2025-05-26,126.68524050802175,125.33222237354424,121.84688518192144,137.40998408845195,120.08961704974568
2025-05-27,126.68524050802175,125.33222237354424,121.84688518192144,137.40998408845195,120.08961704974568
2025-05-28,127.46232626013419,126.1091387683239,125.6687887267233,138.4070164962551,120.15363469353473
2025-05-29,127.51082339104555,126.18364082789468,125.6687887267233,138.4070164962551,120.15363469353473
2025-05-30,127.79215176875685,126.39495364057555,125.75975930829372,138.7999848484867,120.63549830853194
2025-05-31,127.9979405053485,126.65950102598514,125.65796239369801,138.7999848484867,120.8798349558635
2025-06-01,130.06383513913764,127.15636904370848,126.15437435042205,145.32914306549856,124.61371724314387
2025-06-02,130.07893729844233,127.1743802128437,126.15437435042205,145.34774101589548,124.61371724314387
2025-06-03,130.59497254609389,127.27069539208082,126.15766723564721,147.22855018286648,125.37725170779646
2025-06-04,130.59497254609389,127.27069539208082,126.15766723564721,147.22855018286648,125.37725170779646
2025-06-05,130.59497254609389,127.27069539208082,126.15766723564721,147.22855018286648,125.37725170779646
2025-06-06,130.59497254609389,127.27069539208082,126.15766723564721,147.22855018286648,125.37725170779646
2025-06-07,130.59497254609389,127.27069539208082,126.15766723564721,147.22855018286648,125.37725170779646
2025-06-08,130.59497254609389,127.27069539208082,126.15766723564721,147.22855018286648,125.37725170779646
2025-06-09,130.59497254609389,127.27069539208082,126.15766723564721,147.22855018286648,125.37725170779646
2025-06-10,130.59497254609389,127.27069539208082,126.15766723564721,147.22855018286648,125.37725170779646
2025-06-11,133.54707728984977,130.12043771363167,127.67113201991238,149.63373556066523,129.67231229401887
2025-06-12,133.54707728984977,130.12043771363167,127.67113201991238,149.63373556066523,129.67231229401887
2025-06-13,133.76427581798688,130.36518785653797,128.27881034840408,149.86044456270778,129.69856131591408
2025-06-14,133.8085774643691,130.38503025449916,128.33654533760355,149.9542732641918,129.78827688574614
2025-06-15,134.26050885353092,130.6017000225871,128.41524141405893,150.46284235860426,131.27096680563147
2025-06-16,134.28692126613882,130.63331614488675,128.48185184374347,150.46284235860426,131.30119946098665
2025-06-17,134.28910779365793,130.63667512304525,128.48185184374347,150.46284235860426,131.30119946098665
2025-06-18,134.45281039401047,130.865709285151,128.44234210459223,150.4739631802383,131.39301838157695
2025-06-19,134.6232695796708,131.0257100476182,128.47995755717866,150.69003727385433,131.57260830106054
2025-06-20,134.74318103296758,131.15922642562674,128.56638374360503,150.73967495431327,131.7240797472968
2025-06-21,134.76355656838263,131.18970713928923,128.59161430666924,150.73967495431327,131.7240797472968
2025-06-22,134.82872996770828,131.26523597977624,128.59161430666924,150.73967495431327,131.83352839637388
2025-06-23,134.83252277528914,131.27016066090377,128.6193474201067,150.73967495431327,131.83352839637388
2025-06-24,134.82538734275056,131.25919909657898,128.6193474201067,150.73967495431327,131.83352839637388
2025-06-25,134.90232994709535,131.3051201921815,128.68846926627484,150.79182623084174,132.08045435906996
2025-06-26,135.06893821017496,131.39364285499818,128.7558270938802,150.80169433509005,132.80359632700285
2025-06-27,135.30851240884823,131.7528654688063,128.7558270938802,150.81245129865448,132.82947139843176
2025-06-28,135.4018431452718,131.89051191398673,128.7530038979248,150.81245129865448,132.85538099037043
2025-06-29,135.83655009758547,132.2676716208956,128.7926252724559,151.14073942856626,133.73554285686785
2025-06-30,135.8620219189094,132.30680183569365,128.7926252724559,151.14073942856626,133.73554285686785
2025-07-01,137.0571517607679,132.52964087071254,128.80522435668027,154.35957570599749,136.91617149991438
2025-07-02,137.24485452842788,132.81799283123084,128.80522435668027,154.35957570599749,136.91617149991438
2025-07-03,137.28949034856564,132.86142847527836,128.80522435668027,154.40803750347897,136.9678583328447
2025-07-04,137.28949034856564,132.86142847527836,128.80522435668027,154.40803750347897,136.9678583328447
2025-07-05,137.28651018938675,132.85685030761144,128.80522435668027,154.40803750347897,136.9678583328447
2025-07-06,138.28921842816203,134.1399675469581,128.99430451101276,154.7379490048947,137.67578705285564
2025-07-07,138.3056672851554,134.16523654123807,128.99430451101276,154.7379490048947,137.67578705285564
2025-07-08,138.707322740057,134.6953401878669,130.20187964396916,154.86867677156079,137.725548866532
2025-07-09,138.7602414674159,134.77277464216164,130.23306960168958,154.8649854584812,137.74279844121133
2025-07-10,138.8366100803377,134.8440275139694,130.29734366029498,154.93331606382276,137.8536674027473
2025-07-11,139.3017287518271,135.4065408440205,130.41141393001584,155.1655331922418,138.22533702539778
2025-07-12,139.38145617896552,135.50470547711265,130.41141393001584,155.19429683125082,138.29783187739648
2025-07-13,139.36473961314235,135.463684907036,130.41141393001584,155.28525789249647,138.25315308999512
2025-07-14,139.37115393244062,135.4717337198832,130.41141393001584,155.29242087713476,138.2522915511078
2025-07-15,139.4079020898831,135.53036954788413,130.43021205657575,155.26063656993355,138.27932519702455
2025-07-16,139.44668220742528,135.60089082987315,130.43021205657575,155.2785440196749,138.2083683467055
2025-07-17,139.49486429377868,135.5003892686233,130.44112191680586,155.53105224280606,138.66995779004233
2025-07-18,139.14491393191886,135.58204877048624,130.44112191680586,153.81734664320507,138.04188782525037
2025-07-19,139.27299887123624,135.75873442342362,130.44112191680586,153.81362726062542,138.1358777096933
2025-07-20,139.35717879022678,135.83241566030762,130.44112191680586,153.930424954697,138.23846362615964
2025-07-21,139.42051039083836,135.92970666686432,130.44112191680586,153.930424954697,138.23846362615964
2025-07-22,139.66814854111988,136.1389674309006,130.56827029085605,154.52439901421386,138.24427397383468
2025-07-23,139.7406802949542,136.21056689348924,130.58948623582344,154.58732496246432,138.34031058705503
2025-07-24,139.8053873726785,136.29773742138033,130.58948623582344,154.62435539565206,138.3487742327294
2025-07-25,139.8495526669271,136.35488407720499,130.62862174132707,154.63015564167614,138.38353273157406
2025-07-26,139.84234085525915,136.39553534782135,130.7550398026695,154.3190245585408,138.52135730226064
2025-07-27,139.86841783932366,136.4205904376092,130.78088335409427,154.3190245585408,138.5843979556568
2025-07-28,139.8704252940063,136.4223004786976,130.78474792211918,154.323498116083,138.5843979556568
2025-07-29,139.85341542729284,136.3931402317026,130.8191149549818,154.33035018700832,138.5843979556568
2025-07-30,139.90848812570468,136.49895820858336,130.90394611913533,154.3371474211385,138.46926096165188
2025-07-31,140.02325422884948,136.80189103978245,131.20928568796148,154.1257175251458,138.12404079547733
2025-08-01,140.3298999441871,136.92575619012445,131.14573945552638,155.1054756783022,138.461905605764
2025-08-02,140.33312112068643,136.930060529082,131.14573945552638,155.162917200411,138.3934426786201
2025-08-03,140.34038266111205,136.94448265810843,131.14573945552638,155.15599021733925,138.38750487372343
2025-08-04,140.34038266111205,136.94448265810843,131.14573945552638,155.15599021733925,138.38750487372343
2025-08-05,140.35613689958944,137.06581479817933,131.27468456819224,154.85864881606125,138.30577985130404
2025-08-06,140.48547531419922,137.2428134410097,131.52575642670493,155.02486946990098,138.15958008952063
2025-08-07,140.48547531419922,137.2428134410097,131.52575642670493,155.02486946990098,138.15958008952063
2025-08-08,140.56749111311385,137.36880740852192,131.52575642670493,155.02486946990098,138.15958008952063
2025-08-09,140.60563075104585,137.48392432116182,131.26546319622858,154.83078586597307,138.1866837647302
2025-08-10,140.68178995424518,137.56182265023944,131.27903863084893,154.91861500920092,138.24966943550632
2025-08-11,140.68178995424518,137.56182265023944,131.27903863084893,154.91861500920092,138.24966943550632
2025-08-12,140.68178995424518,137.56182265023944,131.27903863084893,154.91861500920092,138.24966943550632
2025-08-13,140.68521051685377,137.54534913712587,131.276929347819,154.95513055714258,138.30133552672334
2025-08-14,140.36792384757297,137.29059186847698,131.43674727377996,154.1962888789489,138.18500982658384
2025-08-15,140.16860646601495,137.28285773881694,131.43674727377996,153.3427237032836,137.91660177946312
2025-08-16,140.2556187495258,137.40022340613146,131.43674727377996,153.3966767942026,137.92216754123575
2025-08-17,140.25828964790438,137.4071212126809,131.43674727377996,153.38666018497997,137.92216754123575
2025-08-18,140.2573802705644,137.4057242128279,131.43674727377996,153.38666018497997,137.92216754123575
2025-08-19,140.31863077520853,137.47292519055006,131.43674727377996,153.4309294909238,137.98688658087687
2025-08-20,140.46072258171978,137.646375693514,131.53016113450727,153.56248894010855,138.00953588148278
2025-08-21,140.58066190185974,137.7627720283074,131.62385853959248,153.78620292521035,138.02017706811353
2025-08-22,140.54828614206625,137.8085134781638,131.63697140177158,153.67905208231537,137.72639838018765
2025-08-23,140.69063334707408,138.02532969999922,131.69416043507852,153.67905208231537,137.72639838018765
2025-08-24,140.69063334707408,138.02532969999922,131.69416043507852,153.67905208231537,137.72639838018765
2025-08-25,140.86050248336147,138.28321472773865,131.78858219057545,153.67905208231537,137.72639838018765
2025-08-26,140.8807612689699,138.29185615539822,131.78858219057545,153.67905208231537,137.82645112447625
2025-08-27,140.93087452690799,138.35827940485314,131.82588242055988,153.81237357135586,137.70250269644876
2025-08-28,140.95687316238636,138.39137037459466,132.03647518832304,153.81237357135586,137.70250269644876
2025-08-29,141.00612389786343,138.41303028765708,132.04341785416273,153.8582209279204,137.88490051525005
2025-08-30,140.96789245428917,138.4382265526928,132.41374655357083,153.53118103533052,137.8638758264877
2025-08-31,140.96789245428917,138.4382265526928,132.41374655357083,153.53118103533052,137.8638758264877
2025-09-01,141.0599598897399,138.54820100178918,132.82409553289344,153.56957802677633,137.89682489094798
2025-09-02,141.0599598897399,138.54820100178918,132.82409553289344,153.56957802677633,137.89682489094798
2025-09-03,141.1786318771464,138.60985915350344,132.88278447731295,153.66058682400956,138.31227920688542
2025-09-04,141.032220422238,138.45317037784176,132.92506551390963,153.4368542580987,138.28031335972838
2025-09-05,141.04642795677444,138.4725905146133,132.92835979447767,153.44509258164075,138.28031335972838
2025-09-06,141.14239917082907,138.55090307711467,133.10413349688824,153.63322728191912,138.328880396199
2025-09-07,141.10658806265673,138.55750040395824,133.15788353030854,153.43362299420784,138.29475554614956
2025-09-08,141.2785084414613,138.83117033873444,133.1058960473112,153.4381450158487,138.25410249245058
2025-09-09,141.28053107656766,138.83117033873444,133.1058960473112,153.44928156437473,138.25410249245058
2025-09-10,141.0437758294456,138.66247813536862,133.08387683845166,152.93061658131703,138.03341053950615
2025-09-11,140.99377765333912,138.63495346465362,133.2630788783152,152.78327130998,137.97110008100543
2025-09-12,140.99377765333912,138.63495346465362,133.2630788783152,152.78327130998,137.97110008100543
2025-09-13,141.03709686564167,138.6862127992261,133.31561631021393,152.81163846202276,137.9963134237509
2025-09-14,140.98998446859017,138.70408447847888,133.34628819322214,152.58889336166098,137.86681741465114
2025-09-15,141.01657916700412,138.7391037108237,133.34628819322214,152.6098100750142,137.86681741465114
2025-09-16,141.01657916700412,138.7391037108237,133.34628819322214,152.6098100750142,137.86681741465114
2025-09-17,140.8106859781695,138.71091471104097,133.41857639487463,151.562358953654,137.8747872868683
2025-09-18,140.81837710140184,138.73322545009785,133.436776502346,151.51310465060934,137.88660394596388
2025-09-19,140.7375315185618,138.59905387437112,133.33684053827665,151.53961029119867,137.912550989128
2025-09-20,140.7468379405422,138.62297162228595,133.01061027245808,151.54315152789675,137.912550989128
2025-09-21,140.74925276219764,138.63093586119527,133.01061027245808,151.5279027638344,137.912550989128
2025-09-22,140.71296909973222,138.58754843235178,133.03298869487367,151.52265520323215,137.86085329943037
2025-09-23,140.71296909973222,138.58754843235178,133.03298869487367,151.52265520323215,137.86085329943037
2025-09-24,140.72095958567556,138.60837640489592,133.03298869487367,151.52392735433838,137.82120771106992
2025-09-25,140.73050481297477,138.63153578611818,133.03298869487367,151.49347732029273,137.82120771106992
2025-09-26,140.6647078975135,138.63153578611818,133.03298869487367,151.49347732029273,137.37134294532547
2025-09-27,140.79002688850593,138.81736617043313,133.48554366717855,151.493349661748,137.33576000163748
2025-09-28,140.79002688850593,138.81736617043313,133.48554366717855,151.493349661748,137.33576000163748
2025-09-29,140.8097009830718,138.84541459706304,133.50499509885316,151.50033476887927,137.3339519206806
2025-09-30,140.82448641978863,138.8594945907051,133.6835275057633,151.4949840930335,137.35318137148974
2025-10-01,140.82448641978863,138.8594945907051,133.6835275057633,151.4949840930335,137.35318137148974
2025-10-02,141.09242609939636,138.95430362052684,133.76951522444836,152.33538396639923,137.7071339862862
2025-10-03,141.1075688147693,138.99273651822432,133.78565962086003,152.34047401149724,137.6309582555343
2025-10-04,140.94933649142442,139.02910688749847,133.79065728732385,151.39690099753375,137.55820799812147
2025-10-05,140.95568455281142,139.0373176984934,133.79065728732385,151.39690099753375,137.56506726890026
2025-10-06,140.8763190800149,139.07888349659672,133.84190579994996,150.99347388238732,137.33098549709385
2025-10-07,140.8214809323042,139.02261728218286,133.93100461121801,150.96686689185995,137.22661342246758
2025-10-08,140.83952368070774,139.0431606539803,133.93100461121801,150.99257992633633,137.22661342246758
2025-10-09,140.90275693654004,139.11360859428078,134.01437762434992,151.05018167311184,137.26181469560996
2025-10-10,140.79015517777407,138.97798591122802,133.96513959498571,150.9863952269515,137.1818824301259
2025-10-11,140.6655982165891,138.9439881239941,133.96832168617698,150.56819083117153,137.0004334488731
2025-10-12,140.66467773440453,139.07453898630266,134.0041262788113,150.07021738237694,137.02629211966226
2025-10-13,140.6580289340826,139.05327803834945,134.0041262788113,150.07021738237694,137.07545834042406
2025-10-14,140.6580289340826,139.05327803834945,134.0041262788113,150.07021738237694,137.07545834042406
2025-10-15,140.7289220799118,139.09835330701583,134.00795803795086,150.27646863830557,137.10287978313823
2025-10-16,140.78512699940714,139.17092559398822,134.0601002082947,150.24120047972497,137.20041628072536
2025-10-17,140.79549385400043,139.2500716341023,134.0601002082947,150.20281176623598,136.9667144857907
2025-10-18,140.80502033442372,139.2647063640061,134.0601002082947,150.20281176623598,136.9667144857907
2025-10-19,140.79465615782698,139.27465748576887,134.0601002082947,150.13334469147247,136.93782636711256
2025-10-20,140.81229507078942,139.2941943666603,134.0601002082947,150.13334469147247,136.97147465904118
2025-10-21,140.82866838911468,139.32603182177598,134.0601002082947,150.0934652244522,136.99124559380354
2025-10-22,140.93498553988525,139.35873964036713,134.18252895137616,150.0934652244522,137.55486287876158
2025-10-23,140.93346202994616,139.36002974888675,134.18252895137616,150.07122834348644,137.56631778116
2025-10-24,141.00160921814057,139.45706481285535,134.2824177242604,150.08019423087293,137.5747906779272
2025-10-25,141.0465149361945,139.5344082971777,134.4136684315736,150.0402105486016,137.56824334115942
2025-10-26,141.0788096894643,139.55247380410594,134.4136684315736,150.08640556637494,137.65128082335653
2025-10-27,141.08164442194197,139.56168192256604,134.4136684315736,150.08640556637494,137.62968018907472
2025-10-28,141.08643943650756,139.569048099783,134.4136684315736,150.08640556637494,137.62968018907472
2025-10-29,141.09295443476256,139.5736633023989,134.4463212482813,150.09559779730617,137.63754289835788
2025-10-30,141.12378401870475,139.62181734728028,134.4303027019738,150.01897447342603,137.73148035987626
2025-10-31,141.11239325766223,139.78179354178874,134.45914826244848,149.67291261523556,137.36715686911717
2025-11-01,141.1233092180736,139.79521651495048,134.45914826244848,149.67291261523556,137.38205009618005
2025-11-02,141.43576479726252,139.79650073371363,134.4749837648809,150.83789061520855,138.0637126496698
2025-11-03,141.42532704236874,139.79582878887194,134.4749837648809,150.8996091987588,137.9186978553732
2025-11-04,141.42483526837253,139.7950733178807,134.4749837648809,150.8996091987588,137.9186978553732
2025-11-05,141.4683718874673,139.9012204993203,134.4749837648809,150.80492325871055,137.86151913388966
2025-11-06,141.51587352040121,139.9750724618815,134.44794828096875,150.80492325871055,137.86151913388966
2025-11-07,141.2778377977294,139.6647348429219,134.74227653544452,150.63226841014512,137.78703331486147
2025-11-08,141.11848010895878,139.50791774794897,134.80119590173638,150.4066855895417,137.667012380814
2025-11-09,141.14301746420927,139.56330108738797,134.80119590173638,150.37259236399083,137.6306223389476
2025-11-10,141.14866627010292,139.5719788723473,134.80119590173638,150.37259236399083,137.6306223389476
2025-11-11,141.0313366369074,139.46868539071008,134.75299655049199,150.25514056609245,137.44096859953856
2025-11-12,140.98334659677482,139.35892769444393,134.74400873689655,150.25514056609245,137.60264731148177
2025-11-13,140.99724290501143,139.39161255020204,134.76476412535143,150.2741174699816,137.5256204973992
2025-11-14,141.01120518870684,139.41371471823703,134.84043124934496,150.2820330718878,137.50193260310402
2025-11-15,141.03873202164934,139.526730773838,134.8784658358143,149.8832979818843,137.67677725348085
2025-11-16,141.08251269668207,139.60153003907925,134.87895948333855,149.85620660888574,137.67677725348085
2025-11-17,141.09255891265215,139.614408043575,134.87895948333855,149.7739630463712,137.79027746617928
2025-11-18,141.08064767452856,139.614408043575,134.87895948333855,149.74183708566395,137.74873155080783
2025-11-19,140.95257928565636,139.41810153026012,134.7314550914019,149.7574735346424,137.74873155080783
2025-11-20,140.71259237783966,139.18930515284836,134.7613608710117,149.27429316521176,137.7218678859996
2025-11-21,140.70749578784609,139.19216557418343,134.7613608710117,149.24628608005523,137.70906940665301
2025-11-22,140.72223325660738,139.20957444982614,134.84516896124032,149.26865577481516,137.69244277617221
2025-11-23,140.72958129749694,139.2274766107752,134.64178894362334,149.26865577481516,137.69244277617221
2025-11-24,140.60192110875835,139.2305568172626,134.64178894362334,148.54995688978835,137.69836253744532
2025-11-25,140.59846008231753,139.22268324741432,134.64178894362334,148.54995688978835,137.7097414734567
2025-11-26,140.64955109862714,139.30716731686059,134.64178894362334,148.54995688978835,137.6830498005578
2025-11-27,140.70376658910578,139.2949179482649,134.64178894362334,148.85261369653048,137.7324160772836
2025-11-28,140.69270360688301,139.26775539173448,134.53101190556126,148.90196659748506,137.7324160772836
2025-11-29,140.71935963241938,139.26947605349469,134.53101190556126,148.97354611910703,137.81812405196635
2025-11-30,140.67375431948892,139.19312673476037,134.7244206628697,148.97354611910703,137.81812405196635
2025-12-01,140.62594062624513,139.0737711334862,134.7244206628697,149.13889817514652,137.81709433473523
2025-12-02,140.8332888866009,139.06331181239344,134.7244206628697,150.32541601668663,137.80793096436253
2025-12-03,140.79506318354444,139.06055806654638,134.8141608501407,150.2095372833619,137.6897380298832
2025-12-04,140.76680410720888,139.10776999709674,134.8141608501407,149.96356060227242,137.5918497565714
2025-12-05,140.54680982161304,139.16104827939014,134.93087203640889,148.592097833253,137.5367453636605
2025-12-06,140.4983980524177,139.18373498346853,134.917349597148,148.3684580319941,137.38444286172697
2025-12-07,140.50444070417032,139.17539880117806,134.94384164400788,148.42600127551694,137.38756878875026
2025-12-08,140.50444731113228,139.17667924590617,134.95433806820338,148.42600127551694,137.3803959209501
2025-12-09,140.48726251138064,139.17667924590617,134.95433806820338,148.33138245092394,137.3803959209501
2025-12-10,140.2130272602303,139.00371336921336,134.8404023879529,147.7106844781338,137.0624732772289
2025-12-11,139.95475179658706,138.98731250756842,134.87129809792492,146.7909953343404,136.5071708271182
2025-12-12,139.8753411425943,138.96889961366202,134.8788156199421,146.85826065796613,135.96155954584833
2025-12-13,139.82270121303037,138.90531845901612,134.97667387456863,146.79389812442884,135.95038948612466
2025-12-14,139.82787900296748,138.91489083840514,135.1080294304254,146.77465439627628,135.9480719531997
2025-12-15,139.83492285062218,138.92571170858275,135.1080294304254,146.77465439627628,135.9480719531997
2025-12-16,139.80537944212347,138.90556060599707,135.11035241548635,146.78264846030407,135.82550121872825
2025-12-17,139.76636219992525,138.83718905833476,135.11035241548635,146.78264846030407,135.86303202819573
2025-12-18,139.23422366235567,138.80973567106298,135.2365650651767,144.23313528264777,135.49455291839035
2025-12-19,139.41552019129,139.0834813729815,135.2365650651767,144.2429278836588,135.5035996085634
2025-12-20,139.40969686900524,139.09943003729998,135.33306947530315,144.14794801231284,135.4967785203918
2025-12-21,139.46331860783548,139.10656455230807,135.07119180355426,144.4680124233092,135.47210117749208
2025-12-22,139.46331860783548,139.10656455230807,135.07119180355426,144.4680124233092,135.47210117749208
2025-12-23,139.4869385865846,139.12902520416802,135.1018076960265,144.513993256673,135.47210117749208
2025-12-24,139.4867931414337,139.12373490246296,135.08825096904263,144.55174126830062,135.44973963821135
2025-12-25,139.51706194097338,139.1026763150167,135.08825096904263,144.82072730660167,135.41639667505115
2025-12-26,139.5236106259217,139.11146110637185,135.09994036297718,144.8331302553483,135.4049794792503
2025-12-27,139.54273166155963,139.10616758064742,135.09994036297718,144.95738247489416,135.4049794792503
2025-12-28,139.5291744328936,139.10412931344644,135.09994036297718,144.95738247489416,135.32135801787075
2025-12-29,139.54242145183755,139.10334423993652,135.09994036297718,144.95738247489416,135.41542424594303
2025-12-30,139.57398961527826,139.2130542404993,135.09994036297718,144.90270172654797,135.2108807572942
2025-12-31,139.48854817490056,139.23716390788755,135.11157110080512,144.83746788198457,134.59872157984975
2026-01-01,139.65735771878678,139.23067091520224,135.11157110080512,145.68576482929421,134.72840433794642
2026-01-02,139.67835695409363,139.26293027261926,135.11157110080512,145.68576482929421,134.72840433794642
2026-01-03,139.67835695409363,139.26293027261926,135.11157110080512,145.68576482929421,134.72840433794642
2026-01-04,139.53396269535307,139.29034421397367,135.11157110080512,144.79248130758634,134.72840433794642
2026-01-05,139.52976617661596,139.29034421397367,135.11157110080512,144.79248130758634,134.69971202151524
2026-01-06,139.391327761378,139.28933769702311,135.11157110080512,144.41318207068747,134.22866936786818
2026-01-07,139.391327761378,139.28933769702311,135.11157110080512,144.41318207068747,134.22866936786818
2026-01-08,139.26011174590124,139.3356887836265,135.11157110080512,143.5385129970356,134.21137353550242
2026-01-09,139.26161365559392,139.34136968098693,135.11157110080512,143.52726834044117,134.21032196652848
2026-01-10,139.2288554746424,139.30826885936997,135.11157110080512,143.53792907774763,134.12043086194555
2026-01-11,139.2288554746424,139.30826885936997,135.11157110080512,143.53792907774763,134.12043086194555
2026-01-12,139.10831218326857,139.2707450349473,135.11157110080512,143.22101575878375,133.8567969186307
2026-01-13,139.14953108887948,139.28878691470592,135.5322473751575,143.34815016541782,133.83955954173254
2026-01-14,139.33721425007946,139.530269953339,135.65341606177032,143.4389552915346,133.91772579819158
2026-01-15,139.28615368548577,139.54153064380725,135.65341606177032,143.1174583439545,133.91772579819158
2026-01-16,139.2630013089298,139.54332039057033,135.65341606177032,143.02006069165952,133.87240958667613
2026-01-17,139.2628293093871,139.55022819561103,135.65341606177032,143.02654620825393,133.8324357584393
2026-01-18,139.17151993886432,139.45263793878345,135.6891774772774,142.88497478469264,133.81310286688742
2026-01-19,139.19104092861076,139.48262639198964,135.6891774772774,142.88497478469264,133.81310286688742
2026-01-20,139.2321514854943,139.54902035994058,135.69382202957325,142.88497478469264,133.79801370091303
2026-01-21,139.1015669514578,139.2315407566393,135.69752639541858,143.27220032430844,133.83679434555003
2026-01-22,139.00646274610554,139.1450178437889,135.7096944952113,143.24545257672156,133.60308805800094
2026-01-23,138.9966071394324,139.1588583353348,135.6677906174979,143.26383258829932,133.45734546825426
2026-01-24,139.0042160708135,139.1713225278733,135.6677906174979,143.26383258829932,133.45389517671165
2026-01-25,139.0042160708135,139.1713225278733,135.6677906174979,143.26383258829932,133.45389517671165
2026-01-26,139.0071495012084,139.17402449488335,135.6677906174979,143.25821787879823,133.46889822456646
2026-01-27,139.0071495012084,139.17402449488335,135.6677906174979,143.25821787879823,133.46889822456646
2026-01-28,138.8247817917621,139.10249547455967,135.64658413506956,142.51294785400532,133.46889822456646
2026-01-29,138.8096304332439,139.08183718200428,135.64658413506956,142.49864787312245,133.475006165128
2026-01-30,138.81214660545456,139.08570256555177,135.64658413506956,142.49864787312245,133.475006165128
2026-01-31,138.54439503822582,138.9650058611498,135.88907376226555,141.8273240118031,132.98005952901758
2026-02-01,138.82657101335425,139.04412575900307,135.95050054660112,142.9572895333023,133.1451541988605
2026-02-02,138.84219373380267,139.06812562925586,135.95050054660112,142.9572895333023,133.1451541988605
2026-02-03,138.83152628055026,139.095194382146,135.95050054660112,142.80884385083255,133.13608157019863
2026-02-04,138.8039748603549,139.16022429927807,135.95903732936335,142.49541169424015,133.04625892518692
2026-02-05,138.76249115303509,139.16427180550525,135.94380544836582,142.42804388122246,132.83047402580655
2026-02-06,138.68295170891778,139.219337442787,135.94037864660874,142.34304894132467,132.1476116154404
2026-02-07,138.4826970444353,138.96764003364274,135.54441533058048,142.2077609536492,132.12396318023693
2026-02-08,138.50866286192186,139.13456236194864,135.50100422286414,141.7655097091359,132.11404204533963
2026-02-09,138.5089173972764,139.13456236194864,135.50100422286414,141.7655097091359,132.11578234709756
2026-02-10,138.39745010737116,139.060257644608,135.16351519240413,141.52896752324756,132.02694587672565
2026-02-11,138.4056961286556,139.07905439334135,135.08680844053438,141.5159409041368,132.02694587672565
2026-02-12,138.34296209821653,139.00151313476096,135.0669003537239,141.48310669035692,131.98678637709824
2026-02-13,138.3189452336189,138.97346732507705,135.0669003537239,141.44862768160243,131.99021648644342
2026-02-14,138.2181383844605,138.98386706182134,135.0669003537239,141.10796440718818,131.6777247308534
2026-02-15,138.20664694171782,138.99117854474514,135.12840314365826,141.03582090815112,131.64729923082982
2026-02-16,138.20445780556838,138.98781555916744,135.12840314365826,141.03582090815112,131.64729923082982
2026-02-17,138.20681795683853,138.99144126087847,135.12840314365826,141.03582090815112,131.64729923082982
2026-02-18,138.20681795683853,138.99144126087847,135.12840314365826,141.03582090815112,131.64729923082982
2026-02-19,138.17945082175078,138.9828220499236,135.12840314365826,141.03582090815112,131.49854660629714
2026-02-20,138.15973778173563,138.96066464529846,135.18420936856174,141.00396922654667,131.49385565464013
2026-02-21,138.1648792048489,138.96856298080544,135.18420936856174,141.00396922654667,131.49385565464013
2026-02-22,138.18448810939287,138.99402657104608,135.18420936856174,140.99281333711153,131.52844847951116
2026-02-23,138.18669618018276,138.99695404418105,135.19849582277084,140.99281333711153,131.52844847951116
2026-02-24,138.1582577999913,138.95945204170837,135.19849582277084,140.99281333711153,131.5009189930557
2026-02-25,137.82874463151762,138.73386969172532,134.55279547692592,140.12288619271985,131.4256825163439
2026-02-26,137.8456029704711,138.743858306196,134.56578917158924,140.06858491991616,131.56203932573263
2026-02-27,137.84514088170226,138.743858306196,134.56578917158924,140.06604067751607,131.56203932573263
2026-02-28,137.8639693700977,138.77830891050826,134.77352201438353,140.06865505758157,131.50413199658053
2026-03-01,137.86908438329687,138.78616667468745,134.77352201438353,140.06865505758157,131.50413199658053
2026-03-02,138.15868797493513,139.01626421729287,134.8667928244846,141.36164658169517,130.84100987183606
2026-03-03,137.80284488269132,138.8883626030258,135.00511962032252,139.8748953430731,130.8034876035384
2026-03-04,137.8316236920707,138.90544921465874,135.00511962032252,139.95578251399456,130.82376280989655
2026-03-05,137.61886450542232,138.67709732024917,135.06128010910328,139.59623041381198,130.82376280989655
2026-03-06,137.6301170407159,138.72018856653273,135.08623513798764,139.58404384295733,130.7204350059912
2026-03-07,137.21841352984217,138.54792026540082,134.66974352478124,138.23964603566387,130.4019779905793
2026-03-08,137.19873567933794,138.55382437471292,134.89201212334976,138.22956477628418,130.22150820408754
2026-03-09,137.20250231743788,138.55961074373784,134.89201212334976,138.22956477628418,130.22150820408754
2026-03-10,137.0426201105173,138.3312610919314,134.83423389013097,138.21843791727358,130.1668520966792
2026-03-11,137.0263615327057,138.33521429971174,134.8577980504263,138.1760788437362,130.08728493582115
2026-03-12,137.0263615327057,138.33521429971174,134.8577980504263,138.1760788437362,130.08728493582115
2026-03-13,136.54505482048978,137.6593351111039,134.76990624589703,138.02609873978838,130.0035785854435
2026-03-14,136.53361697785178,137.63150631297205,134.73849828952248,138.1251605207814,129.93076587394648
2026-03-15,136.53831416451,137.67997649112002,134.73849828952248,138.09469485791286,129.7849887001566
2026-03-16,136.5415023976197,137.68487430525045,134.73849828952248,138.09469485791286,129.7849887001566
2026-03-17,136.55112069193945,137.70343097207626,134.73849828952248,138.05600903199007,129.81620039033453
2026-03-18,136.46618095003166,137.58235157425065,134.73849828952248,138.01678820196466,129.8230393213782
2026-03-19,136.46560277262375,137.59051067679877,134.73849828952248,137.98958413320693,129.81655421764836
2026-03-20,136.41079531156603,137.52940306284435,134.73849828952248,137.99018907659985,129.71304411153326
2026-03-21,136.31876407069026,137.44275995136738,134.55183668419076,137.9090421271075,129.59721279487547
2026-03-22,136.3122225879308,137.44391603722818,134.55183668419076,137.86355654304728,129.60382513664354
2026-03-23,136.31304847952487,137.44518478495792,134.55183668419076,137.86355654304728,129.60382513664354
2026-03-24,136.27110036599197,137.3889826535655,134.498301012817,137.87016597559028,129.5666963160883
2026-03-25,136.26719549867857,137.36848132279005,134.57471538040423,137.8512827348678,129.6436312668359
2026-03-26,136.1665856604853,137.29138182675564,134.6012048087934,137.70315984466177,129.4789895749065
2026-03-27,135.9310960825047,137.21441760146735,134.4842946521876,137.5512301560277,128.4170323819209
2026-03-28,135.95691004789646,137.25407342339403,134.4842946521876,137.5512301560277,128.4170323819209
2026-03-29,135.95873299880975,137.31796364912236,134.36404004219474,137.5512301560277,128.16254794410008
2026-03-30,135.95913625984306,137.31478861837215,134.48072173907755,137.5512301560277,128.16254794410008
2026-03-31,136.41402629515815,137.38115816930247,134.44251999294372,138.88958216600278,129.3209161317906
2026-04-01,136.42783883341133,137.38493213037276,134.46286720759915,139.02800630469605,129.22372140030907
2026-04-02,136.42928079188272,137.38270029076364,134.62444670727908,139.02800630469605,129.22012696507218
2026-04-03,136.42928079188272,137.38270029076364,134.62444670727908,139.02800630469605,129.22012696507218
2026-04-04,136.46510864410916,137.45442200550931,134.62444670727908,138.9456358470306,129.24816498668582
2026-04-05,136.4728977172758,137.46638770290534,134.62444670727908,138.9456358470306,129.24816498668582
2026-04-06,136.49710601725585,137.48113073349518,134.70114224110182,139.0422284315734,129.21701803592055
2026-04-07,136.49688745161538,137.4807949695013,134.70114224110182,139.0422284315734,129.21701803592055
2026-04-08,136.4597219198139,137.73184528054173,134.61627872168208,138.2304655041844,128.86588274400182
2026-04-09,136.3307929214877,137.60692778137954,134.61627872168208,138.10690531451917,128.693772299739
2026-04-10,136.23416145604423,137.52727766157807,134.61290198307066,137.86538974181136,128.68797893251272
2026-04-11,136.03483304465382,137.31242924801163,134.6169613768921,137.70685087632847,128.47763554064474
2026-04-12,136.01864499893878,137.31696273758166,134.6169613768921,137.68913639982478,128.3687755093063
2026-04-13,136.01574667587536,137.31729975039866,134.6169613768921,137.68913639982478,128.34745925000138
2026-04-14,135.8288109183647,137.11123992654143,134.5537708499234,137.76492476691107,127.90148307995017
2026-04-15,135.703616357231,136.91444309690343,134.5537708499234,137.78094917799413,127.90148307995017
2026-04-16,135.66848844286739,136.8779476459197,134.4876159008211,137.73448314578047,127.89101176448104
2026-04-17,135.56978478933732,136.84710749897678,134.4876159008211,137.16345662256475,128.06250415745941
2026-04-18,135.56560301589064,136.8445842804935,134.4876159008211,137.15461802624864,128.056118198934
2026-04-19,135.53096555856175,136.84597450511328,134.4876159008211,136.98289043415159,128.02635582080256
2026-04-20,135.5252150789889,136.83714052743983,134.4876159008211,136.98289043415159,128.02635582080256
2026-04-21,135.50293797327132,136.80952003564568,134.449564465598,136.96662042549005,128.0226839542994
2026-04-22,135.51262648826955,136.80814617829358,134.31157182687923,136.96662042549005,128.11501317642046
2026-04-23,135.49009988862733,136.80644309000388,133.41538598423375,136.96662042549005,128.09828593357847
2026-04-24,135.41472915793005,136.73063102988493,133.05624069503835,136.87596754412573,128.08492905537548
2026-04-25,135.35262450456707,136.6106956164153,132.3697545180834,136.98406129983286,128.15923198766498
2026-04-26,135.27379762706792,136.6297019802103,132.3697545180834,136.7321456066708,127.84851126092826
2026-04-27,135.27570666474102,136.6326346740784,132.3697545180834,136.7321456066708,127.84851126092826
2026-04-28,135.19711520686474,136.5066231846991,132.37106423125417,136.75091003727974,127.84851126092826
2026-04-29,135.16887815874983,136.44044822751704,132.35378905158376,136.82681500573875,127.8582151914305
2026-04-30,135.174518869842,136.5502551215048,132.30769759811528,136.45144774129486,127.88086208853515
