date,la_paz_cpi,cochabamba_cpi,santa_cruz_cpi,cpi
2024-07-28,100.0,100.0,100.0,100.0
2024-07-29,100.0,100.0,100.0,100.0
2024-07-30,100.0,100.0,100.0,100.0
2024-07-31,100.0,100.0,100.0,100.0
2024-08-01,100.569111,100.574596,100.060609,100.35929360387681
2024-08-02,100.925908,100.867526,100.387127,100.69112339606184
2024-08-03,100.726086,100.672697,100.440431,100.5972466335052
2024-08-04,100.732478,100.680042,100.46968,100.61330294306424
2024-08-05,100.749319,100.685707,100.475577,100.6234336862043
2024-08-06,100.749684,100.68269,100.469251,100.62036667092416
2024-08-07,101.165522,100.91419,100.82447,100.97524617389871
2024-08-08,101.145499,100.91419,100.82447,100.96741769444861
2024-08-09,102.427114,102.501408,101.009011,101.85344215942905
2024-08-10,102.848749,102.890338,102.405988,102.67321076182037
2024-08-11,103.320526,103.375256,102.588229,103.02746640353543
2024-08-12,103.343899,103.367613,102.891457,103.1608725996145
2024-08-13,103.378348,103.428499,102.905605,103.19203948072412
2024-08-14,103.378348,103.428499,102.905605,103.19203948072412
2024-08-15,103.353434,103.432027,102.939867,103.19719322604479
2024-08-16,103.436922,103.474102,103.271117,103.3753847349773
2024-08-17,103.398198,103.458854,103.328988,103.38128173631854
2024-08-18,103.41188,103.505975,103.388734,103.42056471650926
2024-08-19,103.402615,103.509057,103.584753,103.4988331427207
2024-08-20,103.418222,103.515769,103.593364,103.50981040256536
2024-08-21,103.519343,103.653399,103.72304,103.62986768019479
2024-08-22,103.540151,103.698003,103.898077,103.71926052106687
2024-08-23,103.613394,103.809268,103.915685,103.77681897102337
2024-08-24,103.633494,104.010773,104.230271,103.95429560789364
2024-08-25,103.655516,104.039764,104.266123,103.98340726435421
2024-08-26,103.67557,104.052729,104.244093,103.98463094487843
2024-08-27,103.677056,104.066053,104.246421,103.98876638899975
2024-08-28,104.45772,104.610962,104.250703,104.40164364919511
2024-08-29,104.500672,104.652052,104.337249,104.46231290929612
2024-08-30,104.89891,105.072519,104.420601,104.73428243546303
2024-08-31,105.226769,105.414935,104.651604,105.02480242654225
2024-09-01,106.387805,106.765645,104.623987,105.72974245715
2024-09-02,106.437829,106.76911,104.869364,105.8517352649979
2024-09-03,106.438442,106.768736,104.869364,105.8519022599355
2024-09-04,106.594598,106.901445,104.992666,105.9898772155316
2024-09-05,106.627914,106.909817,105.94599,106.39988704967814
2024-09-06,106.683254,106.86428,106.132004,106.48981794463532
2024-09-07,106.645906,106.873703,106.309818,106.55078888572194
2024-09-08,106.641663,106.903433,106.310781,106.55530621979611
2024-09-09,106.652807,106.902941,106.287217,106.54979530261235
2024-09-10,106.677179,106.916111,106.286014,106.56138430467388
2024-09-11,106.68497,106.924482,106.345132,106.59057406023948
2024-09-12,106.629642,106.889483,106.247794,106.52177405055974
2024-09-13,106.656872,106.911505,106.451408,106.62114109463313
2024-09-14,106.513912,106.754857,106.543207,106.57287934432367
2024-09-15,106.613617,106.834444,106.596813,106.64955726688618
2024-09-16,106.615604,106.84744,106.728288,106.70738399873188
2024-09-17,106.600944,106.862161,106.731844,106.70598749303238
2024-09-18,106.726031,106.926426,106.806809,106.79846978105434
2024-09-19,106.756375,106.962841,106.834189,106.82876422955111
2024-09-20,106.765999,106.973907,106.834485,106.83479996853046
2024-09-21,106.760927,106.977433,106.797147,106.81801747453659
2024-09-22,106.764591,107.115172,106.780059,106.83912757432418
2024-09-23,106.78524,107.12644,106.791404,106.8540952377428
2024-09-24,106.7893,107.139242,106.78509,106.85555165608456
2024-09-25,106.79385,107.144032,106.802863,106.86563206160626
2024-09-26,106.780873,107.174421,106.803538,106.86674323888673
2024-09-27,106.782652,107.15846,106.807943,106.86616420098676
2024-09-28,106.799137,107.191591,106.915853,106.92379898335163
2024-09-29,106.818261,107.207802,106.982714,106.96215418501471
2024-09-30,107.030441,107.40914,107.124635,107.14309003285805
2024-10-01,106.938139,107.247128,106.997277,107.022704373922
2024-10-02,107.565755,107.893964,107.486504,107.59666309695255
2024-10-03,107.693528,108.129673,107.522218,107.70723104726797
2024-10-04,107.809761,108.261954,107.589861,107.80643136997432
2024-10-05,107.827746,108.287607,107.782339,107.89827113811802
2024-10-06,107.827659,108.287127,107.873074,107.93577298127063
2024-10-07,107.935624,108.378228,107.858549,107.98966273072693
2024-10-08,107.932764,108.36829,107.856181,107.98563143654584
2024-10-09,108.033265,108.53708,107.955973,108.09910771256928
2024-10-10,108.044472,108.538243,107.974043,108.11120923833101
2024-10-11,108.065761,108.54523,107.991519,108.12813789472196
2024-10-12,107.87734,108.349404,107.900635,107.978728037043
2024-10-13,107.946448,108.4246,107.993926,108.05904804547694
2024-10-14,107.920751,108.42277,108.00232,108.05212670246321
2024-10-15,108.062352,108.524684,108.143594,108.18588046736112
2024-10-16,108.060761,108.542423,108.145447,108.18947377735086
2024-10-17,108.149732,108.616555,108.29687,108.30146115020838
2024-10-18,108.150781,108.621335,108.323514,108.31384974443446
2024-10-19,108.165115,108.615888,108.346046,108.32773990726923
2024-10-20,108.148907,108.627322,108.309946,108.30865355148059
2024-10-21,108.10291,108.60674,108.314806,108.28868610661799
2024-10-22,108.092978,108.609734,108.320275,108.2876527907246
2024-10-23,108.059456,108.663563,108.391899,108.31470963601855
2024-10-24,108.083368,108.679033,108.405118,108.33254671898305
2024-10-25,108.115999,108.730842,108.431408,108.36627451154442
2024-10-26,108.133107,108.727722,108.433622,108.37327522829571
2024-10-27,108.162573,108.791058,108.385906,108.37731404367742
2024-10-28,108.167778,108.796269,108.398611,108.38563056887884
2024-10-29,108.163323,108.799405,108.408586,108.38863491557176
2024-10-30,108.341401,108.948075,108.591282,108.5629137675464
2024-10-31,108.344785,108.950877,108.591251,108.5647684282198
2024-11-01,108.284067,108.873272,108.631506,108.54264407226509
2024-11-02,108.581314,109.183758,108.75304,108.7695928138767
2024-11-03,108.806606,109.408529,108.763994,108.90589448458988
2024-11-04,108.841145,109.454854,108.776466,108.93357212826817
2024-11-05,108.840384,109.458246,108.781989,108.93622416855003
2024-11-06,108.871344,109.506298,108.854954,108.98792541920736
2024-11-07,108.847405,109.484505,108.854255,108.97404137755629
2024-11-08,108.892109,109.502029,108.88866,109.0091928572349
2024-11-09,108.57726,109.214761,108.897433,108.83391391201806
2024-11-10,108.582531,109.226582,108.95371,108.86161058129204
2024-11-11,108.598954,109.245437,108.949732,108.87004555370851
2024-11-12,108.594497,109.24301,108.951054,108.86837964072686
2024-11-13,108.61461,109.268821,109.020158,108.90991710709451
2024-11-14,108.642764,109.285419,109.03254,108.92928477004538
2024-11-15,108.64052,109.283746,109.00686,108.91743247081634
2024-11-16,108.658746,109.32253,109.007557,108.93238358595563
2024-11-17,108.653481,109.325454,108.987438,108.92254962896627
2024-11-18,108.659893,109.32683,109.017917,108.93796401416647
2024-11-19,108.637843,109.318472,109.023239,108.92992608876592
2024-11-20,108.67981,109.366959,109.187521,109.0238858105504
2024-11-21,108.768829,109.472816,109.225468,109.09499631741943
2024-11-22,108.787378,109.476198,109.239897,109.10888957735938
2024-11-23,108.484141,109.238091,109.250484,108.94845544507476
2024-11-24,108.512766,109.315126,109.283282,108.98821764790745
2024-11-25,108.520364,109.32704,109.25162,108.98037260015329
2024-11-26,108.533925,109.337098,109.27564,108.99759042824638
2024-11-27,108.560276,109.377608,109.337592,109.04145693237788
2024-11-28,108.611025,109.411824,109.324666,109.06258643670344
2024-11-29,108.759261,109.50736,109.333973,109.14296636170747
2024-11-30,108.797888,109.530131,109.311375,109.1531214653435
2024-12-01,108.369401,109.14555,109.264658,108.89149147162598
2024-12-02,108.503547,109.270315,109.295925,108.98114921840825
2024-12-03,108.525446,109.272391,109.285003,108.9855850429031
2024-12-04,109.067148,109.664963,109.236905,109.2537107749296
2024-12-05,109.077585,109.671576,109.24195,109.26116858839333
2024-12-06,109.120669,109.73007,109.291401,109.30988740970017
2024-12-07,108.808036,109.461847,108.961258,108.99862211205809
2024-12-08,108.767631,109.417842,108.980026,108.98205749793007
2024-12-09,108.77969,109.370084,109.183936,109.06205679915978
2024-12-10,108.783013,109.366179,109.197839,109.06836299898106
2024-12-11,108.806549,109.346251,109.240857,109.09153293204318
2024-12-12,108.699687,109.262356,109.322533,109.06732313149482
2024-12-13,108.681897,109.253265,109.245633,109.02670966478718
2024-12-14,108.785232,109.356454,109.34171,109.12700629696383
2024-12-15,108.923343,109.475416,109.3301,109.19930495295165
2024-12-16,108.897775,109.463447,109.161551,109.11708308411556
2024-12-17,108.89809,109.463597,109.161613,109.11726110000079
2024-12-18,108.95123,109.508631,109.164496,109.14798370392081
2024-12-19,108.986675,109.529284,109.173058,109.16940568257301
2024-12-20,108.986675,109.529284,109.173058,109.16940568257301
2024-12-21,108.986191,109.528981,109.200717,109.18062816524534
2024-12-22,109.015342,109.541376,109.208274,109.19756794235909
2024-12-23,109.05678,109.557023,109.219092,109.22129590517436
2024-12-24,109.060012,109.568163,109.24374,109.23494604451835
2024-12-25,109.15267,109.619172,109.293019,109.30152127908487
2024-12-26,109.19873,109.641999,109.309069,109.33062126550976
2024-12-27,109.396063,109.936351,109.741717,109.64439469213217
2024-12-28,109.345033,109.864479,109.70336,109.59457053865823
2024-12-29,109.373725,109.834841,109.742032,109.61606722543357
2024-12-30,109.381012,109.836179,109.822286,109.65245874749107
2024-12-31,109.380569,109.829129,109.834065,109.65580057582389
2025-01-01,109.129845,109.600554,110.05008,109.60294383913447
2025-01-02,109.927205,110.376121,109.959865,110.0279789264176
2025-01-03,109.947178,110.393814,109.959904,110.03924197678015
2025-01-04,110.084389,110.613912,109.971046,110.14027618630536
2025-01-05,110.358059,110.809628,109.987403,110.29208740894566
2025-01-06,110.358464,110.811916,110.036429,110.3130221341874
2025-01-07,110.667605,111.08563,110.234189,110.5690879514983
2025-01-08,110.666738,111.084603,110.234189,110.56854941926623
2025-01-09,110.743126,111.201368,110.272713,110.63708036455823
2025-01-10,110.721956,111.198244,110.271552,110.62771492611864
2025-01-11,110.767939,111.29245,110.300901,110.67616982655682
2025-01-12,110.738157,111.274282,110.237306,110.63462181129788
2025-01-13,110.66271,111.218499,110.243837,110.59699321585364
2025-01-14,110.415995,110.922341,110.200314,110.4249375781526
2025-01-15,110.458887,110.944008,110.286985,110.48186111520211
2025-01-16,110.459433,110.933703,110.355287,110.50839804672852
2025-01-17,110.45724,110.970478,110.407682,110.53641539988814
2025-01-18,110.513165,111.025017,110.408854,110.56936421745588
2025-01-19,110.528569,111.018412,110.448796,110.59066789143121
2025-01-20,110.553752,111.036267,110.474265,110.61454558827955
2025-01-21,110.552489,111.041138,110.471808,110.6139793231768
2025-01-22,110.596443,111.103921,110.572052,110.68493628990944
2025-01-23,110.59269,111.114249,110.582338,110.68974156204668
2025-01-24,110.599417,111.120453,110.576988,110.69135842939856
2025-01-25,110.608797,111.145169,110.617043,110.71643975364825
2025-01-26,110.614163,111.153742,110.666845,110.74085716623773
2025-01-27,110.632557,111.137611,110.696015,110.7570115408385
2025-01-28,110.636148,111.133887,110.697961,110.75849894988065
2025-01-29,110.806666,111.32257,110.759386,110.88730415300944
2025-01-30,110.848553,111.3149,110.812941,110.92440056900955
2025-01-31,110.904696,111.307159,110.720591,110.90654798878273
2025-02-01,110.86198,111.356606,110.715321,110.89726968201492
2025-02-02,111.285935,111.731312,110.881028,111.20455584578914
2025-02-03,111.42171,111.878104,110.920945,111.3027178608294
2025-02-04,111.421064,111.878647,110.921004,111.30259527046914
2025-02-05,111.445144,111.886409,110.961583,111.3303468782513
2025-02-06,111.441168,111.882771,111.061419,111.36948890516429
2025-02-07,111.480951,111.896049,111.092507,111.40051574699824
2025-02-08,111.361448,111.751576,111.055656,111.31043778888119
2025-02-09,111.350529,111.782683,111.138604,111.34661291920213
2025-02-10,111.284676,111.754829,111.120208,111.3078246552792
2025-02-11,111.32293,111.744828,111.138328,111.32835231128291
2025-02-12,111.329022,111.742375,111.139554,111.33076592205322
2025-02-13,111.355148,111.782176,111.203963,111.37542564412504
2025-02-14,111.316908,111.787211,111.242281,111.3773441743418
2025-02-15,111.165582,111.405631,111.25156,111.2478825080297
2025-02-16,111.065561,111.425552,111.253875,111.21360779744185
2025-02-17,111.133739,111.441215,111.296594,111.26102333315951
2025-02-18,111.133584,111.442689,111.296017,111.26100985634064
2025-02-19,111.279231,111.449891,111.356355,111.34437657431987
2025-02-20,111.231037,111.38005,111.429663,111.34236497324375
2025-02-21,111.136602,111.37604,111.379918,111.28403414623929
2025-02-22,111.128984,111.366569,111.415341,111.2939058179783
2025-02-23,111.207725,111.453637,111.426657,111.34630271583654
2025-02-24,111.176508,111.458863,111.435519,111.3387883397322
2025-02-25,111.161202,111.46305,111.435263,111.33351149981863
2025-02-26,111.248491,111.468398,111.470936,111.3834725487737
2025-02-27,111.29553,111.518188,111.509264,111.4274335198383
2025-02-28,111.294621,111.511311,111.552272,111.44357789149458
2025-03-01,111.117841,111.487434,111.491006,111.34441397679387
2025-03-02,111.163676,111.522784,111.626377,111.42534350968074
2025-03-03,111.162019,111.523498,111.627452,111.42528022145481
2025-03-04,111.157577,111.5197,111.625943,111.42217971564116
2025-03-05,111.157627,111.518617,111.630391,111.4238334759129
2025-03-06,111.162501,111.515584,111.630182,111.42506306408245
2025-03-07,111.358066,111.720066,111.756432,111.59361479491955
2025-03-08,111.382818,111.734852,111.861573,111.64976878100677
2025-03-09,111.425985,111.773585,111.863895,111.67513518878398
2025-03-10,111.318596,111.704632,111.876389,111.62493195682488
2025-03-11,111.490467,111.943292,111.875941,111.73831759751272
2025-03-12,111.55135,111.956815,111.844751,111.75181400989733
2025-03-13,111.462931,111.994978,111.866531,111.7336924255411
2025-03-14,111.474691,112.000875,111.883861,111.74662313993714
2025-03-15,111.503234,112.03589,111.878318,111.76228776007648
2025-03-16,111.388866,111.931918,111.808188,111.66828596146176
2025-03-17,111.382798,111.940602,111.805204,111.66636341812494
2025-03-18,111.388456,111.930449,111.802703,111.66556550955528
2025-03-19,111.426616,111.948836,111.828343,111.69469117025162
2025-03-20,111.460267,111.996149,111.832723,111.71885773767731
2025-03-21,111.641647,112.021779,111.860763,111.8063814551343
2025-03-22,111.520039,112.02335,111.902275,111.77635674038916
2025-03-23,111.545715,112.038073,111.939527,111.8047051871944
2025-03-24,111.557508,112.038054,111.975862,111.82438091000884
2025-03-25,111.536494,112.028615,111.992255,111.82112928886335
2025-03-26,111.728094,112.056433,112.028519,111.91648452950838
2025-03-27,111.71796,112.018338,112.186449,111.97061598851711
2025-03-28,111.936089,112.155747,112.249681,112.10882215495823
2025-03-29,112.123938,112.343037,112.408519,112.28453125044776
2025-03-30,112.200302,112.433022,112.56373,112.39624096186378
2025-03-31,112.422082,112.730195,112.591457,112.55219404835967
2025-04-01,112.139463,112.619551,112.478994,112.37355786835708
2025-04-02,113.950824,114.52429,112.86076,113.61018936031562
2025-04-03,114.178684,114.696644,112.944806,113.76762216774372
2025-04-04,114.278146,114.887059,112.980497,113.8583105791398
2025-04-05,114.303001,114.883102,113.183632,113.95150240355679
2025-04-06,114.19505,114.826539,114.335751,114.3761060591224
2025-04-07,114.203521,114.849361,114.453263,114.43258650958768
2025-04-08,114.06794,114.736149,114.449085,114.35584679360545
2025-04-09,114.083582,114.747765,114.516525,114.39218788294886
2025-04-10,114.082922,114.733115,114.526986,114.3934215119015
2025-04-11,114.089405,114.744084,114.581492,114.42069202954082
2025-04-12,114.371626,114.963414,114.595193,114.57933345355288
2025-04-13,114.508339,115.070064,114.749144,114.71735372975104
2025-04-14,114.51846,115.080315,114.751526,114.724290514071
2025-04-15,114.526213,115.091963,114.797702,114.74873493391915
2025-04-16,114.593619,115.157778,115.100957,114.91364180351351
2025-04-17,114.848145,115.420329,115.330408,115.1593281818069
2025-04-18,115.100304,115.630876,115.411134,115.33230574531179
2025-04-19,115.109112,115.701042,115.247436,115.28149553095238
2025-04-20,115.113889,115.756099,115.248194,115.29437575366299
2025-04-21,115.122134,115.707726,115.330627,115.32238609461442
2025-04-22,115.136697,115.731106,115.385148,115.35523350042631
2025-04-23,115.236382,115.740321,115.427469,115.41354949087102
2025-04-24,115.256927,115.781989,115.477557,115.45045083638047
2025-04-25,115.269091,115.773202,115.499872,115.46275359283419
2025-04-26,115.289537,115.887289,115.567753,115.52106706174749
2025-04-27,115.342627,115.954737,115.687786,115.60470921808562
2025-04-28,115.396627,115.977681,115.708235,115.6387606046892
2025-04-29,115.409925,115.990332,115.699584,115.64283031515438
2025-04-30,115.670445,116.227524,115.857747,115.85636848645308
2025-05-01,116.034552,116.611815,115.833889,116.06350271983621
2025-05-02,117.33421,117.943317,116.388562,117.06039222165793
2025-05-03,117.3332,117.944085,116.384933,117.05864156926063
2025-05-04,118.130079,118.401078,116.776716,117.6214777402331
2025-05-05,118.131018,118.406428,116.861706,117.65813102135837
2025-05-06,118.132084,118.407929,116.86238,117.65911897855923
2025-05-07,120.02302,119.12852,116.867486,118.54056279671033
2025-05-08,121.118748,121.560429,117.348377,119.64094368954024
2025-05-09,121.268426,121.696632,118.189866,120.07490745479274
2025-05-10,121.091397,121.618119,118.422776,120.0870288835556
2025-05-11,120.926849,121.637466,118.810523,120.18725850562976
2025-05-12,120.967087,121.709426,118.927722,120.26557729002977
2025-05-13,120.988829,121.730143,118.915914,120.27320644709113
2025-05-14,121.389066,122.150977,119.433923,120.72628743748012
2025-05-15,121.33508,122.156884,119.889656,120.89532721037922
2025-05-16,121.447261,122.234945,120.35718,121.14824423896107
2025-05-17,121.467092,122.255098,120.492451,121.21601245800991
2025-05-18,122.273661,123.119491,123.246319,122.84139058434644
2025-05-19,122.40321,123.363483,123.361501,122.98721892178833
2025-05-20,122.416132,123.393978,123.382818,123.00703707910372
2025-05-21,122.989072,123.864711,123.740966,123.47103975393446
2025-05-22,123.493498,124.469036,123.867624,123.83821133881449
2025-05-23,123.70337,124.658552,124.408481,124.1813922472729
2025-05-24,123.848335,124.830118,124.676158,124.38241657134151
2025-05-25,123.941316,124.907772,124.92231,124.53594161219846
2025-05-26,124.119428,125.122312,125.220996,124.7711357713842
2025-05-27,124.137081,125.159321,125.254955,124.79931219236397
2025-05-28,125.117787,126.496418,125.909779,125.71412089280454
2025-05-29,125.284863,127.053582,125.92494,125.89399394436185
2025-05-30,126.615677,128.035289,126.193187,126.71631056464562
2025-05-31,126.863444,128.055788,126.365502,126.88862583204963
2025-06-01,127.221757,128.900944,128.316776,128.00216196518707
2025-06-02,127.599765,128.761205,128.427041,128.16852906637033
2025-06-03,128.456907,129.834595,128.84067,128.88375914000318
2025-06-04,128.456907,129.834595,128.84067,128.88375914000318
2025-06-05,128.456907,129.834595,128.84067,128.88375914000318
2025-06-06,128.456907,129.834595,128.84067,128.88375914000318
2025-06-07,128.456907,129.834595,128.84067,128.88375914000318
2025-06-08,128.456907,129.834595,128.84067,128.88375914000318
2025-06-09,128.456907,129.834595,128.84067,128.88375914000318
2025-06-10,128.456907,129.834595,128.84067,128.88375914000318
2025-06-11,129.245225,130.624343,131.193374,130.3211286846524
2025-06-12,129.245225,130.624343,131.193374,130.3211286846524
2025-06-13,129.51438,130.796278,131.313017,130.50938795644106
2025-06-14,129.540238,130.808721,131.333156,130.53026752076542
2025-06-15,129.621638,130.958924,131.955606,130.84941802774154
2025-06-16,129.676932,131.040154,131.979104,130.89656541493096
2025-06-17,129.704379,131.053368,132.006246,130.92112029752536
2025-06-18,129.85264,131.298355,132.125292,131.07606034368592
2025-06-19,130.011258,131.491026,132.20739,131.20956125904405
2025-06-20,130.276915,131.889105,132.298405,131.42852273622452
2025-06-21,130.297529,131.8716,132.302691,131.4349583329176
2025-06-22,130.367403,131.917697,132.335634,131.4848963745261
2025-06-23,130.407722,131.931955,132.351996,131.5102161165857
2025-06-24,130.398502,131.842286,132.350774,131.4886808725101
2025-06-25,131.27337,132.644425,132.402741,132.0081477817493
2025-06-26,131.379133,132.653237,132.543491,132.1095817481422
2025-06-27,131.924026,133.250835,132.664102,132.48875998250355
2025-06-28,131.965695,133.347108,132.752765,132.5605282410484
2025-06-29,131.99281,133.375852,133.110412,132.72503621267688
2025-06-30,132.024265,133.436487,133.136493,132.75993253355733
2025-07-01,132.515391,133.870886,134.545096,133.62052693636915
2025-07-02,132.998934,133.907506,134.576898,133.82988427185126
2025-07-03,133.780035,134.794697,134.591324,134.31364843417938
2025-07-04,133.799025,135.13994,134.592071,134.38846736565364
2025-07-05,133.808089,135.16436,134.584409,134.39357869041294
2025-07-06,133.720654,135.105818,135.238504,134.61928122118277
2025-07-07,133.72259,135.128142,135.228669,134.6202972299803
2025-07-08,133.967501,135.341225,135.572639,134.90010490862647
2025-07-09,134.012951,135.357443,135.575111,134.92205120429492
2025-07-10,134.054925,135.432861,135.606848,134.966278310585
2025-07-11,134.074066,135.379873,135.935906,135.099930945287
2025-07-12,134.352769,135.391579,135.95863,135.22059524956836
2025-07-13,134.406988,135.705393,135.927011,135.28965816183864
2025-07-14,134.410305,135.724503,135.950836,135.30454888313278
2025-07-15,134.424509,135.289276,135.973352,135.23487057220396
2025-07-16,134.379681,135.432849,136.004015,135.25795819031083
2025-07-17,134.535587,135.442703,135.976997,135.3096234204491
2025-07-18,134.537247,135.497442,135.645586,135.1834678585246
2025-07-19,134.561375,135.904491,135.725332,135.30506724315927
2025-07-20,134.685575,135.871353,135.772952,135.36693588564435
2025-07-21,134.709441,135.989792,135.79775,135.40956498045418
2025-07-22,134.735211,136.044748,135.995685,135.51240547866456
2025-07-23,134.850512,136.088142,136.047817,135.5875370473764
2025-07-24,134.822529,136.139475,136.066151,135.59417435931374
2025-07-25,134.845222,136.145682,136.08143,135.61058925313242
2025-07-26,134.86291,136.234092,136.063816,135.62737906659243
2025-07-27,134.958202,136.233898,136.080052,135.67133140408401
2025-07-28,134.962204,136.235774,136.074513,135.6709635069605
2025-07-29,135.048574,136.374748,136.054578,135.7234688132725
2025-07-30,135.143988,136.435954,136.116895,135.79851001180188
2025-07-31,135.226713,136.495619,136.204049,135.87859096939363
2025-08-01,134.927641,136.104768,136.185868,135.6781748862291
2025-08-02,134.926889,136.408369,136.188161,135.73782484920682
2025-08-03,134.770519,136.005822,136.194642,135.6011566166693
2025-08-04,134.770519,136.005822,136.194642,135.6011566166693
2025-08-05,134.815597,136.061512,136.205763,135.634214182819
2025-08-06,134.785582,136.013854,136.200321,135.6109617339362
2025-08-07,134.785582,136.013854,136.200321,135.6109617339362
2025-08-08,134.777697,136.011112,136.199472,135.60699400754
2025-08-09,134.777834,136.012196,136.164418,135.5927207994089
2025-08-10,134.783538,135.987226,136.196444,135.60338061876985
2025-08-11,134.783538,135.987226,136.196444,135.60338061876985
2025-08-12,134.780412,135.984965,136.1851,135.59701457344337
2025-08-13,134.912629,136.170126,136.167726,135.67748161029584
2025-08-14,134.675287,136.024768,135.895025,135.44334922699522
2025-08-15,134.755259,136.081834,135.719772,135.41302480945578
2025-08-16,134.902016,136.243323,135.788857,135.5304326894366
2025-08-17,134.817507,136.130207,135.79133,135.4764377360807
2025-08-18,134.811272,136.121857,135.790549,135.47205362147605
2025-08-19,134.856104,136.103052,135.930399,135.54392559768687
2025-08-20,134.967488,136.245061,136.036606,135.65911339683532
2025-08-21,134.979804,136.290535,136.128902,135.71104123524282
2025-08-22,135.032848,136.328733,136.096721,135.72585644318755
2025-08-23,135.298099,136.604779,136.221858,135.9350977128063
2025-08-24,135.298099,136.604779,136.221858,135.9350977128063
2025-08-25,135.353853,136.648558,136.283914,135.9911383690136
2025-08-26,135.348644,136.648273,136.278131,135.9866481105545
2025-08-27,135.356806,136.697812,136.315766,136.0150730024553
2025-08-28,135.428549,136.76147,136.34449,136.0674043910234
2025-08-29,135.428312,136.720145,136.382179,136.07491200286444
2025-08-30,135.669563,136.938875,136.360638,136.2028032498752
2025-08-31,135.669563,136.938875,136.360638,136.2028032498752
2025-09-01,135.585306,136.844448,136.268187,136.11317193504118
2025-09-02,135.590931,136.848178,136.264009,136.11436326855537
2025-09-03,135.642503,136.855671,136.361413,136.17637742943975
2025-09-04,135.520539,136.800766,136.242849,136.0688537650481
2025-09-05,135.476383,136.799295,136.240646,136.05039045376185
2025-09-06,135.322846,136.669676,136.304885,135.99181586787265
2025-09-07,135.429438,136.854607,136.275332,136.05716868656356
2025-09-08,135.490586,136.877856,136.297963,136.0949789299208
2025-09-09,135.414816,136.81165,136.312422,136.05848660265264
2025-09-10,135.346892,136.777365,136.119332,135.94519086786644
2025-09-11,134.747229,136.240005,136.123663,135.60811914728518
2025-09-12,134.747229,136.240005,136.123663,135.60811914728518
2025-09-13,134.742642,136.192952,136.115985,135.59399865062593
2025-09-14,134.740678,136.192834,136.069147,135.573783446888
2025-09-15,134.73003,136.197389,136.080108,135.57505112540122
2025-09-16,134.72226,136.200974,136.079046,135.57226943299028
2025-09-17,134.779635,136.24561,135.90024,135.52922140052294
2025-09-18,134.753208,136.188894,135.901296,135.5083065132709
2025-09-19,134.608033,136.05457,135.836891,135.39873647915653
2025-09-20,134.599609,136.082347,135.847436,135.40521345503166
2025-09-21,134.568394,136.070824,135.840823,135.38802763667007
2025-09-22,134.575222,136.062727,135.816092,135.3788675665832
2025-09-23,134.564478,136.051999,135.812407,135.37105414576644
2025-09-24,134.523944,136.003193,135.818503,135.34825094536754
2025-09-25,134.545459,136.002481,135.819678,135.35701169869813
2025-09-26,134.492215,136.013327,135.759273,135.31325132408136
2025-09-27,134.506709,135.997113,135.857184,135.35637266569682
2025-09-28,134.506709,135.997113,135.857184,135.35637266569682
2025-09-29,134.565589,136.039114,135.891011,135.40158304482367
2025-09-30,134.650221,136.136468,135.895203,135.45532742960188
2025-10-01,134.529459,136.04685,135.816449,135.3580383835586
2025-10-02,135.130131,136.618756,136.012815,135.78544923914612
2025-10-03,135.064737,136.475624,136.007946,135.7300504850199
2025-10-04,135.047257,136.452461,135.864888,135.65938718793302
2025-10-05,135.055101,136.485143,135.855681,135.66498618802018
2025-10-06,135.063053,136.48446,135.778699,135.6360369439629
2025-10-07,135.067931,136.522967,136.355653,135.88469768785984
2025-10-08,135.126187,136.492752,136.357081,135.90219539314728
2025-10-09,135.135262,136.488477,136.392532,135.91961485207213
2025-10-10,134.85494,136.206037,136.265694,135.7025333535156
2025-10-11,134.513645,135.903715,136.169368,135.4704034543048
2025-10-12,134.52097,135.882736,136.163548,135.46677725065172
2025-10-13,134.427483,135.761647,136.148846,135.4006001645253
2025-10-14,134.423402,135.774585,136.159829,135.40607340502862
2025-10-15,134.451312,135.800499,136.186217,135.43296436454517
2025-10-16,134.498801,135.801132,136.202675,135.45847971697935
2025-10-17,134.43441,135.815649,136.251069,135.45619499857065
2025-10-18,134.413232,135.825686,136.257515,135.45253849412336
2025-10-19,134.405737,135.868434,136.210312,135.43833877875014
2025-10-20,134.414176,135.858441,136.227973,135.44702073494622
2025-10-21,134.410704,135.826006,136.236883,135.4430558993306
2025-10-22,134.405879,135.835056,136.24336,135.4456140695874
2025-10-23,134.425033,135.832987,136.250565,135.4556887812563
2025-10-24,134.426059,135.817728,136.269233,135.46086682006643
2025-10-25,134.36977,135.706601,136.271217,135.41808885221354
2025-10-26,134.387658,135.743911,136.275504,135.4341102288397
2025-10-27,134.392108,135.74356,136.275797,135.43590337289191
2025-10-28,134.394799,135.739565,136.273509,135.43523034519401
2025-10-29,134.429661,135.770561,136.277575,135.4565695884533
2025-10-30,134.44479,135.807167,136.315643,135.48538494500843
2025-10-31,134.481926,135.818187,136.311858,135.50047578185797
2025-11-01,134.223058,135.604841,136.221848,135.32048108459844
2025-11-02,134.763589,136.232486,136.507141,135.77208837969084
2025-11-03,134.726735,136.209302,136.590127,135.78759000704528
2025-11-04,134.726662,136.211348,136.589901,135.78786530087217
2025-11-05,134.739972,136.199618,136.630977,135.8078247166521
2025-11-06,134.868746,136.337763,136.666532,135.8997603274425
2025-11-07,134.868101,136.298647,136.445684,135.8003185920492
2025-11-08,134.486999,135.824494,136.299053,135.49837429449286
2025-11-09,134.415064,135.848695,136.303806,135.47692321507606
2025-11-10,134.394294,135.837975,136.304475,135.4669971071673
2025-11-11,134.405621,135.841966,136.192983,135.42596381140237
2025-11-12,134.307233,135.760179,136.128686,135.34493960415404
2025-11-13,134.337208,135.765975,136.125655,135.35652828743105
2025-11-14,134.318432,135.743821,136.126872,135.34538729319456
2025-11-15,134.332437,135.749608,136.088092,135.33590473582154
2025-11-16,134.334114,135.752779,136.109061,135.34587271019893
2025-11-17,134.26618,135.712895,136.087454,135.3026016179674
2025-11-18,134.257962,135.712976,136.071406,135.2927489903916
2025-11-19,134.217737,135.651002,135.956872,135.21748089335358
2025-11-20,134.220733,135.537812,135.747613,135.10987542462118
2025-11-21,134.077032,135.537632,135.739069,135.0501137219174
2025-11-22,134.076868,135.494934,135.725439,135.03610034835867
2025-11-23,134.065804,135.510204,135.728066,135.03583119336346
2025-11-24,134.048939,135.501679,135.632844,134.9880909574989
2025-11-25,134.040144,135.487941,135.627142,134.97961819006963
2025-11-26,133.644245,135.218201,135.634542,134.7754872549426
2025-11-27,133.643096,135.229196,135.678326,134.79533233870995
2025-11-28,133.611084,135.218328,135.651948,134.76976535390648
2025-11-29,133.621142,135.237757,135.666399,134.78346608408458
2025-11-30,133.66363,135.269255,135.634561,134.79299452970088
2025-12-01,133.234875,134.845433,135.503002,134.48844957993248
2025-12-02,133.23345,134.843008,135.664197,134.55427115353683
2025-12-03,133.478665,135.05189,135.440631,134.5980159348411
2025-12-04,133.884903,135.328934,135.420051,134.8021424637107
2025-12-05,133.962212,135.276024,135.173601,134.71988089342767
2025-12-06,133.906113,135.269612,135.095489,134.66430751555725
2025-12-07,133.762434,134.802397,135.104349,134.5210220362273
2025-12-08,133.480713,134.800757,135.109498,134.41269304601482
2025-12-09,133.495179,134.79615,135.120381,134.42196702864373
2025-12-10,133.388766,134.684935,134.881946,134.25986949886885
2025-12-11,133.366218,134.660039,134.68602,134.16496287237203
2025-12-12,133.330068,134.606301,134.616707,134.11164214972266
2025-12-13,133.298405,134.598218,134.269334,133.95363146533288
2025-12-14,133.290994,134.600351,134.267852,133.9505338129179
2025-12-15,133.296681,134.620002,134.293818,133.96734416962667
2025-12-16,133.286565,134.610166,134.267768,133.9506745146404
2025-12-17,133.281137,134.604662,134.229073,133.93143543713276
2025-12-18,133.1557,134.475798,133.79267,133.67637039963353
2025-12-19,133.121618,134.423179,133.824421,133.66598836014242
2025-12-20,133.0494,134.43479,133.819141,133.6378194272516
2025-12-21,133.061179,134.426364,133.837032,133.64820710758298
2025-12-22,133.061179,134.426364,133.837032,133.64820710758298
2025-12-23,133.051224,134.436369,133.850033,133.65165074439273
2025-12-24,133.075013,134.430317,133.856151,133.66231288644505
2025-12-25,133.081405,134.430114,133.881603,133.67532786479507
2025-12-26,133.098723,134.445769,133.894219,133.69037273753992
2025-12-27,133.105141,134.434261,133.913214,133.6985233825466
2025-12-28,133.093659,134.426678,133.903061,133.6883501570827
2025-12-29,133.115117,134.37922,133.90743,133.68932995795913
2025-12-30,133.116875,134.398508,134.395444,133.89615168285619
2025-12-31,133.094682,134.386058,134.327165,133.8567393195695
2026-01-01,133.901559,135.325794,134.081368,134.25287304033705
2026-01-02,133.903101,135.320185,134.115055,134.2663565219853
2026-01-03,133.878662,135.320573,134.114819,134.2567790198515
2026-01-04,133.88109,135.311508,134.003558,134.20982531706576
2026-01-05,133.879141,135.309662,134.000113,134.20727591809728
2026-01-06,133.898724,135.258836,133.888509,134.15877250862556
2026-01-07,133.813428,135.258876,133.888506,134.12543048859644
2026-01-08,133.72712,135.09572,133.795531,134.02142516939756
2026-01-09,133.651268,135.171537,133.797099,134.00715133770217
2026-01-10,133.668905,135.171689,133.767776,134.0019158120603
2026-01-11,133.668905,135.171689,133.767776,134.0019158120603
2026-01-12,132.80156,134.411602,133.670828,133.47490709555385
2026-01-13,132.795254,134.430755,133.689387,133.48385993906695
2026-01-14,133.018994,134.231304,133.824019,133.58841485642614
2026-01-15,132.99372,134.23379,133.774296,133.55839557501184
2026-01-16,132.999342,134.234303,133.757159,133.5535863506745
2026-01-17,132.999332,134.201404,133.760268,133.54847914866207
2026-01-18,132.953837,134.156229,133.670059,133.48450278056376
2026-01-19,132.97479,134.211236,133.689878,133.5116025634101
2026-01-20,133.04669,134.278462,133.733715,133.57095621826647
2026-01-21,133.043885,134.23556,133.63965,133.5225130749044
2026-01-22,132.968196,134.186571,133.566111,133.45290381681613
2026-01-23,132.95845,134.223664,133.534663,133.4432590172521
2026-01-24,132.961624,134.236429,133.534258,133.4468123912498
2026-01-25,132.992613,134.217022,133.532729,133.45452320191868
2026-01-26,133.005398,134.205789,133.525843,133.45448338817562
2026-01-27,133.015963,134.18526,133.526824,133.45503185524944
2026-01-28,132.951303,134.014104,133.389691,133.33962289392736
2026-01-29,132.669931,133.736415,133.378703,133.1710987280561
2026-01-30,132.648797,133.785706,133.4031,133.18253145461176
2026-01-31,132.701779,133.809413,130.637958,132.06110789262584
2026-02-01,133.439392,134.666465,130.671941,132.53012359399742
2026-02-02,133.444752,134.666337,130.68177,132.53627057429435
2026-02-03,133.462084,134.695263,130.677515,132.54690297324464
2026-02-04,133.427494,134.718642,130.646084,132.5248870750134
2026-02-05,133.426393,134.724488,130.611586,132.5112857312552
2026-02-06,133.098691,134.381219,130.525661,132.28082733735363
2026-02-07,132.77823,134.109851,130.472835,132.08089778679616
2026-02-08,132.779178,134.048593,130.407662,132.04233712976378
2026-02-09,132.76954,134.057945,130.410615,132.0416107682347
2026-02-10,132.728697,134.017906,130.318397,131.97961803289024
2026-02-11,132.690256,134.056561,130.327978,131.97607306260767
2026-02-12,132.526507,133.929224,130.261734,131.8598360622164
2026-02-13,132.52888,133.908029,130.247566,131.85076974508394
2026-02-14,132.397004,133.807734,130.151611,131.73992724534196
2026-02-15,132.409621,133.819273,130.13157,131.73879102932017
2026-02-16,132.409951,133.818678,130.140198,131.74238259314865
2026-02-17,132.411814,133.840416,130.138341,131.74656478743475
2026-02-18,132.414533,133.835495,130.140547,131.74758650228142
2026-02-19,132.166319,133.502412,130.120076,131.57732985821906
2026-02-20,132.123608,133.507972,130.108718,131.55700099404308
2026-02-21,132.038167,133.39591,130.11077,131.50267186162154
2026-02-22,131.966328,133.397516,130.101276,131.47095941852314
2026-02-23,131.963201,133.434796,130.13136,131.48945703177856
2026-02-24,131.961066,133.441793,130.116315,131.4837425152678
2026-02-25,131.931207,133.436369,129.850851,131.36092267811358
2026-02-26,131.935748,133.466676,129.893015,131.38607310371128
2026-02-27,131.922127,133.455934,129.892637,131.37850359043827
2026-02-28,131.869879,133.446227,129.879761,131.35084992003215
2026-03-01,131.80029,133.316737,129.796294,131.2638660837146
2026-03-02,132.097596,133.590036,130.025715,131.5283543587296
2026-03-03,132.075034,133.496664,129.746689,131.3856738323307
2026-03-04,131.957489,133.489864,129.769413,131.34781941091933
2026-03-05,132.041795,133.477374,129.621418,131.31697826540363
2026-03-06,131.354764,132.724858,129.606697,130.89603956291984
2026-03-07,131.257564,132.633254,129.27762,130.70376415546468
2026-03-08,131.245841,132.647865,129.270725,130.69916038516465
2026-03-09,131.262568,132.624217,129.27445,130.70264995677022
2026-03-10,131.273458,132.566491,129.153476,130.64552118527772
2026-03-11,131.275399,132.712781,129.143146,130.67042183133452
2026-03-12,131.275399,132.712781,129.143146,130.67042183133452
2026-03-13,131.2622,132.71387,128.75912,130.50621178508666
2026-03-14,130.908733,132.671926,128.754106,130.3577856913941
2026-03-15,131.190005,132.691184,128.78048,130.4824355541961
2026-03-16,131.126515,132.512006,128.798235,130.43015958101955
2026-03-17,130.835206,132.396344,128.811938,130.29947366039676
2026-03-18,130.775572,132.401748,128.741901,130.2481629880125
2026-03-19,130.735531,132.303068,128.743362,130.21393926559492
2026-03-20,130.700453,132.255222,128.670001,130.1605037836636
2026-03-21,130.714299,132.275765,128.606353,130.14351319339184
2026-03-22,130.720723,132.292603,128.615533,130.15310370225177
2026-03-23,130.723201,132.292896,128.652723,130.16955270499537
2026-03-24,130.705631,132.264223,128.623322,130.14491878101285
2026-03-25,130.688281,132.267048,128.531587,130.10064046296554
2026-03-26,130.686437,132.26357,128.450338,130.0655485476111
2026-03-27,130.675419,132.276716,128.260238,129.98495796424916
2026-03-28,130.664442,132.271012,128.28691,129.9906191556684
2026-03-29,130.267684,131.796276,128.284373,129.7421983627057
2026-03-30,130.294198,131.814554,128.341868,129.77996028907418
2026-03-31,130.281326,131.79274,128.714042,129.92503494888683
2026-04-01,130.59899,132.099156,128.61853,130.06916322749174
2026-04-02,130.592881,132.126244,128.619712,130.07252845607073
2026-04-03,130.591776,132.133267,128.624778,130.07556202010852
2026-04-04,130.585065,132.113089,128.653197,130.08080315605397
2026-04-05,130.525693,132.066139,128.659317,130.05100537530788
2026-04-06,130.782105,132.341652,128.65882,130.20458500353655
2026-04-07,130.79382,132.325103,128.657721,130.2054938428516
2026-04-08,130.643612,132.283599,128.058492,129.89019267887673
2026-04-09,130.575125,132.217624,127.954529,129.80748137391544
2026-04-10,130.019971,131.722681,127.766624,129.41633055180714
2026-04-11,130.031483,131.711386,127.599879,129.3494851227031
2026-04-12,130.040047,131.71141,127.708898,129.3980498590983
2026-04-13,130.028337,131.699903,127.716098,129.39422155691548
2026-04-14,129.917347,131.599786,127.567606,129.26979167507545
2026-04-15,129.850708,131.525961,127.450172,129.1806909287369
2026-04-16,129.87342,131.54069,127.410715,129.17606935286543
2026-04-17,129.866605,131.559329,127.348124,129.15106922653865
2026-04-18,129.810018,131.565432,127.348167,129.1301488740691
2026-04-19,129.807273,131.562152,127.32233,129.11772332861148
2026-04-20,129.805548,131.557857,127.317382,129.1141623240767
2026-04-21,129.770939,131.522062,127.23846,129.06094562405275
2026-04-22,129.734812,131.499691,127.255867,129.04969289735033
2026-04-23,129.712362,131.482362,127.240899,129.0313408588124
2026-04-24,129.741502,131.486378,127.20611,129.02908669923275
2026-04-25,129.698623,131.523945,127.165319,129.00270517160882
2026-04-26,129.699166,131.552539,127.09828,128.980671550823
