,Synthetic_National,Synthetic_National_Inflation,Synthetic_LaPaz,Synthetic_LaPaz_Inflation,Synthetic_Cochabamba,Synthetic_Cochabamba_Inflation,Synthetic_SantaCruz,Synthetic_SantaCruz_Inflation,Official_National,Official_National_Inflation,Official_National_Overall,Official_National_Overall_Inflation,Official_LaPaz,Official_LaPaz_Inflation,Official_Cochabamba,Official_Cochabamba_Inflation,Official_SantaCruz,Official_SantaCruz_Inflation
Synthetic_National,1.000000,-0.255533,0.999638,-0.255382,0.999741,-0.246075,0.999380,-0.255262,0.965237,-0.261600,0.925952,-0.207192,0.918691,-0.149509,0.970735,-0.246523,0.981061,-0.445101
Synthetic_National_Inflation,-0.255533,1.000000,-0.265111,0.992650,-0.268657,0.996087,-0.239612,0.989969,-0.276442,0.668704,-0.361195,0.707767,-0.299126,0.445159,-0.217744,0.647277,-0.228659,0.775398
Synthetic_LaPaz,0.999638,-0.265111,1.000000,-0.263289,0.999864,-0.254916,0.998088,-0.266528,0.965882,-0.273480,0.929649,-0.220197,0.921091,-0.157642,0.969886,-0.257725,0.979626,-0.456838
Synthetic_LaPaz_Inflation,-0.255382,0.992650,-0.263289,1.000000,-0.267793,0.995893,-0.241408,0.966010,-0.271838,0.642031,-0.359655,0.688912,-0.297095,0.419723,-0.213176,0.617014,-0.220439,0.763470
Synthetic_Cochabamba,0.999741,-0.268657,0.999864,-0.267793,1.000000,-0.258425,0.998404,-0.269154,0.967124,-0.275344,0.931247,-0.221428,0.922441,-0.159157,0.971049,-0.258647,0.980418,-0.459686
Synthetic_Cochabamba_Inflation,-0.246075,0.996087,-0.254916,0.995893,-0.258425,1.000000,-0.231251,0.975937,-0.273321,0.657400,-0.362535,0.702589,-0.296786,0.434078,-0.214095,0.633968,-0.224011,0.770014
Synthetic_SantaCruz,0.999380,-0.239612,0.998088,-0.241408,0.998404,-0.231251,1.000000,-0.237354,0.962513,-0.243249,0.918705,-0.187595,0.913443,-0.136864,0.970196,-0.229627,0.981535,-0.426249
Synthetic_SantaCruz_Inflation,-0.255262,0.989969,-0.266528,0.966010,-0.269154,0.975937,-0.237354,1.000000,-0.278066,0.688311,-0.356898,0.717069,-0.297826,0.466605,-0.220384,0.671221,-0.234820,0.777887
Official_National,0.965237,-0.276442,0.965882,-0.271838,0.967124,-0.273321,0.962513,-0.278066,1.000000,-0.211465,0.983695,-0.170346,0.986993,-0.091475,0.996719,-0.177292,0.980268,-0.453245
Official_National_Inflation,-0.261600,0.668704,-0.273480,0.642031,-0.275344,0.657400,-0.243249,0.688311,-0.211465,1.000000,-0.290823,0.960402,-0.166156,0.933555,-0.176159,0.956349,-0.231633,0.651343
Official_National_Overall,0.925952,-0.361195,0.929649,-0.359655,0.931247,-0.362535,0.918705,-0.356898,0.983695,-0.290823,1.000000,-0.252921,0.982063,-0.156051,0.972145,-0.241387,0.946646,-0.519790
Official_National_Overall_Inflation,-0.207192,0.707767,-0.220197,0.688912,-0.221428,0.702589,-0.187595,0.717069,-0.170346,0.960402,-0.252921,1.000000,-0.131449,0.904504,-0.131229,0.928166,-0.186745,0.587304
Official_LaPaz,0.918691,-0.299126,0.921091,-0.297095,0.922441,-0.296786,0.913443,-0.297826,0.986993,-0.166156,0.982063,-0.131449,1.000000,-0.025200,0.977736,-0.128900,0.937307,-0.480209
Official_LaPaz_Inflation,-0.149509,0.445159,-0.157642,0.419723,-0.159157,0.434078,-0.136864,0.466605,-0.091475,0.933555,-0.156051,0.904504,-0.025200,1.000000,-0.075363,0.858467,-0.135084,0.377538
Official_Cochabamba,0.970735,-0.217744,0.969886,-0.213176,0.971049,-0.214095,0.970196,-0.220384,0.996719,-0.176159,0.972145,-0.131229,0.977736,-0.075363,1.000000,-0.133465,0.982751,-0.413807
Official_Cochabamba_Inflation,-0.246523,0.647277,-0.257725,0.617014,-0.258647,0.633968,-0.229627,0.671221,-0.177292,0.956349,-0.241387,0.928166,-0.128900,0.858467,-0.133465,1.000000,-0.215656,0.595715
Official_SantaCruz,0.981061,-0.228659,0.979626,-0.220439,0.980418,-0.224011,0.981535,-0.234820,0.980268,-0.231633,0.946646,-0.186745,0.937307,-0.135084,0.982751,-0.215656,1.000000,-0.385947
Official_SantaCruz_Inflation,-0.445101,0.775398,-0.456838,0.763470,-0.459686,0.770014,-0.426249,0.777887,-0.453245,0.651343,-0.519790,0.587304,-0.480209,0.377538,-0.413807,0.595715,-0.385947,1.000000
