date,id,ine_division_old,ine_division_new,source
2026-09-29,617132,,"Muebles, Bienes y Servicios Domésticos",subcategory
2026-09-29,660396,,"Muebles, Bienes y Servicios Domésticos",subcategory
2026-09-29,660428,,"Muebles, Bienes y Servicios Domésticos",subcategory
2026-09-29,674918,,Alimentos y Bebidas No Alcohólicas,subcategory
2026-09-30,161951,,Alimentos y Bebidas No Alcohólicas,subcategory
2026-09-30,162188,,Alimentos y Bebidas No Alcohólicas,subcategory
2026-09-30,162189,,Alimentos y Bebidas No Alcohólicas,subcategory
2026-09-30,162190,,Alimentos y Bebidas No Alcohólicas,subcategory
2026-09-30,660534,,Bienes y Servicios Diversos,subcategory
2026-09-30,810075,,Bienes y Servicios Diversos,subcategory
2026-10-01,280181,,Bienes y Servicios Diversos,subcategory
2026-10-01,280218,,"Muebles, Bienes y Servicios Domésticos",subcategory
2026-10-01,280233,,Bienes y Servicios Diversos,subcategory
2026-10-01,280234,,Bienes y Servicios Diversos,subcategory
2026-10-01,280235,,Bienes y Servicios Diversos,subcategory
2026-10-01,280236,,Bienes y Servicios Diversos,subcategory
2026-10-01,280237,,Bienes y Servicios Diversos,subcategory
2026-10-01,280238,,Bienes y Servicios Diversos,subcategory
2026-10-01,280239,,Bienes y Servicios Diversos,subcategory
2026-10-01,280240,,Bienes y Servicios Diversos,subcategory
2026-10-01,280241,,Bienes y Servicios Diversos,subcategory
2026-10-01,280242,,Bienes y Servicios Diversos,subcategory
2026-10-01,280243,,Bienes y Servicios Diversos,subcategory
2026-10-01,280244,,Bienes y Servicios Diversos,subcategory
2026-10-01,280245,,Bienes y Servicios Diversos,subcategory
2026-10-01,280246,,Bienes y Servicios Diversos,subcategory
2026-10-01,280247,,Bienes y Servicios Diversos,subcategory
2026-10-01,60040,,Alimentos y Bebidas No Alcohólicas,subcategory
2026-10-01,609502,,"Muebles, Bienes y Servicios Domésticos",subcategory
2026-10-01,660424,,"Muebles, Bienes y Servicios Domésticos",subcategory
2026-10-01,660525,,"Muebles, Bienes y Servicios Domésticos",subcategory
2026-10-01,69126,,Alimentos y Bebidas No Alcohólicas,subcategory
2026-10-01,760311,,Alimentos y Bebidas No Alcohólicas,subcategory
2026-10-01,768732,,Alimentos y Bebidas No Alcohólicas,subcategory
2026-10-02,550413,,Bebidas Alcohólicas y Tabaco,subcategory
2026-10-02,674919,,Alimentos y Bebidas No Alcohólicas,subcategory
2026-10-04,162145,,Alimentos y Bebidas No Alcohólicas,subcategory
2026-10-04,231777,,"Muebles, Bienes y Servicios Domésticos",subcategory
2026-10-04,280112,,"Muebles, Bienes y Servicios Domésticos",subcategory
2026-10-04,280428,,Bienes y Servicios Diversos,subcategory
2026-10-04,339340,,"Muebles, Bienes y Servicios Domésticos",subcategory
2026-10-04,554156,,Alimentos y Bebidas No Alcohólicas,subcategory
2026-10-04,660394,,"Muebles, Bienes y Servicios Domésticos",subcategory
2026-10-05,660293,,Bienes y Servicios Diversos,subcategory
2026-10-05,760347,,Alimentos y Bebidas No Alcohólicas,subcategory
2026-10-05,791531,,Alimentos y Bebidas No Alcohólicas,subcategory
2026-10-06,30462,,Alimentos y Bebidas No Alcohólicas,subcategory
2026-10-06,327769,,Alimentos y Bebidas No Alcohólicas,subcategory
2026-10-06,327770,,Alimentos y Bebidas No Alcohólicas,subcategory
2026-10-06,327772,,Alimentos y Bebidas No Alcohólicas,subcategory
2026-10-06,362999,,Alimentos y Bebidas No Alcohólicas,subcategory
2026-10-06,363014,,Alimentos y Bebidas No Alcohólicas,subcategory
2026-10-06,554167,,Alimentos y Bebidas No Alcohólicas,subcategory
2026-10-06,554186,,Bebidas Alcohólicas y Tabaco,subcategory
2026-10-06,554191,,Alimentos y Bebidas No Alcohólicas,subcategory
2026-10-06,554192,,Alimentos y Bebidas No Alcohólicas,subcategory
2026-10-06,554193,,Alimentos y Bebidas No Alcohólicas,subcategory
2026-10-06,554194,,Alimentos y Bebidas No Alcohólicas,subcategory
2026-10-06,554195,,Alimentos y Bebidas No Alcohólicas,subcategory
2026-10-06,554196,,Alimentos y Bebidas No Alcohólicas,subcategory
2026-10-06,554197,,Alimentos y Bebidas No Alcohólicas,subcategory
2026-10-06,660522,,"Muebles, Bienes y Servicios Domésticos",subcategory
2026-10-06,675952,,Alimentos y Bebidas No Alcohólicas,subcategory
2026-10-06,69136,,Alimentos y Bebidas No Alcohólicas,subcategory
2026-10-06,69143,,Alimentos y Bebidas No Alcohólicas,subcategory
2026-10-06,69156,,Alimentos y Bebidas No Alcohólicas,subcategory
2026-10-06,69157,,Alimentos y Bebidas No Alcohólicas,subcategory
2026-10-06,69163,,Alimentos y Bebidas No Alcohólicas,subcategory
2026-10-06,69164,,Bebidas Alcohólicas y Tabaco,subcategory
2026-10-06,69165,,Excluido (temporada),subcategory
2026-10-06,69168,,Alimentos y Bebidas No Alcohólicas,subcategory
2026-10-06,69169,,Alimentos y Bebidas No Alcohólicas,subcategory
2026-10-06,69170,,Alimentos y Bebidas No Alcohólicas,subcategory
2026-10-06,69173,,Alimentos y Bebidas No Alcohólicas,subcategory
2026-10-06,69180,,Alimentos y Bebidas No Alcohólicas,subcategory
2026-10-06,69182,,Alimentos y Bebidas No Alcohólicas,subcategory
2026-10-06,69186,,Alimentos y Bebidas No Alcohólicas,subcategory
2026-10-06,69187,,Alimentos y Bebidas No Alcohólicas,subcategory
2026-10-06,920791,,Recreación y Cultura,subcategory
2026-10-06,936341,,Recreación y Cultura,subcategory
